main_question,golden_answer,selected_documents,sub_question_1,sub_question_2,sub_question_3
"What are the typical assumptions made by existing agent modeling approaches, as mentioned in the text?", Existing agent modeling approaches typically assume availability of local observations from modeled agents during training or long observation trajectories for policy adaption.,doc_0_0,What are the typical assumptions made by existing agent modeling approaches?,Which assumptions are mentioned in the text for these approaches?,How do these assumptions impact the modeling of agents?
"According to the text, what is the purpose of extracting meaningful policy representations from modeled agents?", The purpose of extracting meaningful policy representations from modeled agents is to enhance the ego agent's adaptive policy trained by reinforcement learning.,doc_0_0,What are meaningful policy representations?,Why is it important to extract these representations from modeled agents?,How does the purpose of this extraction relate to the text?
What are the constrictive assumptions that CLAM aims to remove?, CLAM aims to remove the need for long observation trajectories or local observations from modeled agents during training.,doc_0_1,What are the assumptions that CLAM aims to remove?,What does CLAM stand for?,Why are these assumptions considered constrictive?
In which types of multi-agent environments was the efficacy of CLAM evaluated?, CLAM was evaluated in both cooperative and competitive multi-agent environments.,doc_0_1,What are the types of multi-agent environments?,In which environments was CLAM evaluated?,Was CLAM's efficacy measured in these environments?
What is the main challenge mentioned in the text regarding multi-agent systems?, Maintaining effective and flexible responses when facing different types of agents in a multi-agent environment.,doc_0_2,What are the challenges mentioned in the text regarding multi-agent systems?,Are there multiple challenges mentioned in the text regarding multi-agent systems?,Which challenge is considered the main one among those mentioned in the text regarding multi-agent systems?
"According to the text, what role does agent modeling play in creating intelligent machine agents?", Agent modeling plays a significant role in creating intelligent machine agents by enabling them to develop adaptive policies for multi-agent systems.,doc_0_2,What is the role of agent modeling in creating intelligent machine agents?,How does agent modeling contribute to the creation of intelligent machine agents?,What impact does agent modeling have on the development of intelligent machine agents?
What is the significance of comprehending behaviors and policies of different agents in creating intelligent machine agents with adaptive policies for multi-agent systems?, Comprehending behaviors and policies of different agents enables intelligent machine agents with adaptive policies in multi-agent systems.,doc_0_3,What are the behaviors of different agents?,What are the policies of different agents?,How do these behaviors and policies contribute to creating intelligent machine agents with adaptive policies for multi-agent systems?
"Who are the authors affiliated with, and what are their email addresses?"," The authors are affiliated with the Australian AI Centre at the University of Technology Sydney. Their email addresses are wenhao.ma@student.uts.edu.au, yu-cheng.chang@uts.edu.au, jie.yang-1@uts.edu.au, and yukai.wang@uts.edu.au.",doc_0_3,Who are the authors?,What institutions are they affiliated with?,What are their email addresses?
What is the primary purpose of agent modeling in multi-agent systems?, The primary purpose of agent modeling in multi-agent systems is to enable an ego agent to comprehend and predict the policies of other agents present in the system. This capacity enhances decision-making by allowing the ego agent to adapt its behavior according to the modeled agents' policies.,doc_0_4,What are agent models?,How do agents interact in multi-agent systems?,What is the significance of modeling in multi-agent systems?
How are distinctive policy representations generated according to the text?, Distinctive policy representations are generated using observation signals from both the ego agent and modeled agents through deep neural network models.,doc_0_4,What are the distinctive policy representations?,How are they generated?,According to what text?
What architecture does LIAM follow to learn modeled agents’ policies?, LIAM follows an encoder-decoder architecture to learn modeled agents' policies by reconstructing local observations.,doc_0_5,What type of architecture does LIAM use?,How does LIAM learn modeled agents' policies?,What are the specific components or methods used by LIAM for learning?
Why is it significant that LIAM relies solely on the ego agent’s local observation during execution?, LIAM relies solely on the ego agent’s local observation during execution because it builds predictive capability based on these observations to understand the policies of modeled agents.,doc_0_5,What are the implications of LIAM relying solely on local observation?,How does this dependence affect the execution process?,Why is the ego agent's perspective crucial in this context?
Why does the LIAM model rely solely on the ego agent’s local observation during execution?," The LIAM model relies solely on the ego agent’s local observation during execution due to the difficulty of obtaining observational information from other agents' perspectives, especially in human-autonomy collaboration.",doc_0_6,Why does the LIAM model use only local observations?,What is the role of the ego agent in the LIAM model?,How does relying on local observation affect the execution of the LIAM model?
What method is proposed to address the challenges of obtaining observational information from a human’s perspective for agent modeling tasks?, A self-supervised representation learning method employing attention mechanisms and contrastive learning to encode ego agent's local observations.,doc_0_6,What challenges are there in obtaining observational information from a human’s perspective for agent modeling tasks?,How does the proposed method address these challenges?,What is the proposed method?
What are the two main modules of the CLAM model?, The two main modules of the CLAM model are a Transformer encoder module and an attention pooling module.,doc_0_8,What is the first main module of the CLAM model?,What is the second main module of the CLAM model?,Are there any other modules in the CLAM model besides these two main ones?
How does the training strategy for CLAM differ from traditional symmetric sample augmentation techniques?," The training strategy for CLAM uses an asymmetric sample augmentation technique to create positive sample pairs, while traditional methods employ symmetric sample augmentation.",doc_0_8,What are the key differences in training strategy between CLAM and traditional symmetric sample augmentation techniques?,How does the training strategy for CLAM enhance or differ from traditional methods in terms of data augmentation?,What specific aspects of the training process distinguish CLAM from conventional symmetric sample augmentation approaches?
What is the advantage of the novel method over symmetric sample augmentation techniques in terms of policy representations?, The novel method provides more accurate policy representations than symmetric sample augmentation techniques.,doc_0_9,What are the advantages of the novel method in terms of policy representations?,How does the novel method compare to symmetric sample augmentation techniques in terms of policy representations?,What specific aspects of policy representations are improved by the novel method compared to symmetric sample augmentation techniques?
How does the unified training architecture improve the efficiency and deployability of the framework?, The unified training architecture improves efficiency by concurrently training models and enables real-time policy representation generation.,doc_0_9,How does the unified training architecture improve the efficiency of the framework?,What aspects of deployability are enhanced by the unified training architecture?,In what ways does the unified training architecture facilitate easier deployment of the framework?
What architecture did the model proposed by [6] use for jointly learning the adaptive policy and agent modeling model?, The model proposed by [6] used a neural network-based architecture.,doc_0_10,What model did the paper by [6] propose?,What architecture was used for joint learning in this model?,How were the adaptive policy and agent modeling integrated within this architecture?
How does the approach described in [8] differ from the one in [7] with regard to leveraging historical observation information?," The approach in [8] uses a recurrent encoder to better leverage historical observation information, while [7] uses an average pooling method.",doc_0_10,How does the approach in [8] leverage historical observation information?,How does the approach in [7] leverage historical observation information?,What are the differences between these two approaches in leveraging historical observation information?
What is the key distinction between the approach described in the text and other agent modeling approaches?, The key distinction between our approach and other agent modeling approaches is that we rely solely on observations from the ego agent and adapt the policy within a few steps.,doc_0_11,What are the key features of the approach described in the text?,How do other agent modeling approaches differ from each other?,What specific aspects set the approach described in the text apart from these other methods?
"How does representation learning typically serve in reinforcement learning, according to the text?"," In reinforcement learning, representation learning typically serves to transform high-dimensional observations into low-dimensional feature representations, enhancing policy training efficiency in complex environments.",doc_0_11,How does representation learning typically serve in reinforcement learning?,"What is the role of representation learning in reinforcement learning, according to the text?","How is representation learning used in reinforcement learning, as described in the text?"
What method does [13] use to learn task-related state features from high-dimensional sensor data?, [13] trains a variational autoencoder to learn task-related state features from high-dimensional sensor data.,doc_0_12,What sensor data does [13] use?,How is the task related to the state features in [13]?,What method does [13] employ for learning from high-dimensional data?
"How does M-CURL, as described in [15], improve upon the existing CURL method?", M-CURL improves upon CURL by incorporating masked pre-training and a Transformer module to capture temporal correlations among consecutive frames.,doc_0_12,What are the limitations of the existing CURL method?,How does M-CURL address these limitations?,What specific improvements does M-CURL offer over the existing CURL method?
What module is used to capture correlations among consecutive frames in video data?, The Transformer module,doc_0_13,What module captures correlations?,Among what data is it used?,In which domain is the data consecutive?
Which technique has been explored to facilitate policy adaptation across tasks or domains?, Meta-learning techniques have been explored to facilitate policy adaptation across tasks or domains.,doc_0_13,Which techniques have been explored for policy adaptation?,What are the tasks or domains where these techniques have been applied?,How do these techniques facilitate adaptation across tasks or domains?
What is the underlying principle of contrastive learning?, The underlying principle of contrastive learning revolves around maximizing similarity between positive pairs and minimizing it for negative pairs.,doc_0_14,What are the key components of contrastive learning?,How does contrastive learning work in practice?,What are the benefits and limitations of contrastive learning?
"Which domains has contrastive learning been extensively explored in, according to the text?", Contrastive learning has been extensively explored in computer vision and natural language processing.,doc_0_14,Which domains have contrastive learning been explored in?,In which domains has contrastive learning been extensively explored?,"According to the text, which domains has contrastive learning been explored in?"
"What does the tuple (I, S, A, O, P, R) represent in the context of the Partially Ob- servable Stochastic Game (POSG)?"," The tuple (I, S, A, O, P, R) in a Partially Ob- servable Stochastic Game (POSG) represents N agents (I), states (S), joint action space (A), joint observation space (O), state transition and observation probabilities (P), and the reward function (R).",doc_0_16,"What does I represent in the tuple (I, S, A, O, P, R) within a Partially Observable Stochastic Game (POSG)?","What does S represent in the tuple (I, S, A, O, P, R) within a Partially Observable Stochastic Game (POSG)?","What do A, O, P, and R represent in the tuple (I, S, A, O, P, R) within a Partially Observable Stochastic Game (POSG)?"
How are the characteristics of gents encoded into representation vectors?, The characteristics of gents are encoded into representation vectors through an agent modeling model.,doc_0_16,What are the characteristics of gents?,How are representation vectors created?,How are these characteristics encoded into the vectors?
What does the reward function R represent?, The reward function R represents the reward given for an action at state st to the next state st+1.,doc_0_17,What is the purpose of the reward function R?,How does the reward function R influence behavior?,In what contexts is the reward function R used?
How is the ego agent's adaptive policy πα parameterized?, The ego agent's adaptive policy πα is parameterized by α.,doc_0_17,What are the parameters of the ego agent's adaptive policy πα?,How is the parameterization of the ego agent's adaptive policy πα implemented?,What factors influence the parameterization of the ego agent's adaptive policy πα?
What is the discount factor γ used for?, The discount factor γ balances the trade-off between immediate and long-term returns.,doc_0_18,What does the discount factor γ represent?,How is the discount factor γ used in decision-making processes?,Why is the discount factor γ important in reinforcement learning?
How is the policy πm i selected in the outer expectation?, The policy πm i is drawn from a uniform distribution u(Π).,doc_0_18,What is the outer expectation?,What is πm i?,How are they related in the selection process?
What is the input to the model that generates the policy representation vector?, The input to the model that generates the policy representation vector is an observation trajectory of the ego agent from the beginning of an episode up to the current time t.,doc_0_19,What model generates the policy representation vector?,What is the input to the model that generates the policy representation vector?,How does the input influence the generation of the policy representation vector?
How does the CLAM model aggregate the temporal feature sequence into a policy representation vector?, The CLAM model aggregates the temporal feature sequence into a policy representation vector using an attention pooling module.,doc_0_19,What temporal features does the CLAM model consider?,How are these temporal features sequenced in the CLAM model?,What process or mechanism does the CLAM model use to aggregate these sequences into a policy representation vector?
What is the purpose of the Transformer encoder in this context?, The Transformer encoder in this context is used to encode the ego agent's observation trajectory with position embeddings to retain temporal information and capture patterns and relationships within the trajectories.,doc_0_20,What does the Transformer encoder do in this context?,How is the Transformer encoder used in this context?,Why is the Transformer encoder important in this context?
How are the observation trajectories of the ego agent encoded?, The observation trajectories of the ego agent are encoded using a Transformer encoder with position embeddings to retain temporal information.,doc_0_20,How are the observation trajectories encoded?,What is the encoding process for the ego agent's observations?,How does the encoding capture the temporal aspect of the observations?
What is the purpose of adding position embeddings to the ego agent’s observation trajectory?, To retain temporal information in the ego agent’s observation trajectory.,doc_0_21,What are position embeddings?,How do position embeddings relate to the ego agent’s observation trajectory?,What is the purpose of adding these embeddings to the trajectory?
"How are the query, key, and value matrices used in the multi-head self-attention method?"," The query Qn, key Kn, and value Vn matrices are used in multi-head self-attention to project the input trajectory τ′ into different subspaces, allowing the model to attend to different parts of the sequence simultaneously.",doc_0_21,How are the query and key matrices used in the multi-head self-attention method?,How is the value matrix used in the multi-head self-attention method?,"What role do the query, key, and value matrices play in the multi-head self-attention mechanism?"
How is the multi-head attention computed for each head hn?, For the nth head hn: hn = Softmax(QnKT / √dk)Vn,doc_0_22,What are the inputs for each head hn?,How is the attention score calculated for each head hn?,How are the outputs of all heads combined?
What method does the text suggest might better capture contributions of different vectors to the final policy representation vector?, The document suggests using an attention mechanism to better capture contributions of different vectors to the final policy representation vector.,doc_0_22,What method does the text suggest?,What might it better capture?,How does it relate to contributions of different vectors to the final policy representation vector?
What is the purpose of the special trainable policy token P in the attention mechanism?, The special trainable policy token P in the attention mechanism helps to aggregate the entire input feature vector sequence Zt into a single policy representation vector ct.,doc_0_23,What is the purpose of the trainable policy token P?,How does the special trainable policy token P function in the attention mechanism?,Why is the policy token P considered 'special' in the context of the attention mechanism?
How does the attention-based pooling compare to average pooling according to the experiments?," According to the experiments, attention-based pooling helps the agent achieve higher returns compared to average pooling.",doc_0_23,What are the specific experiments conducted to compare attention-based pooling and average pooling?,What metrics were used in these experiments to evaluate performance?,What were the key findings of these experiments regarding the comparison between attention-based pooling and average pooling?
What is the difference between attention-based pooling and average pooling in terms of their impact on the agent's returns?, Attention-based pooling helps the agent achieve higher returns compared to average pooling.,doc_0_24,How does attention-based pooling impact the agent's returns?,How does average pooling impact the agent's returns?,What are the differences in these impacts between attention-based and average pooling?
How are positive and negative sample pairs created during the contrastive learning training process?, Positive sample pairs are created by randomly cropping two trajectory windows from the same original trajectory. Negative sample pairs are formed by cropping samples from different original trajectories.,doc_0_24,How are positive sample pairs created during the contrastive learning training process?,How are negative sample pairs created during the contrastive learning training process?,What role do positive and negative sample pairs play in the contrastive learning training process?
What is the purpose of masking a certain ratio of observation steps in trajectory samples?, The purpose of masking a certain ratio of observation steps in trajectory samples is to enhance the model's ability to capture subtle patterns and extract more representative policy features from sparser and less informative observation trajectories.,doc_0_25,What are trajectory samples?,What does it mean to mask observation steps in trajectory samples?,Why is a certain ratio of observation steps masked?
How are the sample sets S′ and S′′ differentiated after augmentation?," The sample set S′ remains unaltered, while S′′ undergoes mask-based augmentation where certain observation steps are replaced with 0.",doc_0_25,What are the sample sets S′ and S′′?,How are they augmented?,How are they differentiated after augmentation?
What is the purpose of using roach in this context?, The purpose of using roach in this context is to compel the model to extract more representative policy features from sparser and less informative observation trajectories.,doc_0_26,What does 'roach' refer to in this context?,Why is it used in this context?,What is its purpose or function?
How does the InfoNCE loss function enhance the model's ability to capture subtle patterns?, The InfoNCE loss function enhances the model's ability to capture subtle patterns by encouraging it to extract more representative policy features from sparser and less informative observation trajectories.,doc_0_26,What are the key components of the InfoNCE loss function?,How does the InfoNCE loss function compare to other loss functions in capturing subtle patterns?,In what specific ways does the InfoNCE loss function enhance the model's ability to capture subtle patterns?
What reinforcement learning algorithm is selected as the backbone for training in this paper?, Proximal Policy Optimization (PPO),doc_0_27,What reinforcement learning algorithm is used?,Is this algorithm the main one for training in the paper?,How is it referred to as the backbone?
Which additional experiment is conducted to demonstrate CLAM’s generalizability?," To demonstrate CLAM’s generalizability, an additional experiment based on Deep Q-Network (DQN) was conducted.",doc_0_27,What is CLAM?,What does generalizability mean in this context?,Which experiment demonstrates this?
What is the update frequency for the PPO actor network?, The PPO actor network update frequency is specified as freqppo.,doc_0_28,What is the update frequency?,For which network is this frequency relevant?,How often is the PPO actor network updated?
How many training episodes are there in total?, The number of training episodes is denoted by N.,doc_0_28,What is the total number of episodes?,Are these episodes for training?,How many are there in total?
What are the three representative multi-agent environments mentioned in the text?," Level-based Foraging, Predator-Prey, and StarCraft Multi-Agent Challenge (SMAC)",doc_0_31,What is the first representative multi-agent environment mentioned in the text?,What is the second representative multi-agent environment mentioned in the text?,What is the third representative multi-agent environment mentioned in the text?
How many action options does each agent have in the Level-based Foraging environment?, Each agent has six action options.,doc_0_31,What are the action options available to each agent in the Level-based Foraging environment?,How many distinct actions can an agent perform in this environment?,Are there any constraints or variations in the number of action options for different agents within this environment?
What are the six action options available to each agent?," The agent has six action options: up, down, left, right, stay still, and pick the apple.",doc_0_32,What are the action options available to each agent?,How many action options are there in total for all agents?,Can you list the specific action options available to each agent?
Under what conditions can an apple be successfully picked up by the agents?, Agents can successfully pick up an apple when one or both are in a grid cell adjacent to the apple and their combined levels meet or exceed the apple's level.,doc_0_32,What are the agents?,Under what conditions can an apple be picked up?,How do the agents pick up the apple?
What is the reward setting for a predator-prey collision in the competitive multi-agent environment?," In the predator-prey environment, when a predator collides with the prey, the prey receives -10 and the predator receives +10.",doc_0_33,What is the reward setting for a predator in this environment?,What is the reward setting for prey in this environment?,How does the competitive nature of the multi-agent environment affect the reward setting for collisions?
How many action options does each agent have in the Predator-Prey scenario?, Each agent has five action options.,doc_0_33,What are the action options for the predator in the Predator-Prey scenario?,What are the action options for the prey in the Predator-Prey scenario?,Are there any constraints on the actions available to each agent in the Predator-Prey scenario?
What is the observation range of each agent?, Each agent has a limited-radius observation range.,doc_0_35,What is the observation range of Agent 1?,What is the observation range of Agent 2?,What is the observation range of Agent 3?
How many cardinal directions can an agent move?, The agent can move in four cardinal directions.,doc_0_35,What are the cardinal directions?,Can an agent move in any direction?,How many unique directions can an agent move?
What are the two maps selected to evaluate the algorithm?, The 3m and 2s3z maps,doc_0_36,What are the maps?,Which algorithm is being evaluated?,How many maps were selected for evaluation?
Which method is expected to perform the worst and why?, The method expected to perform the worst is No Agent Modeling (NAM) because it does not employ any agent modeling techniques.,doc_0_36,Which methods are being compared?,What is the expected performance metric for each method?,Why might one of these methods perform worse than the others?
What is the expected performance of NAM compared to other methods?, NAM is expected to be the worst performing method.,doc_0_37,What are the other methods compared to NAM?,How does NAM perform in comparison to these other methods?,Are there any specific scenarios where NAM is expected to outperform or underperform relative to these other methods?
How does LIAM differ from PR in terms of architecture?," LIAM and PR both use an encoder-decoder architecture. However, LIAM focuses on local information while PR models the complete observation trajectory.",doc_0_37,What are the key architectural components of LIAM?,How do these components compare to those in PR?,Are there any unique features in LIAM's architecture that PR lacks?
What type of encoder does the LIAM method use?, The LIAM method uses a recurrent encoder.,doc_0_38,What encoder does the LIAM method utilize?,Can you specify the type of encoder used in the LIAM method?,Is there any information on the encoder employed by the LIAM method?
How many different random seeds were used to evaluate each method in Fig. 4?, Five,doc_0_38,How many random seeds were used in total?,Were the same seeds used for each method?,What is the range of the seeds used?
What is the performance of the NAM baseline compared to the other methods in all environments?, The NAM baseline performs the worst in all environments compared to other methods.,doc_0_39,What is the performance of the NAM baseline in each environment?,How does the NAM baseline compare to other methods in terms of performance?,Are there any significant differences in performance between the NAM baseline and other methods across all environments?
"Why does the PR method perform worse than the other two methods, according to the text?", The PR method performed worse than the other two methods because its point-wise encoding approach did not effectively capture temporal relationships between trajectory steps.,doc_0_39,What are the other two methods mentioned in the text?,How does the PR method perform according to the text?,"Why do these other two methods perform better than the PR method, according to the text?"
"What is the main limitation of using average pooling to aggregate feature vectors, according to the text?", Using average pooling to aggregate feature vectors might not be optimal as it results in fewer informative policy representation vectors.,doc_0_40,What are the limitations of using average pooling?,How does average pooling aggregate feature vectors?,What is the main limitation according to the text?
"Which method, LIAM or CLAM, is mentioned as achieving the highest returns in all environments?", CLAM achieved the highest returns in all environments.,doc_0_40,Which method achieves the highest returns in all environments?,Is LIAM mentioned as achieving the highest returns?,Is CLAM mentioned as achieving the highest returns?
What is the approximate percentage improvement in reinforcement learning performance mentioned in the text?, The approximate percentage improvement in reinforcement learning performance mentioned is at least 28%.,doc_0_41,What text mentions the improvement in reinforcement learning performance?,What is the specific performance metric mentioned for reinforcement learning?,What is the exact percentage of improvement mentioned?
"In which environments does the performance improvement brought by agent modeling methods become even more significant, according to the text?", In more complex environments like SMAC.,doc_0_41,What are the agent modeling methods mentioned in the text?,Where do these methods show performance improvement?,In which environments does this improvement become even more significant?
What does the green arrow trajectory represent?, The green arrow trajectory represents the actions of the ego agent.,doc_0_43,What is the significance of the green arrow?,How does the green arrow move through space?,What path does the green arrow follow?
How does the ego agent respond when it observes the teammate waiting beside apples that require cooperation?," When the ego agent observes the teammate waiting beside apples that require cooperation, it chooses to collaborate and follows the teammate to jointly collect all the apples that can only be harvested cooperatively.",doc_0_43,What action does the ego agent take?,Does the ego agent consider the apples' location?,How does the ego agent perceive the teammate's waiting?
What is the purpose of the 'agent policy modeling module' mentioned in the text?, The 'agent policy modeling module' allows the ego agent to dynamically adjust its policy based on different teammates' policies to maximize team rewards.,doc_0_44,What does the 'agent policy modeling module' do?,How is it used in the text?,Why is it mentioned in the text?
How does the t-SNE projection in Figure 6(a) help in understanding the performance of different policies?," The t-SNE projection in Figure 6(a) helps understand policy performance by visualizing how different policies (represented by colors) and episodes (represented by points) are distributed, showing their similarities and differences.",doc_0_44,What are the different policies shown in Figure 6(a)?,How does t-SNE projection work?,What performance metrics are being analyzed?
"What is the average accuracy over ten policies, and what does the shaded region denote?", The average accuracy over ten policies is not explicitly stated. The shaded region denotes the 95% confidence interval.,doc_0_45,What is the average accuracy?,Over how many policies is this average calculated?,What does the shaded region denote?
Which two policy combinations were found to share similar features?, Policy 5 and Policy 8,doc_0_45,Which policies were found to share similar features?,What are the two combinations of these policies?,How do these policy combinations compare in terms of their shared features?
What specific issue did the self-supervised contrastive learning scheme encounter when trying to distinguish between Policy 5 and Policy 8?, The self-supervised contrastive learning scheme encountered an issue distinguishing between Policy 5 and Policy 8 due to their inherent similar features.,doc_0_46,What issue did the self-supervised contrastive learning scheme encounter?,When was this issue encountered in relation to distinguishing between policies?,"Which specific policies were involved, Policy 5 and Policy 8?"
"In the agent action prediction experiment, what were the two different input configurations used by the predictor?", The predictor used real-time policy embeddings combined with ego agent observations and solely observation-based inputs.,doc_0_46,What were the input configurations used by the predictor?,How many different input configurations were there in the agent action prediction experiment?,"In the agent action prediction experiment, what was one of the input configurations used by the predictor?"
What are the two input configurations used for training the predictor?," The two input configurations used for training the predictor are: one combining real-time policy embeddings with ego agent observation, and the other relying solely on the observation.",doc_0_47,What is the first input configuration used for training the predictor?,What is the second input configuration used for training the predictor?,Are there any other input configurations used for training the predictor?
Which line in Fig. 6b represents the prediction outcomes when incorporating policy embeddings generated by CLAM?, The red line in Fig. 6b represents the prediction outcomes when incorporating policy embeddings generated by CLAM.,doc_0_47,Which figure in Fig. 6b represents the prediction outcomes?,What are the prediction outcomes when incorporating policy embeddings?,How are the policy embeddings generated by CLAM?
What is the predictive accuracy of CLAM at time step 30?, The predictive accuracy of CLAM at time step 30 is 0.75.,doc_0_48,What are the factors affecting CLAM's predictive accuracy?,How is CLAM's performance measured at time step 30?,Are there any known limitations of CLAM at this time step?
How does the accuracy of NAM compare to CLAM after approximately 10 steps?," The accuracy of CLAM improves rapidly, reaching around 50% by step 10, while NAM shows a slight improvement in accuracy only during the early stages.",doc_0_48,What is the accuracy of NAM after approximately 10 steps?,What is the accuracy of CLAM after approximately 10 steps?,How do these accuracies compare to each other?
What is the accuracy of CLAM after step 30?, The accuracy of CLAM after step 30 is stabilizing above 70%.,doc_0_49,What happens to CLAM at step 30?,How does CLAM perform after step 30?,Is there any change in CLAM's accuracy by step 30?
How does the baseline NAM's accuracy compare to CLAM's after approximately 10 steps?," After approximately 10 steps, CLAM's accuracy remains above 70% while baseline NAM's accuracy stagnates below 50%.",doc_0_49,What is the accuracy of the baseline NAM after approximately 10 steps?,What is the accuracy of CLAM after approximately 10 steps?,How do these accuracies compare to each other?
What are the two alternative approaches to attention pooling mentioned in the text?, The two alternative approaches to attention pooling mentioned are average pooling and learning a weight vector.,doc_0_50,What is the first alternative approach to attention pooling mentioned in the text?,What is the second alternative approach to attention pooling mentioned in the text?,Are there any other approaches to attention pooling not mentioned in the text?
Which metrics were used to evaluate the feature aggregation performance?, Two metrics were used to evaluate feature aggregation performance.,doc_0_50,Which metrics were used?,To evaluate what performance?,For feature aggregation?
What is the range of the rewards or win rates in all four environments?," The rewards or win rates in all four environments are normalized to the [0, 1] range.",doc_0_51,What is the range of the rewards in all four environments?,What is the range of the win rates in all four environments?,How do the ranges of rewards and win rates compare across the four environments?
Which feature aggregation method consistently achieves the highest scores across four different scenarios according to Fig. 7?, The CLAM method consistently achieves the highest scores across four different scenarios.,doc_0_51,Which feature aggregation method is shown in Fig. 7?,What are the four different scenarios in Fig. 7?,Which method achieves the highest scores across these scenarios?
Which method scores the lowest according to the IICR results presented in Table I?, The CLAM-avg method scores the lowest according to the IICR results presented in Table I.,doc_0_52,Which methods are presented in Table I?,What does IICR stand for?,How are the scores presented in Table I?
What does the text attribute the lower scores of the CLAM method to?, The lower scores of the CLAM method are attributed to its attention pooling module's ability to focus on crucial temporal features.,doc_0_52,What are the lower scores of the CLAM method?,What is the CLAM method?,What does the text attribute these lower scores to?
What is the main advantage of the attention-based CLAM method over simply averaging the feature sequence?," The attention-based CLAM method can dynamically adjust weights based on different feature sequence lengths, which averaging cannot do.",doc_0_53,What is the attention-based CLAM method?,What are feature sequences?,What is the process of simply averaging feature sequences?
How does CLAM perform compared to CLAM-sym in terms of policy representation clustering?, CLAM outperforms CLAM-sym in policy representation clustering.,doc_0_53,How does CLAM perform in terms of policy representation clustering?,How does CLAM-sym perform in terms of policy representation clustering?,How do the performances of CLAM and CLAM-sym compare in terms of policy representation clustering?
What is the accuracy gap between CLAM and CLAM-sym in the first 10 time steps?, CLAM outperforms CLAM-sym in terms of policy representation clustering.,doc_0_54,What is the accuracy of CLAM in the first 10 time steps?,What is the accuracy of CLAM-sym in the first 10 time steps?,How do these accuracies compare to identify any gap?
How does the prediction accuracy of both methods change as the trajectory length increases?," As trajectory length increases, the accuracy gap between CLAM and CLAM-sym narrows.",doc_0_54,How does the prediction accuracy of the first method change as the trajectory length increases?,How does the prediction accuracy of the second method change as the trajectory length increases?,What is the comparison of the changes in prediction accuracy between both methods as the trajectory length increases?
What is the difference in performance between the two methods for the first 10 time steps?," For the first 10 time steps, CLAM-sym achieves less than 40% performance compared to the other method.",doc_0_55,What is the performance of the first method for the first 10 time steps?,What is the performance of the second method for the first 10 time steps?,How do these performances compare?
How does the masked-based asymmetric sample augmentation method enhance the model's prediction accuracy?," The masked-based asymmetric sample augmentation method enhances prediction accuracy by encouraging the model to identify similarities among sparse sample features and capture essential, discriminative features. This improves adaptation to different policies and enhances robustness of learned reinforcement learning policies.",doc_0_55,How does the masked-based method enhance the model's prediction accuracy?,What is asymmetric sample augmentation and how does it contribute to enhancing the model's prediction accuracy?,How do these two methods combined (masked-based and asymmetric sample augmentation) improve the model's prediction accuracy?
What is the primary advantage of CLAM over baseline methods?, The primary advantage of CLAM over baseline methods is that it significantly increases episodic returns and eliminates the need for observations from the modeled agent or long-range trajectories.,doc_0_57,What are the baseline methods?,How does CLAM compare to these baseline methods?,What specific advantage does CLAM have over them?
How does CLAM plan to process visual inputs in future work?," In future work, CLAM plans to process visual inputs by extracting human behavior and environmental features through a vision model in human-machine collaboration environments.",doc_0_57,What methods will CLAM use to process visual inputs?,How will CLAM ensure the accuracy of processed visual inputs?,In what scenarios does CLAM plan to apply its visual input processing?
Which organizations provided financial support for this work?," The Australian Research Council (ARC), Australian Cooperative Research Centres Projects, Australia Defence Innovation Hub, AFOSR – DST Australian Au- tonomy Initiative, and NSW Defence Innovation Network.",doc_0_58,Which organizations provided support?,What type of support did they provide?,Was the support financial in nature?
What are some examples of scenarios where the proposed approach could be applied?, The proposed approach can be applied to scenarios involving human-machine collaboration in manufacturing or logistics.,doc_0_58,What are some specific scenarios where the proposed approach is applicable?,Can you provide examples of situations that benefit from this approach?,In which contexts could the proposed method be effectively used?
"What is the title of the arXiv preprint by He, Boyd-Graber, Kwok, and Daumé III?"," ""Opponent modeling in deep reinforcement learning""",doc_0_60,What is the title of the preprint?,Who are the authors of the preprint?,Which platform is the preprint on?
In which conference was Grover's paper on 'Learning policy representations in multiagent systems' presented?, International conference on machine learning,doc_0_60,In which year was Grover's paper presented?,What is the title of Grover's paper on policy representations in multiagent systems?,Which conference focuses on multiagent systems research?
What is the main opportunity identified for balance responsible parties (BRPs) in the context of increasing system imbalance due to renewable energy sources?, The main opportunity for BRPs in increasing system imbalance due to renewable energy sources is performing energy arbitrage in the imbalance settlement mechanism.,doc_1_0,What are the main opportunities for BRPs in managing system imbalance?,How do renewable energy sources contribute to system imbalance?,What role do BRPs play in addressing increasing system imbalance?
"Which reinforcement learning technique is proposed by the authors for the battery control framework, and what specific aspect does it aim to optimize?", Distributional reinforcement learning (DRL) is proposed for the battery control framework. It aims to optimize a weighted sum of arbitrage profit and risk measure while constraining daily battery cycles.,doc_1_0,Which reinforcement learning technique is proposed by the authors for the battery control framework?,What specific aspect does it aim to optimize in the battery control framework?,How does this reinforcement learning technique contribute to the optimization of the specified aspect within the battery control framework?
What are the two state-of-the-art RL methods compared in the study?, The two state-of-the-art RL methods compared in the study are deep Q learning and soft actor-critic.,doc_1_1,What are the state-of-the-art RL methods?,Which two RL methods were compared in the study?,What is the domain of the study?
How does the fully risk-averse agent manage the battery charging and discharging based on the certainty about the imbalance price?, The fully risk-averse agent learns to hedge against uncertain imbalance prices by charging or discharging the battery only when it has more certainty about the price.,doc_1_1,How does the fully risk-averse agent decide when to charge the battery?,What factors influence the discharging decisions of the agent?,How does certainty about the imbalance price affect the agent's charging and discharging strategy?
What is the target year for carbon neutrality according to the European Commission?, The European Commission aims to reach carbon neutrality by 2050.,doc_1_2,What year has the European Commission set as the target for carbon neutrality?,Is there a specific year mentioned by the European Commission for achieving carbon neutrality?,When does the European Commission aim to reach carbon neutrality?
"According to the International Renewable Energy Agency’s report of 2023, what was the total power capacity of RES in the world in 2013?"," According to the International Renewable Energy Agency’s report of 2023, the total power capacity of RES in the world was 1.57 TW in 2013.",doc_1_2,What was the total power capacity of RES in 2013?,According to which report of IRENA?,Which year's report is being referred to?
What is the main objective of the imbalance settlement mechanism according to EBGL?, The main objective of the imbalance settlement mechanism according to EBGL is to ensure that BRPs support system balance efficiently and stimulate market participants in restoring it.,doc_1_3,What does EBGL stand for?,What is the imbalance settlement mechanism?,What is its main objective?
How does EBGL suggest that the settlement price for imbalances should be calculated?," According to EBGL, the settlement price for imbalances should be calculated using a single imbalance pricing method, with the same price applied to both negative and positive imbalances.",doc_1_3,What method does EBGL propose for calculating the settlement price?,How should imbalances be considered in this calculation according to EBGL?,What is the purpose of calculating the settlement price for imbalances according to EBGL?
What is the benefit of using a single imbalance pricing for both negative and positive imbalances?," The benefit of using a single imbalance pricing for both negative and positive imbalances is that it encourages Balance Responsible Parties (BRPs) to deviate from their day-ahead nominations, helping the Transmission System Operator (TSO) balance the grid and reduce costs.",doc_1_4,What are the benefits of using a single imbalance pricing for negative imbalances?,What are the benefits of using a single imbalance pricing for positive imbalances?,How does using a single imbalance pricing for both negative and positive imbalances compare to using different pricing methods?
Why are battery energy storage systems attractive to BRPs in the context of energy arbitrage?, Battery energy storage systems are attractive to BRPs for energy arbitrage due to their fast response time and high efficiency.,doc_1_4,What are the benefits of battery energy storage systems for BRPs?,How do battery energy storage systems enable energy arbitrage?,Why is energy arbitrage attractive to BRPs?
What are the challenges mentioned that make sm difficult?," The challenges mentioned that make SM difficult are high uncertainties in imbalance price and near real-time decision-making. Additionally, the nonconvex nature of energy arbitrage problems makes it challenging to find optimal solutions using model-based optimization methods.",doc_1_5,What are the challenges mentioned?,Why do these challenges make SM difficult?,Which specific aspects of SM are impacted by these challenges?
Why are model-based optimization methods not considered appropriate for obtaining an arbitrage strategy?," Model-based optimization methods are not considered appropriate for obtaining an arbitrage strategy due to the high uncertainties in imbalance price and near real-time decision-making, as well as the nonconvex nature of energy arbitrage problems.",doc_1_5,Why are model-based optimization methods not suitable for finding arbitrage opportunities?,What limitations do model-based optimization methods have in the context of arbitrage strategies?,How do these limitations make model-based optimization methods unsuitable for obtaining an arbitrage strategy?
What are the potential drawbacks of applying linearization techniques to transform a nonlinear problem into a linear or mixed-integer convex problem?," Applying linearization techniques may result in an intractable optimization problem or an inaccurate approximation of the original nonlinear problem. Additionally, these methods require a forecaster for future imbalance prices and can increase computational burden due to the need for many scenarios.",doc_1_6,What are the potential drawbacks of applying linearization techniques?,What are the challenges of transforming a nonlinear problem into a linear or mixed-integer convex problem?,What limitations might arise from converting a nonlinear problem to a linear or mixed-integer convex format?
Why might stochastic optimization become computationally intractable when dealing with highly uncertain imbalance prices?," Stochastic optimization can become computationally intractable when dealing with highly uncertain imbalance prices because a large number of scenarios are required to accurately reflect the price distribution, increasing computational burden.",doc_1_6,What are the challenges of dealing with highly uncertain imbalance prices?,How does uncertainty in imbalance prices affect stochastic optimization?,Why might these effects lead to computational intractability?
What are the challenges mentioned regarding risk management in the arbitrage problem within the imbalance settlement mechanism?," The challenges include the intractability of robust optimization and the potential conservativeness of its solutions. Additionally, market participants have varying risk preferences, with BRPs being more conservative due to volatile imbalance prices. Previous studies have overlooked incorporating a risk-averse perspective into arbitrage strategies.",doc_1_7,What are the challenges mentioned regarding risk management in arbitrage?,What are the challenges mentioned regarding risk management within the imbalance settlement mechanism?,How do these challenges intersect or differ when considering the arbitrage problem within the imbalance settlement mechanism?
"How do Balance Responsible Parties (BRPs) approach arbitrage strategies differently compared to other market participants, and why is this important?"," BRPs have more conservative arbitrage strategies due to highly volatile imbalance prices, assigning higher weights to lower revenue scenarios. This risk-averse approach is crucial as previous studies have overlooked risk management in arbitrage strategies.",doc_1_7,How do BRPs approach arbitrage strategies differently?,How do other market participants approach arbitrage strategies?,Why is the difference in approach between BRPs and other market participants important?
What is the main factor that determines a battery's lifetime according to the text?, A battery's lifetime mainly depends on its charging/discharging operations.,doc_1_8,What factors determine a battery's lifetime?,Which factor is the most important for determining a battery's lifetime?,How does this main factor influence a battery's lifetime?
Which aspect of previous studies on arbitrage strategies does the text identify as being neglected?, The text identifies that previous studies have neglected battery cycle life constraints.,doc_1_8,Which aspect of previous studies on arbitrage strategies is identified as being neglected?,What does the text identify as being neglected in previous studies on arbitrage strategies?,In which way do previous studies on arbitrage strategies neglect certain aspects according to the text?
What are the two state-of-the-art reinforcement learning methods mentioned in the text?, Deep Q learning (DQN) and soft actor-critic (SAC).,doc_1_9,What are the state-of-the-art reinforcement learning methods mentioned in the text?,How many state-of-the-art reinforcement learning methods are mentioned in the text?,Which specific details about these methods are provided in the text?
How can the proposed control framework be tuned according to the risk preference of BRPs?, The proposed control framework can be tuned according to the risk preference of BRPs by adjusting from a fully risk-averse perspective to a fully risk-seeking one.,doc_1_9,What are the key parameters of the proposed control framework that can be tuned?,How do BRPs express their risk preferences?,What is the relationship between these parameters and the expressed risk preferences?
What are the two types of RL methods compared in the trading market?, The two types of RL methods compared in the trading market are value-based and policy gradient methods.,doc_1_10,What are the RL methods compared in the trading market?,How many types of RL methods are compared in the trading market?,What is the domain of the RL methods compared in the trading market?
Which year's Belgian imbalance prices were used to evaluate the control framework?, The Belgian imbalance prices of 2022 were used to evaluate the control framework.,doc_1_10,Which year's Belgian imbalance prices were considered?,What control framework was evaluated?,How were the Belgian imbalance prices used to evaluate the control framework?
What are the different types of electricity markets mentioned where energy arbitrage can be performed?," Energy arbitrage can be performed within one electricity market (e.g., day-ahead or intra-day markets) and between several markets (e.g., day-ahead and real-time, day-ahead and imbalance settlement mechanism).",doc_1_11,What are the different types of electricity markets?,Where can energy arbitrage be performed in these markets?,How is energy arbitrage performed in these markets?
How has the recent change in imbalance price calculation affected arbitrage opportunities in electricity markets?, The recent change in imbalance price calculation has increased arbitrage opportunities by creating new price differences between markets.,doc_1_11,How has the recent change in imbalance price calculation affected the profitability of arbitrage opportunities?,What specific changes have been made to the imbalance price calculation?,Have there been any shifts in market behavior or strategies due to these changes?
What is the new arbitrage opportunity that has emerged due to the imbalance price calculation and increase in imbalance prices?, The new arbitrage opportunity has emerged due to the imbalance price calculation and increase in imbalance prices.,doc_1_12,What is the new arbitrage opportunity?,How has the imbalance price calculation changed?,Why have imbalance prices increased?
How do the authors in [3] improve the participation of a BESS in the imbalance settlement?, The authors in [3] improve BESS participation by implementing a new tailored encoder-decoder architecture for better imbalance forecasts and solving a bi-level robust optimization problem to maximize revenue.,doc_1_12,What methods do the authors in [3] use to improve BESS participation?,How does the improved BESS participation affect imbalance settlement?,What specific aspects of imbalance settlement are targeted by the authors' improvements?
What method is used to determine the bidding and offering strategy in the real-time market according to the reference [12]?, A hybrid stochastic-robust optimization method is proposed in [12] to determine the bidding and offering strategy in the real-time market.,doc_1_14,What method does the reference [12] suggest for determining bidding strategy in the real-time market?,What method does the reference [12] suggest for determining offering strategy in the real-time market?,How are bidding and offering strategies determined according to the reference [12]?
"Which control strategies are developed for seasonal thermal energy storage systems to interact with day-ahead and imbalance markets, as mentioned by the authors in [13]?", The authors in [13] propose MPC-based and RL-based controllers for seasonal thermal energy storage systems to interact with day-ahead and imbalance markets.,doc_1_14,Which control strategies are developed for seasonal thermal energy storage systems?,How do these control strategies interact with day-ahead markets?,How do these control strategies interact with imbalance markets?
What is the main disadvantage of model-based optimization methods mentioned in the text?," The main disadvantage of model-based optimization methods mentioned in the text is that they require linearization techniques to approximate nonlinear problems as linear or mixed-integer convex problems, which can result in inaccurate approximations.",doc_1_15,What are the disadvantages of model-based optimization methods?,Which disadvantage is considered the main one in the text?,How does this main disadvantage impact the effectiveness of these methods?
Which study among the cited works proposes a risk-sensitive arbitrage strategy?, [9],doc_1_15,Which cited work proposes a strategy?,Is the proposed strategy related to arbitrage?,Does the strategy consider risk sensitivity?
Which of the mentioned studies proposes a risk-sensitive arbitrage strategy?, [9],doc_1_16,Which study mentions a risk-sensitive arbitrage strategy?,What is the focus of each mentioned study?,How do the studies differ in their approach to arbitrage?
"What effect do the previous research works [3, 8, 10–12] ignore regarding the arbitrage strategy?"," The previous research works [3, 8, 10–12] ignore the effect of a battery’s lifetime on the arbitrage strategy.",doc_1_16,What effect do the previous research works [3] ignore regarding the arbitrage strategy?,What effect do the previous research works [8] ignore regarding the arbitrage strategy?,What effect do the previous research works [10–12] ignore regarding the arbitrage strategy?
What are the two categories of model-free RL methods mentioned in the text?," Value-based methods (e.g., Q-learning) and policy gradient methods (e.g., actor-critic).",doc_1_17,What are the model-free RL methods mentioned in the text?,What are the categories of these methods?,How many categories are there?
Why are RL methods considered efficient tools for real-time control according to the text?," RL methods are efficient for real-time control as they do not require prior knowledge or an explicit model of the environment, and their learned policy can be directly applied in new settings without solving optimization problems.",doc_1_17,Why are RL methods considered efficient?,What makes them tools for real-time control?,How do they perform according to the text?
What method was proposed by the authors in [31] that combines RL with deep learning?," The authors in [31] proposed DQN, which combines RL with deep learning.",doc_1_18,What method was proposed by the authors in [31]?,How does this method combine RL with deep learning?,What are the key features of this combined approach?
"In SAC, what does the actor network aim to maximize besides the expected reward?", The actor network in SAC aims to maximize both the expected reward and the entropy of the policy.,doc_1_18,What does the actor network aim to maximize in SAC?,"Besides the expected reward, what else does the actor network aim to maximize in SAC?","In SAC, what is the objective of the actor network besides maximizing the expected reward?"
What are the two state-of-the-art methods mentioned in the text for solving the arbitrage problem?, DQN and SAC,doc_1_19,What are the state-of-the-art methods mentioned in the text?,How many state-of-the-art methods are mentioned for solving the arbitrage problem?,Which problem is solved by the two state-of-the-art methods?
"According to the text, what does a TSO correct using the system imbalance?", A TSO corrects the system imbalance using the imbalance settlement mechanism.,doc_1_19,What does a TSO correct?,How does the system imbalance relate to this correction?,What is the purpose of using the system imbalance for this correction?
What is the duration of the imbalance settlement period in most European markets?, The imbalance settlement period in most European markets is 15 minutes.,doc_1_20,What are the most European markets?,What is an imbalance settlement period?,How long does this period typically last?
How are the negative and positive imbalance prices determined during each imbalance settlement period?," The negative imbalance price is determined by the highest activated upward reserve offer, while the positive imbalance price is set by the lowest activated downward reserve offer.",doc_1_20,How are the negative imbalance prices determined during each imbalance settlement period?,How are the positive imbalance prices determined during each imbalance settlement period?,What is the process for determining both negative and positive imbalance prices during each imbalance settlement period?
What are the three main imbalance pricing methodologies mentioned in the text?," The three main imbalance pricing methodologies mentioned are dual pricing, two-price settlement, and single pricing.",doc_1_21,What is the first main imbalance pricing methodology mentioned in the text?,What is the second main imbalance pricing methodology mentioned in the text?,What is the third main imbalance pricing methodology mentioned in the text?
What is the main drawback of the dual pricing method according to the text?, The main drawback of the dual pricing method is that it does not incentivize BRPs to deviate from their nominations to restore grid balance.,doc_1_21,What are the drawbacks of the dual pricing method?,"According to the text, what is one main drawback of the dual pricing method?",Are there any other drawbacks mentioned in the text besides the main one?
What is the difference between the two-price settlement method and the dual pricing method in terms of imbalance prices?," The two-price settlement method and dual pricing method both consider different imbalance prices for each direction. However, in the two-price settlement method, if BRPs' imbalance direction is opposite to the total system imbalance, the price is the same as the day-ahead price, unlike the dual pricing method where it differs.",doc_1_22,What are the imbalance prices in the two-price settlement method?,What are the imbalance prices in the dual pricing method?,How do these imbalance prices differ between the two methods?
How does the single pricing method provide an opportunity for BRPs to reduce their cost?, The single pricing method provides an opportunity for BRPs to reduce their cost by supporting the grid when the total imbalance price is negative.,doc_1_22,How does the single pricing method impact costs for BRPs?,What specific cost reductions can be achieved through the single pricing method?,In what ways does the single pricing method enable BRPs to optimize their expenses?
What is the opportunity provided to BRPs by the pricing method mentioned in the text?, The opportunity provided to BRPs by the pricing method is to reduce their cost by supporting the grid.,doc_1_23,What is the pricing method mentioned in the text?,Who are BRPs?,How does this pricing method provide an opportunity to BRPs?
How does arbitrage in the imbalance settlement mechanism benefit both BRPs and TSOs according to the text?," Arbitrage in the imbalance settlement mechanism benefits both BRPs and TSOs by allowing BRPs to profit from arbitrage opportunities while indirectly reducing total system imbalance, which lowers the imbalance price for TSOs.",doc_1_23,How does arbitrage benefit BRPs in the imbalance settlement mechanism?,How does arbitrage benefit TSOs in the imbalance settlement mechanism?,What are the benefits of arbitrage according to the text?
What is the imbalance price influenced by according to the text?, The imbalance price is influenced by the type of pricing method used for calculation.,doc_1_24,What factors influence the imbalance price?,How does the text describe these influences?,Are there any specific examples given in the text?
Which country's imbalance settlement mechanism is mentioned as a case study and why?, The Belgian imbalance settlement mechanism.,doc_1_24,Which country's imbalance settlement mechanism is mentioned?,What is the case study about?,Why is this mechanism used as a case study?
What does the discount factor γ represent in the context of the decision-making problem?, The discount factor γ represents the importance of future rewards in decision-making problems.,doc_1_25,What is the discount factor γ?,How does γ relate to future rewards in decision-making?,Why is γ important in the context of the decision-making problem?
How is the state transition probability distribution P defined in this MDP formulation?," The state transition probability distribution P in this MDP formulation is defined as P : S × S × A →[0, 1], where S is the state space and A is the action space. It determines the probability of moving to a new state st+1 given the current state st and action at.",doc_1_25,What is the MDP formulation in this context?,How are states defined in this MDP formulation?,How are transitions between states defined in this MDP formulation?
What is the state represented by at each time step?," The state at each time step is represented by st = (Tqh, qh, mo, SOCt, ˆπimb t).",doc_1_26,What is the state represented at time step 1?,What is the state represented at time step 2?,What is the state represented at time step 3?
How many possible actions are there in the discrete action space?, There are 3 possible actions in the discrete action space.,doc_1_26,What are the actions in the discrete action space?,How many possible actions can be taken at any given time?,Are there any constraints on the selection of actions?
What is the objective of the agent in this context?, The objective of the agent is to maximize revenue by buying energy when the imbalance price is low and selling it when the imbalance price is high.,doc_1_27,What is the agent?,In what context is the agent operating?,What does the agent aim to achieve in this context?
How is the state transition function defined for SOCt?," The state transition function for SOCt is defined as SOCt+1 = \uf8f1 \uf8f2 \uf8f3 SOCtemp t+1, controlled by at.",doc_1_27,What are the inputs to the state transition function for SOCt?,How does the state transition function process these inputs?,What is the output of the state transition function for SOCt?
What is the formula for SOCt+1 and how does it depend on at?," SOCt+1 depends on at through the equation SOCtemp t+1 = SOCt + (max(at, 0)ηcha + min(at, 0) ηdis ) ∆t CBESS.",doc_1_28,What is the formula for SOCt+1?,How does SOCt+1 depend on at?,What is the relationship between SOCt+1 and at?
How does the charging/discharging efficiency of the BESS affect the state transition?, The charging/discharging efficiency of the BESS (ηcha and ηdis) affects the state transition by influencing SOCtemp t+1 in equation (5).,doc_1_28,How does the charging efficiency of the BESS affect state transition?,How does the discharging efficiency of the BESS affect state transition?,What is the overall impact of the charging/discharging efficiency on the state transition of the BESS?
What is the significance of the lifetime of a BESS in the financial evaluation of an energy arbitrage strategy?, The lifetime of a BESS is crucial in financial evaluation as it impacts the number of charge-discharge cycles before capacity loss.,doc_1_29,What impact does the lifetime of a BESS have on the financial projections of an energy arbitrage strategy?,How does the degradation rate of a BESS affect its economic viability in energy arbitrage?,In what ways does the lifespan of a BESS influence the risk assessment of an energy arbitrage investment?
"How is the daily consumed number of cycles calculated, and what does it depend on?"," The daily consumed number of cycles is calculated using the formula ncyc t = ∑|min(ai, 0)|∆t CBESS. It depends on the charge and discharge actions taken during the day.",doc_1_29,How is the daily consumed number of cycles calculated?,What factors influence the daily consumed number of cycles?,What does the daily consumed number of cycles depend on?
What is the maximum number of actions available to the agent in this discrete space?, The maximum number of actions available to the agent in this discrete space is 3.,doc_1_30,What are the actions available to the agent in this discrete space?,How many different actions can the agent perform?,Is there a limit to the number of actions the agent can take?
Under what condition does the backup controller override the agent's action?, The backup controller overrides the agent's action when the agent wants to discharge the battery and the daily number of cycles exceeds the maximum allowed value.,doc_1_30,When does the backup controller activate?,What triggers the override of the agent's action by the backup controller?,Under what circumstances is the agent's action overridden by the backup controller?
What is the goal of reinforcement learning (RL) as described in the text?, The goal of reinforcement learning (RL) is to learn a policy that maximizes expected long-term reward.,doc_1_31,What are the key objectives of reinforcement learning (RL)?,How does RL aim to achieve these objectives?,Can you describe any specific examples or applications mentioned in the text?
How does DQN method address the limitations of classical tabular RL methods?," Classical tabular RL methods like Q-learning face issues such as the curse of dimensionality and the need for handcrafted state representations. DQN addresses these by using a deep neural network to approximate the Q-value function, enabling it to handle high-dimensional or continuous state spaces.",doc_1_31,How does DQN handle the curse of dimensionality in classical tabular RL methods?,What improvements does DQN offer over classical tabular RL methods in terms of function approximation?,How does DQN address the exploration-exploitation trade-off present in classical tabular RL methods?
"What are the two techniques used to stabilize the learning process in DQN, as mentioned in the text?", The two techniques used to stabilize the learning process in DQN are using a target Q function with periodically updated parameters and sampling mini-batches of experiences from an experience replay buffer.,doc_1_32,What is the first technique used to stabilize the learning process in DQN?,What is the second technique used to stabilize the learning process in DQN?,Are there any other techniques mentioned for stabilizing the learning process in DQN?
Why is the method of using historical data considered an advantage for off-policy methods like DQN?, The method of using historical data is considered an advantage for off-policy methods like DQN because it helps prevent overfitting to the current policy.,doc_1_32,Why are off-policy methods like DQN advantageous?,How does the use of historical data benefit off-policy methods?,What specific advantages does using historical data provide for off-policy methods like DQN?
What is the key advantage of off-policy methods mentioned in the text?, The key advantage of off-policy methods is their capacity to learn from historical data.,doc_1_33,What are the methods mentioned in the text?,Are these methods on-policy or off-policy?,What is the key advantage of the off-policy methods?
How do policy gradient methods address the limitations of value-based methods?," Policy gradient methods address the limitations of value-based methods by learning a policy network that outputs the probability of taking actions in each state, allowing for better exploration and exploitation balance.",doc_1_33,What are the limitations of value-based methods?,How do policy gradient methods address these limitations?,What specific advantages do policy gradient methods offer over value-based methods?
What is the objective of the actor network in the SAC method?, The objective of the actor network in the SAC method is to maximize both the expected reward and the entropy of the policy.,doc_1_34,What is the role of the actor network in SAC?,How does the actor network contribute to the learning process in SAC?,What specific objective does the actor network aim to achieve within the SAC framework?
How does the critic network estimate the soft Q-value function?," The critic network estimates the soft Q-value function by minimizing the loss between the estimated and target values, where the target value includes the reward plus the expected future Q-values minus the entropy term.",doc_1_34,What is the critic network?,How does the critic network estimate values?,What is the soft Q-value function?
What is the purpose of the soft Bellman equation in Eq. (13)?," The purpose of the soft Bellman equation in Eq. (13) is to calculate an estimated soft-Q value, yt, using a modified Bellman equation.",doc_1_35,What does the soft Bellman equation represent?,How is Eq. (13) used in the context of the soft Bellman equation?,Why is it called 'soft' in the soft Bellman equation?
How are the parameters of Qθ′ updated according to Eq. (14)?, The parameters of Qθ′ are updated according to Eq. (14) with τ ≪1 to slowly track the learned network after each update of Qθ.,doc_1_35,What are the parameters of Qθ′?,What is Eq. (14)?,How does Eq. (14) update these parameters?
What is the core idea of the vanilla DQN method?, The core idea of the vanilla DQN method is to estimate the Q-value function Qθ.,doc_1_36,What are the key components of the vanilla DQN method?,How does the vanilla DQN method update its policy?,What is the primary objective function used in the vanilla DQN method?
How does the distributional DQN (DDQN) method differ from the vanilla DQN method in terms of what it learns?," The vanilla DQN method estimates the Q-value function, while the distributional DQN (DDQN) method learns the probability distribution of returns using the distributional Bellman equation.",doc_1_36,What does the vanilla DQN method learn?,What does the distributional DQN (DDQN) method learn?,How do these learning processes differ in the DDQN and vanilla DQN methods?
What is the main difference between the loss function of the critic network in DSAC and Eq. (15)?," The main difference between the loss function of the critic network in DSAC and Eq. (15) lies in the calculation of T Z(st, at), where DSAC includes an additional term involving the log probability of the policy.",doc_1_37,What is the loss function of the critic network in DSAC?,What is Eq. (15)?,How do they differ?
How does the actor network's loss function differ in DSAC compared to a risk-neutral RL framework?," In DSAC, the actor network's loss function incorporates the expected value of the probability distribution of returns, while in a risk-neutral RL framework, it focuses on maximizing the expected return (Q value).",doc_1_37,How does the loss function in DSAC differ from that in a risk-neutral RL framework?,What is the role of the actor network in DSAC?,How is the loss function defined in a risk-neutral RL framework?
What is the main risk in the arbitrage problem as mentioned in the text?, The main risk in the arbitrage problem is related to forecasted imbalance prices.,doc_1_38,What are the potential risks in the arbitrage problem?,Which risk is considered the main one according to the text?,How does this main risk impact the arbitrage problem?
What does the parameter β control in the loss function of the actor network in the risk-sensitive DSAC?, The parameter β in the loss function of the actor network in risk-sensitive DSAC controls the trade-off between the expectation value and risk.,doc_1_38,What is the risk-sensitive DSAC?,What is the actor network in this context?,How does the loss function of the actor network work in this context?
What is the value of ρ set to in this paper?, ρ = 0.1,doc_1_39,What is the context of 'this paper'?,Is ρ a variable or constant in this paper?,Where in the paper is ρ defined?
Which imbalance prices are used for the real imbalance settlement of BRPs?, The 15-minute-based price.,doc_1_39,What are BRPs?,What is real imbalance settlement?,Which prices are used for this settlement?
What is the granularity of the forecasted imbalance prices?, The granularity of the forecasted imbalance prices is one minute.,doc_1_40,What are the forecasted imbalance prices?,How often are the imbalance prices forecasted?,What is the precision of the forecasted imbalance prices?
In which market does the battery not trade in this work?, The battery does not trade in the day-ahead market.,doc_1_40,Which markets are mentioned in this work?,In which of these markets does the battery trade?,Which market is not included among those where the battery trades?
What is the power rating and maximum capacity of the considered BESS?, The considered BESS has a power rating of 1 MW and a maximum capacity of 2 MWh.,doc_1_41,What is the power rating of the considered BESS?,What is the maximum capacity of the considered BESS?,Are there any specific considerations for the power rating and maximum capacity of the considered BESS?
How many episodes are used to train the RL methods?, The RL methods are trained with 50 000 episodes.,doc_1_41,How many episodes are used for training?,What methods are being trained using these episodes?,Are there any variations in the number of episodes used across different RL methods?
What is the discount factor used in the experiments?, The discount factor used in the experiments is 0.9995.,doc_1_42,What discount factor was used?,In which experiments was it used?,Why was this specific discount factor chosen?
How many hidden layers are there in the neural network?, The neural network has two hidden layers.,doc_1_42,What type of neural network is being referred to?,Is the architecture of the neural network specified?,Are there any constraints or specifications mentioned for the hidden layers?
What is the average increase in daily profit when using DDQN compared to DQN?, The DDQN method increases the average daily profit by 17% compared to the DQN method.,doc_1_43,What is the average increase in daily profit when using DDQN?,How does this compare to the increase when using DQN?,Is there a significant difference between the two methods in terms of profit increase?
How much does DSAC improve the proportional reward compared to SAC?, DSAC improves the proportional reward by 2.1% compared to SAC.,doc_1_43,What is the proportional reward achieved by DSAC?,What is the proportional reward achieved by SAC?,How do these rewards compare?
What is the primary reason for the improvement in DSAC results compared to SAC?, The primary reason for the improvement in DSAC results compared to SAC is that the distributional perspective enhances DQN results by providing stable training targets and mitigating instability in the Bellman optimality operator.,doc_1_44,What are the DSAC results?,What are the SAC results?,How do DSAC and SAC compare?
How does SAC mitigate Q-value overestimations in DQN according to the text?, SAC mitigates Q-value overestimations in DQN by replacing the max operator with the expectation operator in the Bellman equation.,doc_1_44,How does SAC address Q-value overestimations in DQN?,What mechanisms does SAC employ to mitigate Q-value overestimations?,"According to the text, how effective is SAC in reducing Q-value overestimations in DQN?"
What is the average daily profit of DQN in the scenario without cycle constraint?, The average daily profit of DQN in the scenario without cycle constraint is 749.9 C/ per day.,doc_1_45,What is the average daily profit of DQN?,In what scenario is this average calculated?,Is there a cycle constraint in this scenario?
How does SAC perform compared to DDQN in terms of proportional profit per cycle in the scenario with cycle constraint?, SAC outperforms DDQN in proportional profit per cycle with a cycle constraint.,doc_1_45,How does SAC perform in terms of proportional profit per cycle?,How does DDQN perform in terms of proportional profit per cycle?,How do the performances of SAC and DDQN compare in the scenario with cycle constraint?
What are the two most determinative features for the agent mentioned in the text?, The two most determinative features for the agent are SoC and forecasted imbalance price.,doc_1_46,What are the determinative features for the agent mentioned in the text?,How many determinative features are there for the agent?,Which two features are most determinative for the agent?
"According to Fig. 5, what is the probability that the forecasted imbalance price goes beyond 850 C/MWh?"," According to Fig. 5, the probability that the forecasted imbalance price goes beyond 850 C/MWh is 1%.",doc_1_46,What are the possible imbalance price forecasts according to Fig. 5?,What is the range of forecasted imbalance prices in Fig. 5?,How many forecasted imbalance prices go beyond 850 C/MWh according to Fig. 5?
What is the probability that the forecasted imbalance price goes beyond 850 C/ MWh?, The probability that the forecasted imbalance price goes beyond 850 C/ MWh is 1%.,doc_1_47,What is the range of forecasted imbalance prices?,What are the key factors affecting the forecasted imbalance price?,How often does the forecasted imbalance price exceed 850 C/MWh?
In which quantile does the agent always discharge the BESS?, The agent always discharges the BESS when the price lies in the upper 5% quantile (higher than 640 C/ MWh).,doc_1_47,What is the agent?,What does BESS stand for?,What are the quantiles in this context?
What is the impact of decreasing the State of Charge (SoC) on the area of idle action?, Decreasing the State of Charge (SoC) increases the area of idle action.,doc_1_48,How does decreasing SoC affect the duration of idle action?,What is the relationship between SoC and the frequency of idle actions?,Does reducing SoC change the nature or type of idle actions performed?
How does the DSAC method perform compared to other methods in the learning process for the risk-neutral scenario with a daily cycle constraint?, The DSAC method outperforms other methods in learning for the risk-neutral scenario with a daily cycle constraint by converging to a higher reward with fewer cycles.,doc_1_48,How does the DSAC method compare to other methods in terms of learning efficiency?,What are the specific advantages and disadvantages of using the DSAC method compared to other methods?,How does the daily cycle constraint affect the performance of the DSAC method relative to other methods?
What is the improvement in proportional reward per cycle that the DSAC method achieves compared to the SAC method?, The DSAC method achieves a 14.6% improvement in proportional reward per cycle compared to the SAC method.,doc_1_49,What is the proportional reward per cycle achieved by the DSAC method?,What is the proportional reward per cycle achieved by the SAC method?,How does the improvement in proportional reward per cycle of DSAC compare to that of SAC?
How do the SAC and DSAC methods differ from DQN and DDQN in terms of exploration strategy?," The SAC and DSAC methods use a learned stochastic policy for exploration, while DQN and DDQN rely on ϵ-greedy exploration with a fixed probability.",doc_1_49,How does the exploration strategy of SAC differ from that of DQN?,How does the exploration strategy of DSAC differ from that of DDQN?,What are the key differences in exploration strategies between SAC and DSAC versus DQN and DDQN?
How does the exploration probability depend on the current state in the context of SAC and DSAC methods?," In SAC and DSAC methods, the exploration probability depends on the current state, varying based on the action probabilities. When one action's probability is high, exploitation dominates; when all actions have similar probabilities, exploration increases.",doc_1_50,How does the exploration probability depend on the current state in SAC?,How does the exploration probability depend on the current state in DSAC?,What is the difference between SAC and DSAC methods in terms of exploration probability dependence on the current state?
"What is the main advantage of SAC and DSAC methods compared to DQN and DDQN methods, as mentioned in the text?", The main advantage of SAC and DSAC methods compared to DQN and DDQN methods is their data efficiency.,doc_1_50,What are the main advantages of SAC and DSAC methods?,How do these advantages compare to those of DQN and DDQN methods?,What specific text mentions these advantages?
What is the main difference between the learned policies with and without the cycle constraint?, The main difference between learned policies with and without the cycle constraint is in the size of the idle action area.,doc_1_51,What are the learned policies with the cycle constraint?,What are the learned policies without the cycle constraint?,How do these two sets of learned policies differ?
How does adding the cycle constraint affect the frequency of recharging the BESS?," Adding the cycle constraint increases the idle action area, making the agent more conservative and reducing the frequency of recharging the BESS.",doc_1_51,How does the cycle constraint change the frequency of recharging the BESS?,What impact does adding a cycle constraint have on the BESS's recharge schedule?,In what ways does the introduction of a cycle constraint alter the necessity for recharging the BESS?
"What are the two major price fluctuations that occurred on March 31, 2022?"," On March 31, 2022, there was one major peak in the imbalance price from 11:00 to 13:15 and one major valley from 13:30 to 17:00.",doc_1_52,"What was the first major price fluctuation on March 31, 2022?","What was the second major price fluctuation on March 31, 2022?","What were the causes of these two major price fluctuations on March 31, 2022?"
How does the agent with the cycle constraint differ in its response to price fluctuations compared to the agent without this constraint?," The agent without the cycle constraint responds to all price fluctuations, including small ones, while the agent with the cycle constraint focuses on significant fluctuations to limit charging cycles.",doc_1_52,How does the agent with the cycle constraint respond to price fluctuations?,How does the agent without the cycle constraint respond to price fluctuations?,What are the differences in response to price fluctuations between the agent with and without the cycle constraint?
What is the reduction in average daily profit experienced by the risk-averse agent with β = 3 compared to the risk-neutral agent?, The risk-averse agent with β = 3 experiences a 54.8% reduction in average daily profit compared to the risk-neutral agent.,doc_1_53,What is the average daily profit of the risk-averse agent with β = 3?,What is the average daily profit of the risk-neutral agent?,How do these two profits compare?
How do the VaR values for the risk-neutral and fully risk-averse critic networks compare?," The VaR values for the risk-neutral and fully risk-averse critic networks are −589.2C and −240.5C, respectively.",doc_1_53,What are the VaR values for the risk-neutral critic network?,What are the VaR values for the fully risk-averse critic network?,How do these VaR values compare?
What are the VaR values for the risk-neutral and fully risk-averse critic networks?," The VaR values for the risk-neutral and fully risk-averse critic networks are −589.2C and −240.5C, respectively.",doc_1_54,What is the VaR value for the risk-neutral critic network?,What is the VaR value for the fully risk-averse critic network?,How do these VaR values compare to each other?
How does the risk-averse agent mitigate the tail of the hourly profit distribution based on Fig. 10?, The risk-averse agent mitigates the tail of the hourly profit distribution by successfully hedging against uncertainty in the imbalance price.,doc_1_54,What strategies does the risk-averse agent employ to manage the tail of the hourly profit distribution?,How do these strategies impact the overall shape of the profit distribution as shown in Fig. 10?,What specific aspects of the profit distribution's tail are targeted by the risk-averse agent?
What is the strategy used by the risk-averse agent to mitigate the uncertainty in actual price?, The risk-averse agent learns a lower charge threshold to mitigate uncertainty in actual price.,doc_1_56,What are the methods used by the risk-averse agent?,How does the risk-averse agent mitigate uncertainty in actual price?,What is the strategy employed by the agent to handle risk?
How does the proposed control framework allow for adjustments based on the risk preference of BRPs?, The proposed control framework allows adjustments based on risk preference by learning a lower charge threshold for risk-averse agents.,doc_1_56,What mechanisms does the proposed control framework have for adjusting to BRPs' risk preferences?,How does the framework consider different levels of risk aversion among BRPs?,What aspects of the control framework can be customized based on individual BRP risk preferences?
What is the average daily profit improvement of DSAC over DQN in the experiment without cycle constraint?, DSAC improves the average daily profit in the experiment without cycle constraint by 53.1% compared to DQN.,doc_1_57,What is the average daily profit of DSAC in the experiment without cycle constraint?,What is the average daily profit of DQN in the experiment without cycle constraint?,How does the average daily profit improvement of DSAC over DQN compare in the experiment without cycle constraint?
"Why do distributional methods, such as DSAC, perform better than standard RL methods?"," Distributional methods like DSAC perform better than standard RL methods because they estimate the full probability distribution of returns, reducing Q-value overestimation and improving data efficiency.",doc_1_57,How do distributional methods like DSAC differ from standard RL methods?,What specific advantages do distributional methods offer over standard RL methods?,In what scenarios or tasks do distributional methods outperform standard RL methods?
"What is the difference in performance between distributional methods and standard RL methods, according to the text?", Distributional methods outperform standard RL methods by estimating the full probability distribution of returns and resolving instability in the Bellman optimality operator.,doc_1_58,What are the performance differences between distributional methods and standard RL methods?,How do distributional methods compare to standard RL methods in terms of performance?,"According to the text, what is the difference in performance between distributional methods and standard RL methods?"
How did the inclusion of cycle constraints affect the trained agent's behavior compared to when they were not considered?, The inclusion of cycle constraints led to a larger 'idle' action area and fewer cycles used by the trained agent.,doc_1_58,How did the inclusion of cycle constraints affect the agent's behavior?,How did the trained agent's behavior change when cycle constraints were not considered?,What was the comparison between the agent's behavior with and without considering cycle constraints?
How does the trained cycle-aware agent respond to imbalance price fluctuations compared to the cycle-unaware agent?," The trained cycle-aware agent tended to respond only to major peaks and valleys in imbalance price fluctuations due to limited cycles, while the cycle-unaware agent reacted to almost all fluctuations.",doc_1_59,How does the trained cycle-aware agent handle imbalance price fluctuations?,How does the cycle-unaware agent respond to imbalance price fluctuations?,What are the differences in response between the trained cycle-aware agent and the cycle-unaware agent to imbalance price fluctuations?
What impact do risk-averse arbitrage strategies have on the distribution of hourly profit?, Risk-averse arbitrage strategies narrow the distribution of hourly profit and mitigate its tail.,doc_1_59,What are the characteristics of risk-averse arbitrage strategies?,How do these strategies impact the mean of hourly profit?,How do these strategies impact the variance or standard deviation of hourly profit?
What is the size of the experience replay buffer used in both the DQN and FQI methods?, The experience replay buffer size for both DQN and FQI methods is 16384.,doc_1_60,What is the size of the experience replay buffer used in DQN?,What is the size of the experience replay buffer used in FQI?,Are there any differences between the sizes of the experience replay buffers used in DQN and FQI?
On which day was the evaluation of the DQN and FQI methods conducted?," The evaluation of DQN and FQI methods was conducted on February 10, 2022.",doc_1_60,When was the evaluation of DQN conducted?,When was the evaluation of FQI conducted?,Was the evaluation of DQN and FQI conducted on the same day?
What is the experience replay buffer size used for the DQN method?, The experience replay buffer size used for the DQN method is 16384.,doc_1_61,What is the experience replay buffer size?,Is it used for the DQN method?,How does it impact the performance of DQN?
How does the run time of the FQI method compare to that of the DQN method?, The run time of the FQI method is roughly 5 times greater than that of the DQN method.,doc_1_61,What are the factors affecting the run time of the FQI method?,What are the factors affecting the run time of the DQN method?,How do these factors compare between the FQI and DQN methods?
What is the title of the article referenced by '[5] Yinguo Yang et al.'?," ""Life cycle economic viability analysis of battery storage in electricity market""",doc_1_63,What is the reference number of the article?,Who are the authors of the article?,What is the title of the article?
Which journal published the paper '[6] Amelie Krupp et al.'?, Journal of Energy Storage,doc_1_63,Which paper was published by Amelie Krupp et al.?,What is the citation format for the journal that published this paper?,In which journal was the paper '[6] Amelie Krupp et al.' published?
What is the main focus of the article 'Strategy for real-time management of energy storages in virtual power plants integrated with power grid'?, The main focus of the article is on real-time management strategies for energy storages in virtual power plants integrated with the power grid.,doc_1_64,What are the key strategies discussed in the article?,How does the article propose managing energy storages in real-time?,"What is the role of virtual power plants integrated with the power grid, according to the article?"
Which journal published the paper 'Strategic Implicit Balancing with Energy Storage Systems via Stochastic Model Predictive Control'?," ""IEEE Transactions on Energy Markets, Policy and Regulation""",doc_1_64,Which journal published the paper?,What is the title of the paper?,Who are the authors of the paper?
"What is the main focus of the paper by Kazem Zare, Sayyad Nojavan, and their co-authors?", The main focus of Kazem Zare and Sayyad Nojavan's paper is a hybrid stochastic-robust optimization approach for energy storage arbitrage in day-ahead and real-time markets.,doc_1_65,What is the main focus of the paper?,Who are the authors of the paper?,What are the names of the co-authors?
"Which publication did Jonas Engels, Bert Claessens, and Geert Deconinck publish their work on combined stochastic optimization?"," Jonas Engels, Bert Claessens, and Geert Deconinck published their work on combined stochastic optimization in ""IEEE Transactions on Smart Grid"".",doc_1_65,Who are the authors of the publication on combined stochastic optimization?,"What is the topic of the publication by Jonas Engels, Bert Claessens, and Geert Deconinck?",Which journal or conference did they publish their work in?
"What are the main topics discussed in the article 'nt learning for control: Performance, stability, and deep approximators'?"," The main topics discussed in 'nt learning for control' are performance, stability, and deep approximators.",doc_1_68,What are the main topics discussed in the article 'nt learning for control'?,"What is the focus on performance in the article 'nt learning for control: Performance, stability, and deep approximators'?","How does the article discuss deep approximators in the context of 'nt learning for control: Performance, stability, and deep approximators'?"
Which journal did the article 'Development of improved reinforcement learning smart charging strategy for electric vehicle fleet' appear in?, The article 'Development of improved reinforcement learning smart charging strategy for electric vehicle fleet' appeared in Journal of Energy Storage.,doc_1_68,What is the title of the article?,Which field does the article belong to?,In which journal did the article appear?
"Which journal published the article by Jonas Engels, Bert Claessens, and Geert Deconinck?", Applied Energy,doc_1_71,Who are the authors of the article?,What is the title of the article?,In which journal was the article published?
In which year was the paper by Chengke Zhou et al. on the cost of EV battery wear due to V2G application in power systems published?, 2011,doc_1_71,What is the topic of the paper by Chengke Zhou et al.?,Who are the authors of the paper on EV battery wear due to V2G application in power systems?,In which journal or conference was the paper published?
What is the primary challenge mentioned regarding reinforcement learning (RL) models?, The primary challenge mentioned regarding reinforcement learning (RL) models is understanding why these agents make specific decisions.,doc_2_0,What are the challenges mentioned regarding reinforcement learning (RL) models?,Which challenge is considered primary among those mentioned for RL models?,Is there a consensus on what constitutes the primary challenge in RL models?
Which method does the text suggest as a promising approach to address the transparency issue in RL models?, Causal State Distillation,doc_2_0,Which transparency issue does the text address in RL models?,What approach is suggested by the text to improve transparency?,Why is this approach considered promising?
What are the three crucial properties of causal factors that the presented approach encourages?," The presented approach encourages causal sufficiency, sparseness, and orthogonality of causal factors.",doc_2_1,What are the crucial properties of causal factors?,How does the presented approach encourage these properties?,Which three properties are most emphasized by this approach?
How does RD alone limit the insights it provides into an RL agent's behavior?," RD alone limits insights as it focuses on sub-rewards, not intricate cause-and-effect relationships within an RL agent's neural model.",doc_2_1,What are the limitations of RD in providing insights into an RL agent's behavior?,How does RD alone fall short in explaining the actions of an RL agent?,In what ways does relying solely on RD restrict our understanding of an RL agent's decision-making process?
What are the three properties mentioned that help distill cause-and-effect relationships in RL agents?," The three properties mentioned are efficiency, sparseness, and orthogonality.",doc_2_2,What are the properties mentioned?,How do these properties help distill cause-and-effect relationships in RL agents?,What is the significance of distilling cause-and-effect relationships in RL agents?
"Which field's post-hoc saliency approaches have been adapted to understand the behavior of RL agents, according to the text?", The field of explainable machine learning.,doc_2_2,Which fields have post-hoc saliency approaches?,What are the post-hoc saliency approaches in these fields?,How have these post-hoc saliency approaches been adapted to understand RL agents?
What are the two key issues identified in applying saliency map approaches to explain RL agent behaviour?," The first issue is that saliency maps may provide misleading interpretations of agent actions. Additionally, these approaches are not grounded in the agent's learning process.",doc_2_3,What are the key issues identified in applying saliency map approaches to explain RL agent behaviour?,How do saliency map approaches help in explaining RL agent behaviour?,What are the limitations of using saliency maps for interpreting RL agent actions?
"According to Atrey et al. (2020), what potential problem can arise from using saliency maps to interpret agent actions?"," According to Atrey et al. (2020), saliency maps can convey misleading, non-causal interpretations of agent actions.",doc_2_3,What potential problem can arise from using saliency maps?,"According to Atrey et al. (2020), what is the issue with interpreting agent actions using saliency maps?",What challenge does Atrey et al. (2020) identify in the use of saliency maps for understanding agent behavior?
What does s0 denote in the context of causal state distillation?, s0 denotes the distilled non-causal components of state s in causal state distillation.,doc_2_4,What is causal state distillation?,What are the components of causal state distillation?,How does s0 relate to these components?
Why might saliency-based approaches be less effective for generating meaningful saliency maps in reinforcement learning tasks compared to supervised tasks?, Saliency-based approaches may be less effective in RL tasks because they overlook RL-specific aspects and are primarily developed for supervised tasks that address non-temporal reasoning.,doc_2_4,Why might saliency-based approaches be less effective for generating meaningful saliency maps in reinforcement learning tasks?,How do the challenges of reinforcement learning impact the effectiveness of saliency-based approaches compared to supervised tasks?,What specific aspects of reinforcement learning tasks make it difficult for saliency-based approaches to generate meaningful saliency maps?
What specific aspect of saliency maps limits their effectiveness in generating meaningful maps for RL agents?," Saliency maps overlook RL-specific aspects and are developed for supervised tasks with non-temporal reasoning. They fall short in providing insights into an agent's interaction data, rewards received, state transitions, and diverse goals.",doc_2_5,What limits the effectiveness of saliency maps in generating meaningful maps for RL agents?,What specific aspect of saliency maps contributes to this limitation?,How does this limitation impact the performance of RL agents?
"Why is interaction data vital for understanding the decision-making process of RL agents, and how do saliency maps fall short in this regard?"," Interaction data is vital for understanding RL agents' decision-making as it provides context on rewards received and states transitioned between. Saliency maps fall short because they are developed for supervised tasks, ignoring temporal reasoning and interaction data crucial for RL explanations.",doc_2_5,Why is interaction data vital for understanding the decision-making process of RL agents?,What role do saliency maps play in this context?,How do saliency maps fall short in understanding the decision-making process of RL agents?
What are the three desired properties of causal factors mentioned in the text?," The desired properties of causal factors mentioned are sufficiency, sparsity, and orthogonality.",doc_2_7,What are the desired properties of causal factors mentioned in the text?,How many desired properties of causal factors are mentioned in the text?,What is the significance of these desired properties for understanding causality?
How does the structural causal model help in understanding the agent's decision-making process?," The structural causal model helps in understanding the agent's decision-making process by formalizing how different state components contribute to various reward aspects or Q-values. It aims to separate latent factors that are causally relevant to the agent’s decisions from those that are not, using properties like sufficiency and sparsity.",doc_2_7,How does the structural causal model represent the agent's decision-making process?,What aspects of the agent's decision-making process can be understood through the structural causal model?,In what ways does the structural causal model aid in analyzing the agent's decision-making process?
What are the two paradigms presented for distilling causal factors?, R-Mask and Q-Mask,doc_2_8,What is the first paradigm presented for distilling causal factors?,What is the second paradigm presented for distilling causal factors?,How are these two paradigms different from each other?
How do the learned causal factors improve over saliency maps?, The learned causal factors improve over saliency maps in both expressiveness and diversity.,doc_2_8,How do the learned causal factors compare to saliency maps in terms of accuracy?,In what ways do the learned causal factors provide more insight than saliency maps?,What are the limitations of learned causal factors compared to saliency maps?
What are the two paradigms presented for distilling causal factors?, R-Mask and Q-Mask,doc_2_9,What is the first paradigm presented for distilling causal factors?,What is the second paradigm presented for distilling causal factors?,How are these two paradigms different from each other?
How does the explanation framework learn to discover which state components are beneficial?, The explanation framework learns to discover beneficial state components by imposing causal sufficiency on reward and Q-value factorization.,doc_2_9,How does the framework identify beneficial state components?,What process does the framework use to learn about state components?,How does the framework determine which state components are beneficial?
What is the main focus of the explanation framework mentioned in the text?, The main focus of the explanation framework mentioned in the text is to globally learn which state components are beneficial for local explanations.,doc_2_10,What is the explanation framework mentioned in the text?,What are the key components of this explanation framework?,How does this explanation framework contribute to its main focus?
"How do local explanation techniques for RL differ from those in XAI, according to the text?", Local explanation techniques for RL extend from those in XAI but focus on action-oriented explanations for specific instances.,doc_2_10,How are local explanation techniques used in RL?,What are the local explanation techniques in XAI according to the text?,In what ways do these techniques differ between RL and XAI?
"What issue does the saliency map method used by Greydanus et al. (2018) face, and how does Gupta et al. (2019) address it?", The saliency map method by Greydanus et al. (2018) can highlight irrelevant regions. Gupta et al. (2019) address this by mitigating the issue of irrelevant highlights in their complementary work.,doc_2_11,What issue does the saliency map method used by Greydanus et al. (2018) face?,How does Gupta et al. (2019) address this issue?,What specific improvements or solutions did Gupta et al. (2019) propose for the saliency map method?
"According to Atrey et al. (2020), what potential problem arises when using saliency maps as evidence for explaining RL agents' behavior?"," The saliency map might highlight irrelevant regions and be highly subjective, making it difficult to verify claims about the agent's behavior.",doc_2_11,What potential problem arises when using saliency maps?,"According to Atrey et al. (2020), what is the issue with using saliency maps as evidence for explaining behavior?",How do saliency maps pose a challenge in explaining RL agents' behavior according to Atrey et al. (2020)?
What additional information is required for training techniques in reward decomposition?," The techniques generally require additional information for training. For example, reward decomposition needs to know the existing reward structure prior to the agent’s learning.",doc_2_12,What types of rewards need to be considered?,How should the decomposition process be structured?,What metrics are necessary for evaluating the effectiveness of the decomposition?
How does the earlier work on causal explainability generate explanations?," Earlier work on causal explainability generates explanations by using a learned causal model to answer ""why"" and ""why not"" questions.",doc_2_12,What methods are used in earlier work on causal explainability?,How do these methods generate explanations?,What types of explanations are generated by these methods?
What is the main limitation of the approach by Mad- umal et al. (2019) as described in the text?," The main limitation of Madumal et al. (2019) is that it relies on known abstract state variables for explanation generation, restricting it to discrete setups.",doc_2_13,What are the limitations of the approach by Mad- umal et al. (2019)?,Which limitation is considered the main one?,How is this limitation described in the text?
How does the work of Wang et al. (2023) differ from the method mentioned in the text?," The work of Wang et al. (2023) differs from the method mentioned in the text by focusing on quantifying state and temporal importance to action selection using learned structural equations for a known causal structure, while the other methods aim to explain ""why"" and ""why not"" questions or interpret expert behavior with limitations to linear reward functions.",doc_2_13,What are the key methods used by Wang et al. (2023)?,What is the method mentioned in the text?,How do these two methods differ?
What is the limitation of the application mentioned in the first sentence?, The limitation of the application mentioned in the first sentence is that it is restricted to unusual cases with abstract states.,doc_2_14,What are the limitations of the application?,How do these limitations impact its functionality?,Are there any workarounds or solutions to address these limitations?
How does the research described in the text differ from other works that provide post-hoc causal explanations?, The research differs by focusing on inherent RL explanations rather than post-hoc causal explanations in supervised settings.,doc_2_14,How does the research described in the text provide causal explanations?,What are the post-hoc causal explanations provided by other works?,In what ways do these explanations differ from those of the research described in the text?
What is the unique aspect of the explanation method mentioned in the text?, The unique aspect of the explanation method is its ability to generate latent factor-based explanations associated with various reward facets while coevolving with the agent's policy learning.,doc_2_15,What is the explanation method mentioned in the text?,What makes this explanation method unique?,How does this uniqueness contribute to the overall understanding or effectiveness of the method?
How does this work differ from approaches by Zhu et al. (2022) and Guo et al. (2022)?," This work differs from Zhu et al. (2022) and Guo et al. (2022) by leveraging causality to learn an intrinsically interpretable RL policy, rather than using it for learning representations that benefit generalizability and sample efficiency.",doc_2_15,How does this work differ from the approach by Zhu et al. (2022)?,How does this work differ from the approach by Guo et al. (2022)?,What are the specific differences between this work and the approaches by Zhu et al. (2022) and Guo et al. (2022)?
What is the purpose of defining a causal graph as mentioned in point (i) of the text?," The purpose of defining a causal graph is to relate state factors, agent's actions, and its rewards.",doc_2_16,What is a causal graph?,Why is defining a causal graph important?,How does point (i) define a causal graph?
How does the learning framework described in point (iv) ensure the success of policy learning for RL tasks with multiple reward channels?," The learning framework in point (iv) ensures success by learning causal factors α while accounting for multiple reward channels, even if they are unknown during training.",doc_2_16,How does the learning framework in point (iv) handle multiple reward channels?,What mechanisms in the learning framework ensure policy learning success?,How does this framework address the challenges of RL tasks with multiple reward channels?
What does α represent in the Structural Causal Model (SCM) for RL explanations?," In the SCM for RL explanations, α represents causal factors.",doc_2_17,What is the role of α in the Structural Causal Model (SCM) for RL explanations?,How does α influence the causal relationships in the SCM for RL explanations?,What specific aspects of the RL process are represented by α in the SCM?
How do both α1 and α2 determine sub-reward r2 according to the extended SCM for RL explanations?, Both α1 and α2 determine sub-reward r2 in the extended SCM for RL explanations.,doc_2_17,How does α1 determine sub-reward r2 according to the extended SCM for RL explanations?,How does α2 determine sub-reward r2 according to the extended SCM for RL explanations?,What is the relationship between α1 and α2 in determining sub-reward r2 according to the extended SCM for RL explanations?
What is the difference between the factors α and β in terms of their impact on the agent's actions and rewards?," α affects actions (a) and rewards (r), while β does not. Interventions on β do not impact a or r, but changes in s result from interventions on both α and β.",doc_2_18,How does α impact the agent's actions?,How does β impact the agent's rewards?,What is the difference in their effects on the agent's behavior?
How does the text describe the process of learning to separate causal factors (α) from non-causal factors (β)?," The process involves learning to separate causal factors (α) from non-causal factors (β), where β represents states observed by the agent but does not influence actions or rewards. Interventions on α affect both state and actions/rewards, while changes in β do not impact α.",doc_2_18,How does the text describe the process of learning causal factors (α)?,How does the text describe the process of separating non-causal factors (β) from causal factors?,What methods or techniques are mentioned in the text for distinguishing between causal and non-causal factors?
"What is the relationship among causal factors, action, and sub-rewards as depicted in Fig. 2(b)?"," The relationship among causal factors, action, and sub-rewards as depicted in Fig. 2(b) shows that a subset of causal factors has a significant influence on both the chosen action and specific reward components (sub-rewards).",doc_2_19,What are the causal factors depicted in Fig. 2(b)?,How do actions relate to these causal factors?,What role do sub-rewards play in this relationship?
How are the actual values of sub-rewards retrieved from the raw state st or a learned representation of it?," The actual values of sub-rewards are retrieved from either the raw state st or a learned representation of it, using a neural network-based masker mi(·).",doc_2_19,How are the actual values of sub-rewards retrieved?,What is the role of the raw state st in this process?,How does a learned representation of st factor into retrieving sub-rewards?
What is the method used to retrieve causal factors α from the raw state st or its learned representation?," The method used to retrieve causal factors α from the raw state st or its learned representation is by using a neural network-based masker mi(·), i.e., ¯αi = mi(st) ∗ψ(st) = mi(st) ∗α.",doc_2_20,What is the method used to retrieve causal factors α?,How are causal factors α retrieved from raw state st?,How are causal factors α retrieved from its learned representation?
"According to the text, what are the two desiderata that the learned causal factors α should fulfill?", The learned causal factors α should be independent of non-causal factors β and sufficient to predict rewards r and explain the causal dependency between actions a.,doc_2_20,What is the first desideratum that the learned causal factors α should fulfill?,What is the second desideratum that the learned causal factors α should fulfill?,"According to the text, why are these two desiderata important for the learned causal factors α?"
What is the expectation regarding the information content of subsets ¯αi and ¯αj for determining sub-rewards ri and rj?," The expectation is that ¯αi and ¯αj should be minimally sufficient for predicting ri and rj respectively, containing no or less information about each other's sub-rewards.",doc_2_21,What are ¯αi and ¯αj?,How do sub-rewards ri and rj relate to ¯αi and ¯αj?,What is the expectation regarding the information content of subsets for determining any rewards?
How does the learning framework address the need for performing causal intervention on non-causal factors?," The learning framework addresses the need for performing causal intervention on non-causal factors by ensuring that causal factors are sufficient to predict rewards and actions, minimizing information overlap between different subsets of causal factors, and using a metric for causal influence.",doc_2_21,How does the learning framework identify non-causal factors?,What methods does the framework use to perform causal interventions?,How effective is the framework in addressing these interventions?
What is the measure of independence mentioned in the text that needs to be applied between any subsets over α?, The measure of independence mentioned in the text that needs to be applied between any subsets over α is causal intervention.,doc_2_22,What measure of independence is mentioned in the text?,Which subsets over α does this measure need to be applied to?,How should this measure be applied between any subsets over α?
"How do Lv et al. (2022) intervene on β, and what components are perturbed and maintained during this process?", Lv et al. (2022) intervene on β by perturbing the amplitude component while maintaining the phase.,doc_2_22,How do Lv et al. (2022) intervene on β?,What components are perturbed during this process by Lv et al. (2022)?,What components are maintained during this process by Lv et al. (2022)?
What is the purpose of perturbing the amplitude component β while maintaining the phase?, The purpose of perturbing the amplitude component β while maintaining the phase is to encode low-level statistics in the amplitude and optimize the encoder to maintain the invariance of causal factors.,doc_2_23,What effect does perturbing the amplitude component β have?,How does maintaining the phase affect the system?,Why is it important to perturb only the amplitude component and not the phase?
How does the encoder ψ optimize to maintain the invariance of α following the intervention upon β?," The encoder ψ optimizes to maintain the invariance of α by maximizing the cosine similarity between ψ(s) and ψ(sinter), where sinter is the intervened state with β removed.",doc_2_23,How does the encoder ψ optimize?,What is the role of α in this process?,How does the intervention upon β affect the optimization?
What condition must hold for a distilling masker mi(·) to be regarded as causally sufficient?, A distilling masker mi(·) must ensure that the information transition to the reward is sufficient such that the causality between the (sub-)event trigger and its environmental feedback holds clearly.,doc_2_24,What properties must mi(·) have?,How should mi(·) relate to the causal structure?,What criteria determine causal sufficiency for mi(·)?
How can the total information regarding environmental causality be persisted according to the text?," The total information regarding environmental causality can be persisted via regression r = PK i ri = PK i Rθ(¯αi, a), by minimizing the L2-norm fidelity loss min E∥ X i Rθ(¯αi, a) −r∥2.",doc_2_24,What is the total information regarding environmental causality?,How can this information be persisted?,According to what text should this be done?
What is the challenge reported in the joint learning process of decomposing state and fitting a policy?," The challenge reported is that insufficient causal factors hinder policy learning, while non-informative trajectories from an under-optimized policy impede causality distillation.",doc_2_25,What is the challenge in decomposing state?,What is the challenge in fitting a policy?,How do these challenges interact in the joint learning process?
Under what setting are the findings of (masked) Q-learning with causal factors reported?, The findings of (masked) Q-learning with causal factors are reported under the setting where sub-rewards are known from the environment.,doc_2_25,What are the findings of (masked) Q-learning with causal factors?,Under what conditions are these findings reported?,In which setting do these reports occur?
What is the objective function used to achieve information orthogonality between inter-states ¯αi and ¯αj?, The objective function used to achieve information orthogonality between inter-states ¯αi and ¯αj is min X i̸=j I(¯αi t; ¯αj t).,doc_2_28,What are the inter-states ¯αi and ¯αj?,What is information orthogonality?,What objective function achieves this?
"How can the component reward ri be determined, according to the text?", The component reward ri can be determined by maximizing or minimizing mutual information between ¯αi and ri or rj.,doc_2_28,What factors influence the determination of component reward ri?,How is the component reward ri calculated according to the text?,Are there any specific methods or formulas mentioned for determining component reward ri?
"What is the main objective that the authors aim to minimize for efficient estimation, and how does this relate to previous works?"," The main objective they aim to minimize for efficient estimation is H(¯αi), which relates to previous works by being an approximation of their objectives.",doc_2_30,What is the main objective that the authors aim to minimize for efficient estimation?,How does this relate to previous works on efficient estimation?,What specific aspects of efficient estimation are the authors focusing on in their work?
"How do the authors optimize their technique with an L1 penalty, and what experimental evidence do they provide to demonstrate its effectiveness?"," The authors optimize their technique with an L1 penalty to achieve sparse weights and stable information transition. They experimentally demonstrate its effectiveness by showing it leads to better estimation of ¯αi, as indicated by minimizing H(¯αi).",doc_2_30,How do the authors optimize their technique with an L1 penalty?,What experimental evidence do they provide to demonstrate its effectiveness?,What is the specific technique they are optimizing?
What is the difference between Q-Mask and its counterpart without sparsity and orthogonality losses?," Q-Mask includes sparsity and orthogonality losses (Eq. 3 and Eq. 4) for mask updates, while its counterpart without these losses is called Q-Mask Lite.",doc_2_31,What are the sparsity losses in Q-Mask?,What are the orthogonality losses in Q-Mask?,How does Q-Mask differ from its counterpart without these losses?
How does the technique of employing objectives to distil ¯αi influence the reward component ri in R-Mask?, The technique of employing objectives to distil ¯αi influences the reward component ri in R-Mask by dictating its value.,doc_2_31,How does the technique of employing objectives influence ¯αi?,How does distilling ¯αi affect the reward component ri in R-Mask?,What is the impact of using objectives to distil ¯αi on the reward component ri in R-Mask?
How does the auxiliary task of decomposing reward influence the generation of explanation artefacts?," The auxiliary task of decomposing reward (i.e., predicting ri(s, a)) influences the generation of explanation artefacts by providing insights into the role of causal sufficiency of reward components and actions in learning causal factors.",doc_2_32,How does the auxiliary task of decomposing reward affect the quality of generated explanations?,What specific aspects of the decomposition process influence the creation of explanation artefacts?,In what ways do the generated explanation artefacts differ when the reward is not decomposed?
What insights can be gained about the role of causal sufficiency of reward components in learning causal factors after predicting the reward?," Following reward prediction, insights can be gained about the role of causal sufficiency of reward components in learning causal factors by estimating ri(¯αi, a).",doc_2_32,What role does causal sufficiency of reward components play in learning?,How do causal factors influence the prediction of rewards?,What insights can be gained about learning after predicting the reward?
What are the two Atari 2600 tasks used in the experiments?, Gopher and MsPacman,doc_2_33,What are the Atari 2600 tasks?,How many Atari 2600 tasks were used in the experiments?,Which specific Atari 2600 tasks were included?
"In the Gopher game, what are the rewards for bonking the gopher and filling holes?"," In the Gopher game, the rewards are 0.8 for bonking the gopher and 0.15 for filling holes.",doc_2_33,What is the reward for bonking the gopher?,What is the reward for filling holes?,Are there any additional rewards in the Gopher game?
What is the reward for filling holes before the gopher tunnels out and eats carrots?, The reward for filling holes before the gopher tunnels out and eats carrots is 0.15.,doc_2_34,What is the reward for filling holes?,When should holes be filled to receive a reward?,What happens if the gopher tunnels out and eats carrots?
"How many ghosts can Pacman eat after consuming an Energy Pill, and what is the reward for each ghost eaten?"," After consuming an Energy Pill, Pacman can eat up to 4 ghosts. The reward for each ghost eaten is 5.",doc_2_34,How many ghosts can Pacman eat after consuming an Energy Pill?,What is the reward for each ghost eaten?,Are there any additional effects or changes when Pacman eats a ghost after consuming an Energy Pill?
"What is the significance of critical states as defined by the utility gap C(s) = maxa Q(s, a)−second-highestaQ(s, a)?"," Critical states are characterized by significant utility gaps between optimal and second-best actions, as defined by C(s) = maxa Q(s, a)−second-highestaQ(s, a).",doc_2_35,"What is the utility gap C(s) as defined by maxa Q(s, a)−second-highestaQ(s, a)?",How does the critical state relate to the utility gap C(s)?,What is the significance of identifying critical states in decision-making processes?
How does the task of reward prediction influence the explanation generation process?," The task of reward prediction can influence explanation generation by probing other aspects of the agent's interaction data, such as reward, to enhance understanding of the agent's behavior.",doc_2_35,How does the task of reward prediction affect the accuracy of generated explanations?,What specific aspects of the explanation generation process are influenced by reward prediction?,Are there any limitations or challenges in using reward prediction for generating explanations?
What is the performance drop of RD-pred compared to RD in Table 1?, The performance drop of RD-pred compared to RD in Table 1 is −7.62%.,doc_2_36,What are the performance metrics for RD-pred and RD in Table 1?,How do these metrics compare between RD-pred and RD?,Is there a significant drop in any specific metric for RD-pred compared to RD?
How does the reward prediction task help with the interpretability of agent behavior?, The reward prediction task helps interpretability by allowing visual differentiation of explanations and identifying areas relevant to rewards.,doc_2_36,How does the reward prediction task influence the understanding of agent behavior?,What aspects of agent behavior are revealed by the reward prediction task?,In what ways does the reward prediction task aid in interpreting complex behaviors of agents?
What is the difference between y saliency and R saliency as described in the text?," Y saliency focuses on the scoreboard and can lead to a causal fallacy by putting the effect before the cause. R saliency attends to temporarily relevant areas like the leftmost ground and avatar body, making it more informative for interpreting temporary behavior than Q-value saliency.",doc_2_37,What is y saliency?,What is R saliency?,How do y saliency and R saliency differ?
"How do predicted rewards and Q-values differ in their interpretation of causal structure, according to the text?"," Predicted rewards reflect immediate transitions, while Q-values represent long-term gains, potentially distorting causal structure.",doc_2_37,How does the text interpret predicted rewards in terms of causal structure?,How does the text interpret Q-values in terms of causal structure?,"What are the differences between these interpretations, according to the text?"
What is the difference between Q-value saliency and R-salience in the context of the provided evaluation metrics?, Q-value saliency interprets temporary behavior while R-salience focuses on reward.,doc_2_38,What is Q-value saliency?,What is R-salience?,How do these concepts differ in the context of the provided evaluation metrics?
"How do the performance results for RD, RD-pred, and RD-pred-u compare to each other?"," RD has the highest performance (15.62 ± 1.58), followed by RD-pred (14.43 ± 0.41) and then RD-pred-u (13.78 ± 0.21).",doc_2_38,How does RD compare to RD-pred?,How does RD compare to RD-pred-u?,How does RD-pred compare to RD-pred-u?
What does the R-Mask approach aim to achieve with its constrained information flow?, The R-Mask approach aims to constrain information flow by distilling disentangled components of a state.,doc_2_39,What are the goals of the R-Mask approach?,How does constrained information flow contribute to these goals?,What specific outcomes or benefits does the R-Mask approach aim to achieve with its constrained information flow?
"How do the attention masks generated by R-Mask and RD-pred-u differ in their focus, as shown in Figures 4, 6(a), and 6(b)?"," R-Mask focuses on relevant objects like the avatar and gopher, while RD-pred-u may focus on irrelevant objects or lose focus entirely.",doc_2_39,How does the attention mask generated by R-Mask focus differently from that of RD-pred-u in Figure 4?,What are the differences in focus between the attention masks generated by R-Mask and RD-pred-u in Figure 6(a)?,How do the attention masks generated by R-Mask and RD-pred-u differ in their focus in Figure 6(b)?
What is the difference between the focus of RD-pred-u and R-Mask on relevant versus irrelevant objects?," RD-pred-u focuses on irrelevant objects like a flying bird or loses focus entirely, while R-Mask concentrates on relevant objects such as an avatar and gopher.",doc_2_40,What is the focus of RD-pred-u on relevant objects?,What is the focus of RD-pred-u on irrelevant objects?,What is the difference between RD-pred-u and R-Mask in their focus on relevant versus irrelevant objects?
"How does the performance of R-Mask compare to that of the baseline RD, according to Table 1?"," According to Table 1, R-Mask achieves a relatively higher task return than RD-pred-u but is slightly lower than the baseline RD performance.",doc_2_40,What are the performance metrics used in Table 1?,How does R-Mask perform according to these metrics?,How do these performances compare to those of the baseline RD?
What does the term 'R-Mask' refer to in the context of this text?, 'R-Mask' refers to attention masks used in states with specific rewards.,doc_2_41,What is the context of this text?,What term is referred to as 'R-Mask' in this context?,In what way does 'R-Mask' relate to this context?
How is the reward r0 manually verified after decomposition has been learned?, The reward r0 is manually verified post-hoc after decomposition has been learned.,doc_2_41,How is the reward r0 defined?,What process is used to decompose the reward?,What steps are involved in manually verifying the decomposed reward?
"What is the challenge mentioned in optimizing a policy, and what factors may contribute to this challenge?", The challenge in optimizing a policy lies in insufficient factors and unstable Q-agent updates.,doc_2_42,What is the challenge mentioned in optimizing a policy?,What factors contribute to this challenge?,How do these factors impact the optimization process?
"What are the three evaluation metrics proposed for gauging the attainment of desired behaviour of masks, and how are they computed?"," The three evaluation metrics are fidelity, sparsity, and overlap of masks. Fidelity measures decision consistency between full and distilled states, sparsity assesses information capacity decrease, and overlap counts mask orthogonality.",doc_2_42,What are the three evaluation metrics proposed for gauging the attainment of desired behaviour of masks?,How is the first evaluation metric computed?,How are the second and third evaluation metrics computed?
What is the main difference between R-Mask and Q-Mask masks as described in the text?," R-Mask masks are more distinct and orthogonal, while Q-Mask masks are guided by an RL objective and may introduce bias in causal relationships.",doc_2_43,What are the characteristics of R-Mask?,What are the characteristics of Q-Mask?,How do these characteristics differ?
"According to the text, what potential bias can be introduced by using top-down attention like Q-Mask?"," Using top-down attention like Q-Mask can introduce bias by heavily tying mask shaping to the RL objective, potentially causing the agent to link its rewarding behavior with changes in displayed scores.",doc_2_43,What are the potential biases introduced by top-down attention?,How does Q-Mask introduce bias in top-down attention?,Are there any specific examples of bias introduced by using Q-Mask?
What is the highest fidelity score achieved among the methods evaluated on Atari tasks?, The highest fidelity score achieved among the methods evaluated on Atari tasks is 88.16 ± 0.09% for Q-Mask Lite.,doc_2_44,What are the methods evaluated on Atari tasks?,What is fidelity score in this context?,Which method achieved the highest fidelity score?
Which method has the lowest sparsity score according to the table?, Q-Mask Lite has the lowest sparsity score of 3.4e-4.,doc_2_44,Which methods are listed in the table?,What is the sparsity score for each method?,Which of these scores is the lowest?
What is the correlation between sparsity and orthogonality in the Gopher context?," In the Gopher context, a lower level of sparsity tends to correlate with a heightened degree of orthogonality.",doc_2_46,What is sparsity in the Gopher context?,What is orthogonality in the Gopher context?,How do sparsity and orthogonality relate to each other in the Gopher context?
How do the indicators align with the perception of the generated explanations for the RL tasks?," The indicators align with the perception of generated explanations for RL tasks, as they prevent trivial and irrelevant causal factors from being learned.",doc_2_46,How do the indicators align with the generated explanations?,What is the perception of the generated explanations for the RL tasks?,How do these two aspects relate to each other?
What does the larger Q-value difference under the gopher reward component explain about the agent's preference for the 'LEFT' move over 'LEFTFIRE' in a critical scenario?," The larger Q-value difference under the gopher reward component explains that the agent prefers the 'LEFT' move over 'LEFTFIRE' in a critical scenario because it aims for double rewards by moving left before executing an ""UPFIRE"" action when the gopher emerges.",doc_2_47,What does the larger Q-value difference indicate about the agent's preference for 'LEFT'?,How does the gopher reward component influence the agent's choice between 'LEFT' and 'LEFTFIRE'?,Why is the scenario considered critical in relation to the agent's moves?
"How do attention masks provided by R-Mask help in understanding the agent’s one-step action, as described in the text?"," Attention masks provided by R-Mask help in understanding the agent’s one-step action by capturing subtle nuances between visually similar scenarios and accurately predicting reward components, as seen in critical scenarios like Fig. 4.",doc_2_47,How do attention masks work in the context of R-Mask?,What role does R-Mask play in understanding one-step actions?,How are the agent’s one-step actions described in the text?
What is the main challenge R-Mask faces when applied to environments with interdependent rewards?, The main challenge R-Mask faces when applied to environments with interdependent rewards is that it affects the accuracy of reward prediction.,doc_2_48,What are the interdependent rewards in the environment?,How does R-Mask handle individual rewards?,What challenges arise from the interaction of these rewards with R-Mask?
In which environment was R-Mask tested to validate its ability to mine cause-effect relationships?, R-Mask was tested in the MsPacman environment.,doc_2_48,What is R-Mask?,What does it mean to mine cause-effect relationships?,In which environment was the ability of R-Mask validated?
What is the difference between the causal model introduced in this approach and traditional saliency-based methods?," The causal model introduced in this approach identifies explanatory factors contributing to an agent’s decisions, differing from traditional saliency-based methods that focus on highlighting important features.",doc_2_49,What are the key features of the causal model introduced in this approach?,How do traditional saliency-based methods operate?,What specific differences exist between the causal model and traditional saliency-based methods?
"How does the proposed framework integrate with policy-level explanations, such as those by Guo et al. (2021)?", The proposed framework can be integrated with policy-level explanations like those by Guo et al. (2021) to identify critical time steps and localize features for a deeper understanding of the agent's attention history.,doc_2_49,How does the proposed framework integrate with policy-level explanations?,What are the specifics of how Guo et al. (2021) provide policy-level explanations?,In what ways do these integrations complement or differ from each other?
What is the main challenge mentioned in the text regarding the use of learned causal factors?, The main challenge mentioned in the text regarding the use of learned causal factors is assigning nontrivial meanings to factors when they exist.,doc_2_50,What are the learned causal factors mentioned in the text?,What is the challenge regarding their use?,Is there a main challenge among these challenges?
"According to the text, what is another future direction that is considered promising but challenging?"," Relaxing the assumption of multiple rewards, i.e., exploring a more general setting without sub-rewards, is another promising but challenging future direction.",doc_2_50,What other future direction is considered promising?,What makes this future direction challenging?,"According to the text, what are the specific challenges of this future direction?"
What is the main challenge mentioned when assigning meanings to causal factors?," The main challenge mentioned when assigning meanings to causal factors is that they contribute to a single reward facet, making it difficult to assign nontrivial meanings.",doc_2_51,What are the challenges mentioned when assigning meanings to causal factors?,Which challenge is considered the main one among those mentioned for assigning meanings to causal factors?,Why is that particular challenge considered the main one?
How could techniques like LLMs improve the explanation quality of learned factors?, Techniques like LLMs can improve explanation quality by conveying the aspects controlled by each factor to humans in language.,doc_2_51,How can LLMs enhance the clarity of explanations for learned factors?,What specific aspects of explanation quality can LLMs improve upon?,In what ways can LLMs assist in refining and validating learned factors?
What is the main focus of the paper 'Invariant risk minimization' by Martin Arjovsky et al.?, The main focus of 'Invariant risk minimization' by Martin Arjovsky et al. is to minimize risks that are invariant to transformations applied to the data.,doc_2_52,What are the key concepts discussed in 'Invariant risk minimization' by Martin Arjovsky et al.?,What is the primary goal of the paper 'Invariant risk minimization' by Martin Arjovsky et al.?,How does the method proposed in 'Invariant risk minimization' by Martin Arjovsky et al. address the main focus?
"Which conference did Akanksha Atrey, Kaleigh Clary, and David Jensen present their work on 'Exploratory Not Explanatory: Counterfactual Analysis of Saliency Maps for Deep RL'?"," Akanksha Atrey, Kaleigh Clary, and David Jensen presented their work on 'Exploratory Not Explanatory: Counterfactual Analysis of Saliency Maps for Deep RL' at the International Conference on Learning Representations (ICLR) in 2020.",doc_2_52,Which conference did Akanksha Atrey present her work on 'Exploratory Not Explanatory: Counterfactual Analysis of Saliency Maps for Deep RL'?,Which conference did Kaleigh Clary present her work on 'Exploratory Not Explanatory: Counterfactual Analysis of Saliency Maps for Deep RL'?,Which conference did David Jensen present his work on 'Exploratory Not Explanatory: Counterfactual Analysis of Saliency Maps for Deep RL'?
What is the title of the paper by Apaitis et al.?," The title of the paper by Apaitis et al. is ""Explainable Reinforcement learning via Reward Decomposition.""",doc_2_57,What is the title of the paper?,Who are the authors of the paper?,Is Apaitis one of the authors?
In which conference was the paper by Mengdi Li et al. presented?, The paper by Mengdi Li et al. was presented at ICML 2023.,doc_2_57,Who wrote the paper?,What is the title of the paper?,When was the paper presented?
"What is the title of the paper by Prashan Madumal, Tim Miller, Liz Sonenberg, and Frank Vetere?"," The title of the paper by Prashan Madumal, Tim Miller, Liz Sonenberg, and Frank Vetere is ""Explainable reinforcement learning through a causal lens"".",doc_2_59,What is the title of the paper?,Who are the authors of the paper?,Which authors does the paper list?
"In which year was the survey of explainable reinforcement learning by Stephanie Milani, Nicholay Topin, Manuela Veloso, and Fei Fang published?", 2022,doc_2_59,In which year was the survey of explainable reinforcement learning published?,Who are the authors of the survey on explainable reinforcement learning?,What is the full title of the survey on explainable reinforcement learning?
What is the mean score of Q-Mask and R-Mask in Table 4?, The mean score of Q-Mask in Table 4 is 0.507 and for R-Mask it is 1.913.,doc_2_67,What is the mean score of Q-Mask in Table 4?,What is the mean score of R-Mask in Table 4?,Are there any additional considerations or context needed to interpret these scores?
How does the average return for Q-Mask compare to that of R-Mask?," The average return for Q-Mask is 1.97, while that of R-Mask is 2.",doc_2_67,What is the average return for Q-Mask?,What is the average return for R-Mask?,How do these averages compare to each other?
What is the primary reason why Q-agents might struggle to acquire task-solving skills during the initial stages of mask learning?, The primary reason why Q-agents might struggle to acquire task-solving skills during the initial stages of mask learning is that they are exposed solely to a partial environmental view generated by learnable mask networks.,doc_2_68,What are Q-agents?,What is mask learning?,Why might task-solving skills be difficult to acquire initially?
Which figures compare R-Mask (Q-Mask) with its lite variant?," Figures 7, 8, 9, and 10 compare R-Mask (Q-Mask) with its lite variant.",doc_2_68,Which figures compare R-Mask with its lite variant?,What are the key differences between R-Mask and Q-Mask?,How does the lite variant of R-Mask (Q-Mask) perform compared to the original?
What is the difference between Mask 0 and Mask 1?, Mask 0 represents attention to the gopher while Mask 1 represents attention to the ground.,doc_2_70,What are the characteristics of Mask 0?,What are the characteristics of Mask 1?,How do these characteristics differ between Mask 0 and Mask 1?
Why does the agent choose to 'RIGHT' instead of 'FIRE' in the critical state with no reward?," The agent chooses 'RIGHT' over 'FIRE' due to a larger Q-value gap, planning to 'RIGHTFIRE' for a reward.",doc_2_70,What is the critical state?,Why is there no reward in the critical state?,What are the differences between 'RIGHT' and 'FIRE' actions?
What are the rewards associated with the states shown in Fig. 13(a) and Fig. 13(b)?, The rewards are r = 0 for Fig. 13(a) and r = 5 for Fig. 13(b).,doc_2_71,What are the rewards associated with the states shown in Fig. 13(a)?,,
Which elements of the MsPacman environment does each mask in Fig. 12(a) attend to?," Mask 0 attends to ghosts, Mask 1 to energy pills, and Mask 2 to dots.",doc_2_71,Which mask in Fig. 12(a) attends to the elements of the MsPacman environment?,What are the elements of the MsPacman environment that each mask in Fig. 12(a) attends to?,How does each mask in Fig. 12(a) attend to the elements of the MsPacman environment?
What is the reward value for the state shown in Figure 13?, The reward value for the state shown in Figure 13 is not explicitly stated.,doc_2_72,What state is shown in Figure 13?,Is there a reward value associated with that state?,"If so, what is the reward value for that state?"
Which move does Pacman select when it encounters a ghost while consuming a dot?," When Pacman encounters a ghost while consuming a dot, it executes a ""DOWN"" move.",doc_2_72,What are the possible moves Pacman can select?,What is the behavior of Pacman when encountering a ghost?,How does Pacman prioritize consuming dots and avoiding ghosts?
What move does the Pacman select when it encounters a ghost?," When Pacman encounters a ghost, it selects a ""DOWNRIGHT"" move.",doc_2_73,What options does Pacman have when encountering a ghost?,How does Pacman prioritize its moves in the game?,Under what conditions does Pacman choose to avoid or confront a ghost?
Which games are compared in Table 5 for convergence in agent’s learning?, Gopher and MsPacman,doc_2_73,Which agents are compared in Table 5 for convergence in learning?,What is the focus of comparison in Table 5 regarding agent’s learning?,Where is the comparison of agents for convergence in learning presented?
What are the average scores of DDQN* and RD* in the Atari game 'MsPacman'?, The average scores of DDQN* and RD* in 'MsPacman' are 6132 and 5810 respectively.,doc_2_74,What is the average score of DDQN* in the Atari game 'MsPacman'?,What is the average score of RD* in the Atari game 'MsPacman'?,How do the average scores of DDQN* and RD* compare in the Atari game 'MsPacman'?
"Which algorithms, besides DDQN*, were implemented by the authors to compare with Badia et al. (2020)?", RD*,doc_2_74,Which algorithms were implemented by the authors?,What is DDQN*?,Who are Badia et al. (2020)?
What is the purpose of the masker m(·) mentioned in the text?, The masker m(·) is used to obtain causal factors α.,doc_2_75,What does the masker m(·) do?,How is the masker m(·) used in the text?,Why is the masker m(·) mentioned in the text?
How are the amplitude and phase components used in the Fourier transformation F(s) = A(s) × exp−j×P(s)?," In Fourier transformation F(s) = A(s) × exp−j×P(s), amplitude and phase components are used to represent the environment state s.",doc_2_75,What is the role of A(s) in the Fourier transformation F(s) = A(s) × exp−j×P(s)?,How does P(s) affect the Fourier transformation F(s) = A(s) × exp−j×P(s)?,What is the significance of the multiplication by exp−j in the Fourier transformation F(s) = A(s) × exp−j×P(s)?
What is the formula used to calculate the intervened state sinter?," The formula used to calculate the intervened state sinter is ˆA(s) = (1 −λ) ∗A(s) + λ ∗A(s′), where λ ∼U(0, ϵ).",doc_2_76,What is the formula for calculating the intervened state?,How is sinter calculated in this context?,What does 'sinter' refer to in this question?
How does the agent's role in the Monster-Treasure toy case contribute to the overlap between causal factors?," In the Monster-Treasure toy case, the agent's role contributes to the overlap between causal factors as it simultaneously influences both reaching the treasure (positive reward) and avoiding the monster (negative penalty).",doc_2_76,How does the agent's role contribute to causal factors in the Monster-Treasure toy case?,What is the overlap between causal factors in the Monster-Treasure toy case?,How does the agent's role contribute to this overlap?
What is the objective function derived from orthogonality intended to encourage regarding subsets of causal factors?, The objective function derived from orthogonality encourages subsets of causal factors to be independent.,doc_2_77,What is the objective function derived from orthogonality?,How does this objective function encourage regarding subsets of causal factors?,What are the intended effects on these subsets?
How does the learning process differ between RL with RD and multi-task RL in terms of policy updates?," In RL with RD, all component policies are learned in parallel and summed to form a global policy due to assumed additivity of reward. In multi-task RL, a single policy is typically updated sequentially across tasks without this constraint.",doc_2_77,How does the learning process in RL with RD differ from multi-task RL?,What are the differences in policy updates between RL with RD and multi-task RL?,How do these differences impact the overall performance of each approach?
What is the difference between learning component policies in parallel and sequentially updating a single policy across tasks in multi-task RL?," In multi-task RL, a single policy is sequentially updated across tasks, while in RL with RD setting, component policies are learned in parallel.",doc_2_78,What are the benefits of learning component policies in parallel?,How does sequentially updating a single policy across tasks work?,What are the differences between these two approaches?
How can trajectories be collected for updating other task policies when adapting multi-task RL to a setting with multiple reward channels?, Trajectories can be collected by randomly choosing a task policy to perform the rollout and then using these trajectories to update other task policies with offline RL techniques.,doc_2_78,How can trajectories be collected for updating task policies?,What is the role of multiple reward channels in adapting multi-task RL?,How do these reward channels influence the collection and use of trajectories?
What is the purpose of updating other task policies with offline RL techniques?, To update other task policies with offline RL techniques.,doc_2_79,What are offline RL techniques?,How do other task policies benefit from updates?,Why is updating necessary for these policies?
Which methods are compared in Q4 and what aspect of learning do they elucidate?," In Q4, R-Mask and Q-Mask are compared with their Lite versions to examine the role of proposed explanation criteria in learning disentangled, sparse causal factors.",doc_2_79,Which methods are compared in Q4?,What aspect of learning is elucidated by the methods compared in Q4?,How do the methods compared in Q4 relate to each other in terms of the aspect of learning they elucidate?
What is the difference between RD and RD-pred methods in terms of reward prediction?," The RD method does not include reward prediction, while the RD-pred method involves reward prediction and Q-agent learning with full state factors.",doc_2_80,What are the key differences between RD and RD-pred methods?,How do RD and RD-pred methods compare in terms of accuracy for reward prediction?,What are the advantages and disadvantages of using RD-pred over RD for reward prediction?
Which method uses desiderata in factor learning?, The RD method uses desiderata in factor learning.,doc_2_80,Which methods use desiderata?,What is factor learning?,How are desiderata used in these methods?
What is the loss function J(ϕ) used to refine the parameters ϕ of the neural network-based function approximator Qϕ?," The loss function J(ϕ) used to refine the parameters ϕ of the neural network-based function approximator Qϕ is E(st,at,rt,st+1)∼D[(rt + γQϕ′(st+1, arg max at+1 Qϕ(st+1, at+1)) −Qϕ(st, at))2].",doc_2_82,What is the function approximator Qϕ?,What are the parameters ϕ of the neural network-based function approximator Qϕ?,How is the loss function J(ϕ) used to refine these parameters?
How is the optimal (global) action a∗ t identified when there are multiple reward components?," When there are multiple reward components, a collection of K Q-functions is used, each guided by an individual component ri. The optimal (global) action a*t for state st is identified as the one with the highest Q-value obtained by aggregating the Q-functions from all K components, expressed as a*t = arg maxa't PKi=1 Qϕi(st, a't).",doc_2_82,How are the multiple reward components defined?,What methods are used to evaluate each reward component?,How are the evaluated rewards combined to identify the optimal action?
What is the measure used to calculate the fidelity of causal information transferred into the Q-agent?, The approximate information loss L[Q(at|st) →Q(at|¯αi t)] = H[Q(at|st)|Q(at|¯αi t)] is used to calculate the fidelity of causal information transferred into the Q-agent.,doc_2_83,What is the measure used to calculate fidelity?,What is the causal information transferred into the Q-agent?,How is the fidelity of this causal information calculated?
Why are sparse masks preferred over dense ones for explanation purposes?, Sparse masks are preferred over dense ones for explanation purposes because they make it clearer to users how the attention mechanism works.,doc_2_83,Why are sparse masks more effective for explanations?,What makes dense masks less suitable for explanations?,How do sparse and dense masks differ in their ability to provide insights?
What measure is used to evaluate the sparsity of masks for explanation purposes?," The measure used to evaluate the sparsity of masks for explanation purposes is information loss, which can be approximated as the decrease in information capacity when the state is masked.",doc_2_84,What measure is used?,For what purpose is the measure used?,To evaluate what aspect of masks?
How is the orthogonality among states roughly evaluated according to the text?," The orthogonality among states is roughly evaluated by measuring their inter-independency as I(¯αi; ¯αj) = H(¯αi)+H(¯αj)−H(¯αi; ¯αj) ≈ 1 |s|E(|¯αi|+|¯αj|−|¯αi ∩¯αj|), i.e., the overlap of masks.",doc_2_84,What does the text say about evaluating orthogonality?,How is orthogonality defined in this context?,What method or criteria are used for this evaluation?
What is the formula used to approximate the mutual information as I(¯αi; ¯αj) = H(¯αi)+H(¯αj)−H(¯αi; ¯αj)?," The formula used to approximate mutual information as I(¯αi; ¯αj) = H(¯αi)+H(¯αj)−H(¯αi; ¯αj) is given by ≈ 1 |s|E(|¯αi|+|¯αj|−|¯αi ∩¯αj|), which represents the overlap of masks.",doc_2_85,What is the formula for H(¯αi)?,What is the formula for H(¯αj)?,What is the formula for H(¯αi; ¯αj)?
"In the Monster-Treasure Toy-case, what are the two rewards (r0 and r1) and their corresponding values?"," In the Monster-Treasure Toy-case, r0 = 2 for reaching the treasure and r1 = -2 for landing on the monster.",doc_2_85,What is the value of r0 in the Monster-Treasure Toy-case?,What is the value of r1 in the Monster-Treasure Toy-case?,What are the corresponding values for r0 and r1 in the Monster-Treasure Toy-case?
What are the optimal mask values for the monster and treasure masks as learned by Q-Mask?," The optimal monster mask learned by Q-Mask is {1, 1, 1, 1, 0, 0}, and the optimal treasure mask is {1, 1, 0, 0, 1, 1}.",doc_2_86,What are the optimal mask values for the monster mask as learned by Q-Mask?,What are the optimal mask values for the treasure mask as learned by Q-Mask?,How does Q-Mask learn these optimal mask values?
How does R-Mask perform compared to Q-Mask in distilling accurate sub-states?, R-Mask has difficulty distilling accurate sub-states compared to Q-Mask.,doc_2_86,How does R-Mask perform in distilling accurate sub-states?,How does Q-Mask perform in distilling accurate sub-states?,How does the performance of R-Mask compare to that of Q-Mask in distilling accurate sub-states?
What is the observed effect on the agent's decision-making when it moves right toward the treasure cell in Q-Mask?," When the agent moves right toward the treasure cell in Q-Mask, it correctly focuses on its sub-state estimate, leading to trustworthy decision-making.",doc_2_87,What changes occur in the agent's decision-making process as it moves right?,How does moving toward the treasure cell affect the agent's decisions in Q-Mask?,What is the observed impact on the agent's choices when approaching the treasure cell?
How do the reward component estimates for a state under various actions differ between Q-Mask and R-Mask?," In Q-Mask, each agent focuses on its sub-state estimate when moving right, while in R-Mask, accurate reward estimates are observed despite imprecise masks.",doc_2_87,How do the reward component estimates for a state under various actions differ in Q-Mask?,How do the reward component estimates for a state under various actions differ in R-Mask?,What are the differences between the reward component estimates for a state under various actions in Q-Mask and R-Mask?
What is the difference between the Q-values and component rewards for each action in Figure 16?," The Q-values represent the agent's estimated rewards for taking each action, while component rewards are the individual reward predictions for each action.",doc_2_88,What are the Q-values for each action in Figure 16?,What are the component rewards for each action in Figure 16?,How do the Q-values differ from the component rewards for each action in Figure 16?
"How do R-Mask and Q-Mask compare in terms of their ability to attend to the treasure and monster in the Monster-Treasure environment, as shown in Figure 15?", R-Mask attends more to the treasure and less to the monster compared to Q-Mask.,doc_2_88,How does R-Mask compare to Q-Mask in attending to the treasure?,How does R-Mask compare to Q-Mask in attending to the monster?,What are the differences between R-Mask and Q-Mask in their ability to attend to both the treasure and monster?
What is the difference between Mask 0 in Q-Mask Lite and Mask 1 in Q-Mask regarding their ability to avoid irrelevant areas?," Mask 1 in Q-Mask avoids irrelevant areas like the sky, while Mask 0 in Q-Mask Lite misses this and is less interpretable.",doc_2_90,How does Mask 0 in Q-Mask Lite avoid irrelevant areas?,What is the method used by Mask 1 in Q-Mask to avoid irrelevant areas?,What are the differences in effectiveness between Mask 0 and Mask 1 in avoiding irrelevant areas?
"How do R-Mask and R-Mask Lite differ in terms of fidelity scores and sparsity scores, particularly in the Gopher environment compared to the MsPacman environment?"," In the Gopher environment, R-Mask Lite shows higher fidelity scores but generates dense masks with high sparsity and orthogonality scores. R-Mask, however, has lower fidelity in MsPacman but retains ample, sparse information predictive of rewards and actions.",doc_2_90,How do R-Mask and R-Mask Lite differ in terms of fidelity scores in the Gopher environment compared to the MsPacman environment?,How do R-Mask and R-Mask Lite differ in terms of sparsity scores in the Gopher environment compared to the MsPacman environment?,What are the differences between R-Mask and R-Mask Lite in terms of fidelity and sparsity scores?
What is the fidelity score of R-Mask in the MsPacman environment?," In the MsPacman environment, R-Mask demonstrates lower fidelity.",doc_2_91,What is the R-Mask?,What is the MsPacman environment?,How is fidelity score calculated in this context?
How many reward sources are there within MsPacman?, There are 3 reward sources within MsPacman.,doc_2_91,What are the types of reward sources in MsPacman?,How frequently do these reward sources appear?,Are there any differences in value between these reward sources?
What is the purpose of overlaying 4 consecutive (RGB) states in the scenario?, The purpose of overlaying 4 consecutive (RGB) states in the scenario is to clearly see what each scenario represents.,doc_2_92,What are the RGB states?,Why overlay 4 consecutive states?,What is the purpose of this overlay?
How does RDX help explain why the agent prefers one move over another?, RDX helps explain why the agent prefers one move over another by adopting reward difference explanation as in Juozapaitis et al. (2019).,doc_2_92,How does RDX influence the agent's decision-making process?,What specific aspects of the moves are highlighted by RDX?,In what ways does RDX contribute to the agent's preference for one move over another?
What does RDX indicate as the reason for the agent's preference to move left over the 'LEFTFIRE' action?," RDX indicates moving left is preferable to ""LEFTFIRE"" due to a larger Q-value difference under the gopher reward component.",doc_2_93,What is RDX?,What does 'LEFTFIRE' action refer to?,Why does the agent prefer to move left over the 'LEFTFIRE' action?
How do the attention masks provided by R-Mask visually complement the explanation given by RDX?," The attention masks from R-Mask visually complement the explanation given by RDX by providing a visual intuition of what's going on, with Mask 0 focusing on the gopher and agent jointly and contracting as the agent nears the object.",doc_2_93,How do the attention masks provided by R-Mask enhance the visual aspects of the explanation given by RDX?,What specific elements of the explanation given by RDX are visually complemented by the attention masks from R-Mask?,In what ways do the attention masks from R-Mask support or clarify the verbal information provided by RDX?
What does Mask 0 focus on and how do Mask 0 and Mask 1 change as the agent nears the object?," Mask 0 focuses on both the gopher and agent. As the agent nears the object, Mask 0 and Mask 1 contract, following the movement.",doc_2_94,What does Mask 0 focus on?,How does Mask 0 change as the agent nears the object?,How does Mask 1 change as the agent nears the object?
How accurately does Mask 0 predict the reward component for the gopher in Fig. 4(b)?," Mask 0 predicts the reward component for the gopher in Fig. 4(b) with an accuracy of 0.827, which is close to the actual value of 0.8.",doc_2_94,How does Mask 0 predict the reward component?,What is the accuracy of Mask 0's prediction for the gopher in Fig. 4(b)?,Is there any discrepancy between Mask 0's predicted and actual rewards for the gopher?
What does Mask 0 predict for the gopher and agent in Fig. 4(b)?, Mask 0 predicts 0.827 for the gopher and agent in Fig. 4(b).,doc_2_95,What does Mask 0 predict for the gopher in Fig. 4(b)?,What does Mask 0 predict for the agent in Fig. 4(b)?,What are the predictions of Mask 0 for both the gopher and agent in Fig. 4(b)?
Which action does the agent execute when highlighted by Mask 0 in the MsPacman environment?," The agent executes ""UPFIRE"" or ""FIRE"".",doc_2_95,What is Mask 0 in the MsPacman environment?,Which agent is being referred to?,What action can be executed by the agent?
What is the challenge mentioned in the text regarding the interplay between 'Ghost' and 'EnergyPill' rewards?," The challenge mentioned in the text regarding the interplay between 'Ghost' and 'EnergyPill' rewards is that their activation sequence (i.e., 'EnergyPill' followed by 'Ghost') violates the assumption of additivity, making it difficult to decouple them from current learning objectives.",doc_2_96,What is the challenge regarding 'Ghost' rewards?,What is the challenge regarding 'EnergyPill' rewards?,How do 'Ghost' and 'EnergyPill' rewards interplay to create a challenge?
"Why might there be a relatively low accuracy in predicting the reward for eating dots, according to the text?"," The accuracy in predicting the reward for eating dots might be relatively low due to the significant magnitude difference between dot rewards and other factors like ""Ghost"" and ""EnergyPill"" rewards, which interplay and violate the assumption of additivity.",doc_2_96,What factors might affect the accuracy of predicting rewards for eating dots?,Are there any limitations in the data or model used for prediction?,How does the variability in dot consumption impact the prediction accuracy?
What makes distinct masks less likely to appear when dealing with this component?, The dispersed dot distribution across the maze makes distinct masks less likely to appear.,doc_2_97,What are the distinct masks?,Why do they appear less likely?,How does this component affect their appearance?
What are the two key steps involved in adapting causal learning across RL domains featuring multiple reward channels?, The two key steps are learning a causal representation of the raw state and developing maskers to selectively retrieve subsets of learned causal factors associated with each reward component.,doc_2_97,What are the key steps involved in adapting causal learning across RL domains?,How do multiple reward channels affect the adaptation of causal learning in RL domains?,What are the two main aspects to consider when adapting causal learning across RL domains with multiple reward channels?
What criterion is used to select the critical state?, The criterion for selecting the critical state is that the highest Q-value surpasses the second-highest by either 10% or 15%.,doc_2_98,What is the criterion?,How is it used to select?,Which state is critical?
How are the training flows for R-Mask and Q-Mask illustrated in the text?," The training flow for R-Mask is illustrated in Fig. 17, while the training flow for Q-Mask is illustrated in Fig. 18.",doc_2_98,How is the training flow for R-Mask illustrated in the text?,How is the training flow for Q-Mask illustrated in the text?,What are the differences between the training flows of R-Mask and Q-Mask as illustrated in the text?
What is the role of the shared feature map in the R-Mask training flow?," The shared feature map in the R-Mask training flow serves as the basis upon which mask modules are constructed. It processes input through all K mask modules, resulting in decomposed states that are then used by reward modules to generate reward estimates for updating Q-functions within the Q-agent module.",doc_2_99,What is the shared feature map in R-Mask training?,How does the shared feature map contribute to the training process of R-Mask?,What specific role does the shared feature map play during the different stages of R-Mask training?
"How are the reward estimates, rθi, used to update the Q-functions within the Q-agent module?"," The reward estimates, rθi, are used as supervision signals to update each Q-function within the Q-agent module.",doc_2_99,"What are the reward estimates, rθi?",How are Q-functions updated within the Q-agent module?,How do the reward estimates influence the update process of the Q-functions?
What are the specifications of each Conv-ReLU block in the shared feature map structure?," The Conv-ReLU blocks in the shared feature map structure have specifications of Stride 4 with an 8x8 filter and 32 filters, followed by a block with Stride 2 and a 4x4 filter with 64 filters, and finally a block with Stride 1 and a 3x3 filter with 64 filters.",doc_2_101,What are the specifications of the Conv layer in each Conv-ReLU block?,What are the specifications of the ReLU activation function in each Conv-ReLU block?,How is the shared feature map structure utilized by these Conv-ReLU blocks?
How does the mask module differ from the shared feature map structure?, The mask module differs from the shared feature map structure by including an additional 1 × 1 Conv layer to produce the attention mask.,doc_2_101,What are the key components of the mask module?,How does the shared feature map structure function?,What are the differences in functionality between the mask module and the shared feature map structure?
"What is the learning rate used for updating Q-functions, reward prediction networks, and mask networks in both Monster-Treasure and Atari environments?"," For Monster-Treasure and Atari environments, we use Adam with a learning rate of 6.25e−5 to update Q-functions, reward prediction networks, and mask networks.",doc_2_102,What is the learning rate used for updating Q-functions in both Monster-Treasure and Atari environments?,What is the learning rate used for updating reward prediction networks in both Monster-Treasure and Atari environments?,What is the learning rate used for updating mask networks in both Monster-Treasure and Atari environments?
"What are the specific values of n1, n2, n3, and n4 for the update frequencies in Algorithm 1 and Algorithm 2?"," For Atari environments, n1 = 20, n2 = 100, n3 = 20, and n4 = 20.",doc_2_102,What are the specific values of n1 and n2 for the update frequencies in Algorithm 1?,What are the specific values of n3 and n4 for the update frequencies in Algorithm 2?,What are the differences or similarities between the update frequencies in Algorithms 1 and 2?
What is the value of the discount factor mentioned in the text?, The discount factor mentioned in the text is 0.95.,doc_2_103,What is the discount factor?,Where in the text is the discount factor mentioned?,What value does the text assign to the discount factor?
"How many action repetitions are used during preprocessing, according to Table 7?"," According to Table 7, 4 action repetitions are used during preprocessing.",doc_2_103,What table is being referred to?,What is the purpose of preprocessing in this context?,How are action repetitions defined or measured?
What is the value of ∆Gopher?, ∆Gopher = 0.396,doc_2_104,What is the definition of ∆Gopher?,How is ∆Gopher calculated?,What are the units of ∆Gopher?
"What is the value of Q(s, LEFTFIRE)?"," The value of Q(s, LEFTFIRE) is 0.486 + 0.73 = 1.216",doc_2_104,"What is the value of Q(s, LEFT)?",What does FIRE represent in this context?,How are s and FIRE related?
What is the purpose of the mask network parameters Ψi mentioned in the text?, The mask network parameters Ψi are used to update the encoder parameters ψ.,doc_2_105,What are the mask network parameters Ψi?,How do the mask network parameters Ψi function in the text?,Why are the mask network parameters Ψi important in the context of the text?
How are the Q-function parameters ϕi updated during the training process described?, The Q-function parameters ϕi are updated by randomly sampling batched transitions from the replay buffer D and using these samples to update the parameters.,doc_2_105,How are the Q-function parameters updated?,What is the role of ϕi in this process?,What training method is described for updating these parameters?
What is the condition that triggers the 'Q-update' process?, The 'Q-update' process is triggered when t (mod n3) == 0.,doc_2_106,What is the 'Q-update' process?,When does the 'Q-update' process occur?,What initiates the 'Q-update' process?
How are the parameters ϕi updated during the 'Component Q-update'?," During the 'Component Q-update', parameters ϕi are updated using standard Q-learning with each estimate reward rθi to minimize TD-error δ2.",doc_2_106,What is the 'Component Q-update'?,How are parameters updated in general?,What role does ϕi play in the update?
What is the condition for resetting the environment state?, The environment state resets if t ≥ Learning Start Steps or if t (mod n1) == 0.,doc_2_108,What triggers the reset of the environment state?,How is the environment state defined before a reset?,What changes occur during the reset of the environment state?
Which parameter is updated using standard Q-learning and why?," In standard Q-learning, the parameter updated is ϕi.",doc_2_108,Which parameter is updated in standard Q-learning?,What is the process of updating this parameter?,Why is this update process used in standard Q-learning?
What is the main challenge addressed by the proposed algorithm POSG?, The main challenge addressed by POSG is the sparsity of reward feedback in online deep reinforcement learning.,doc_3_0,What challenge does the proposed algorithm POSG address?,What is the main focus of the proposed algorithm POSG?,What problem is targeted by the proposed algorithm POSG?
How does POSG use state-only demonstrations to facilitate exploration in online deep reinforcement learning?, POSG uses state-only demonstrations to facilitate exploration by making approximate long-term credit assignments and guiding the policy optimization process.,doc_3_0,What are state-only demonstrations in the context of POSG?,How does POSG utilize these demonstrations for exploration?,What role do these demonstrations play in facilitating online deep reinforcement learning?
What is the purpose of the trajectory-importance evaluation mechanism?, The trajectory-importance evaluation mechanism determines the quality of the current trajectory against demonstrations.,doc_3_1,What is the trajectory-importance evaluation mechanism?,What is its purpose in evaluating trajectories?,How does it assess importance?
How does the guidance reward computation technology measure the impact of each state-action pair?, The guidance reward computation technology measures the impact of each state-action pair by fusing the demonstrator’s state distribution with reward information into the guidance reward.,doc_3_1,How does the guidance reward computation technology measure impact?,What is the role of each state-action pair in this measurement?,How are individual impacts attributed to specific state-action pairs?
Which specific metrics and quantifiable results are investigated to demonstrate the superiority of POSG in the four sparse-reward environments?," The specific metrics and quantifiable results investigated to demonstrate the superiority of POSG in the four sparse-reward environments include performance measures in the grid-world maze, Hopper-v4, HalfCheetah-v4, and Ant maze.",doc_3_2,Which specific metrics are investigated to demonstrate the superiority of POSG in sparse-reward environments?,What quantifiable results are used to show the effectiveness of POSG in these environments?,How do these metrics and results vary across the four different sparse-reward scenarios?
What are the four sparse-reward environments mentioned in the text?," The four sparse-reward environments mentioned are the grid-world maze, Hopper-v4, HalfCheetah-v4, and Ant maze.",doc_3_2,What are the first two sparse-reward environments mentioned in the text?,What is the third sparse-reward environment mentioned in the text?,What is the fourth sparse-reward environment mentioned in the text?
Which email address is associated with Xiao Zhang?, Xiao Zhang's email address is xiao.zh@buaa.edu.cn.,doc_3_3,What is Xiao Zhang's email address?,Is there an email address associated with Xiao Zhang?,Who is Xiao Zhang?
What are the affiliations of Faguo Wu and Tianyuan Chen?, Faguo Wu and Tianyuan Chen are with the Institute of Artificial Intelligence at Beihang University.,doc_3_3,What is the affiliation of Faguo Wu?,What is the affiliation of Tianyuan Chen?,Are there any shared affiliations between Faguo Wu and Tianyuan Chen?
What are the two challenges mentioned regarding sparse or delayed rewards in deep reinforcement learning?," The challenges mentioned are striking a balance between exploration and exploitation, and conventional deep RL algorithms facing exploration difficulties in settings with sparse environmental rewards.",doc_3_4,What are the challenges mentioned regarding sparse rewards in deep reinforcement learning?,What are the challenges mentioned regarding delayed rewards in deep reinforcement learning?,Are there any overlaps or differences between the challenges of sparse and delayed rewards in deep reinforcement learning?
Which institution is associated with the email addresses faguo@buaa.edu.cn and ctymath@buaa.edu.cn?, Beijing University of Aeronautics and Astronautics (BUAA),doc_3_4,What institution is associated with the email address faguo@buaa.edu.cn?,What institution is associated with the email address ctymath@buaa.edu.cn?,Are the institutions associated with both email addresses the same?
What is the main issue addressed by many research advances mentioned in the text?, The main issue addressed by many research advances mentioned in the text is the problem of unstable training and parameter sensitivity.,doc_3_6,What are the main research advances mentioned in the text?,What is the common theme among these advances?,How do these advances address the main issue?
How do recent LfD studies encourage the agent to mimic demonstrated actions?," Recent LfD studies encourage agents to mimic demonstrated actions by incorporating imitation learning principles, either through divergence regularization in the RL loss function or designing new shaping rewards based on distribution divergence.",doc_3_6,What techniques do recent LfD studies use to encourage mimicry?,How do these studies ensure the agent understands demonstrated actions?,What are the key factors in recent LfD studies that facilitate action mimicry?
What is the main challenge faced by CA methods in sparse-reward environments with large state spaces?, The main challenge faced by CA methods in sparse-reward environments with large state spaces is obtaining highly rewarded trajectories due to the difficulty of accurately estimating the influence of individual state-action pairs.,doc_3_7,What are the main challenges faced by CA methods in sparse-reward environments?,What are the main challenges faced by CA methods in large state spaces?,How do these challenges intersect when dealing with both sparse-reward environments and large state spaces?
Why do most LfD methods require high-quality samples and sufficient demonstrations?, Most LfD methods require high-quality samples and sufficient demonstrations because they rely on flawless and complete state-action information.,doc_3_7,Why do most LfD methods struggle with low-quality samples?,What makes high-quality samples crucial for LfD methods?,How many demonstrations are typically sufficient for effective learning in LfD?
What is the name of the reinforcement learning approach introduced in this paper?, Policy Optimization with Smooth Guidance (POSG),doc_3_8,What type of learning is discussed in the paper?,Is the learning approach mentioned in the title or abstract?,What specific term is used to describe this approach?
How does the proposed method reduce the requirements for LfD demonstrations?, The proposed method reduces the requirements for LfD demonstrations by introducing a dense demonstration-based guidance reward function and leveraging only a few state-only demonstration trajectories.,doc_3_8,What are the requirements for LfD demonstrations in the current method?,How does the proposed method alter these requirements?,In what ways do these alterations reduce the requirements?
What is the method used to estimate trajectory importance based on demonstrations?, The method used to estimate trajectory importance based on demonstrations is the maximum mean discrepancy (MMD) distance.,doc_3_9,What are the methods used to estimate trajectory importance?,How is trajectory importance estimated based on demonstrations?,What role do demonstrations play in estimating trajectory importance?
How is the guidance reward for each state-action pair computed?, The guidance reward for each state-action pair is computed using a trajectory-importance evaluation mechanism and a smooth weighted average of trajectory importance.,doc_3_9,How is the reward computed for each state-action pair?,What is the guidance in this context?,How does the guidance influence the computation of the reward?
"What is the main advantage of POSG over other baseline algorithms, as mentioned in the text?", The main advantage of POSG over other baseline algorithms is its ability to use a single state-only demonstration trajectory to solve RL's exploration problem and improve sample efficiency.,doc_3_10,What are the baseline algorithms mentioned in the text?,What is POSG?,What advantage does POSG have over these baseline algorithms?
How does POSG address the exploration problem in reinforcement learning?, POSG addresses the exploration problem in reinforcement learning by using a single state-only demonstration trajectory to improve sample efficiency.,doc_3_10,What strategies does POSG use to balance exploration and exploitation?,How does POSG handle the trade-off between exploring unknown states and exploiting known rewards?,What mechanisms does POSG employ to efficiently explore the state space in reinforcement learning?
What are the specific metrics and quantifiable results used to illustrate the superiority of POSG?, The study discusses specific metrics and quantifiable results to illustrate POSG's superior performance over other state-of-the-art RL algorithms in a discrete grid-world maze and three continuous locomotion control tasks.,doc_3_11,What are the specific metrics used to illustrate the superiority of POSG?,What quantifiable results demonstrate the superiority of POSG?,How do these metrics and results show POSG's superiority?
Which state-of-the-art RL algorithms is POSG compared against in this study?, POSG is compared against other state-of-the-art RL algorithms in a discrete grid-world maze and three continuous locomotion control tasks.,doc_3_11,Which state-of-the-art RL algorithms are mentioned in this study?,What is POSG compared against in this study?,Are there any specific state-of-the-art RL algorithms that POSG is compared against?
What is the purpose of Section VII according to the text?, Section VII demonstrates the feasibility and effectiveness of the proposed algorithm in terms of exploration efficiency and learning speed.,doc_3_12,What does Section VII discuss?,What is the main topic of Section VII?,How does Section VII contribute to the overall text?
How do early LfD algorithms enhance the learning ability of an agent?, Early LfD algorithms enhance learning ability by sampling replay buffers containing both expert demonstrations and self-generated data simultaneously.,doc_3_12,What are the early LfD algorithms?,How do these algorithms influence learning ability?,In what ways do they enhance the agent's performance?
What is the main advantage of the state-only IL method mentioned in the text?," The main advantage of the state-only IL method is that it alleviates the requirement for the demonstrator’s action information, expanding the scope of realistic applications.",doc_3_14,What are the advantages of the state-only IL method?,Are there any disadvantages to the state-only IL method?,How does the state-only IL method compare to other methods?
Which methods are specifically named in the text that train an agent by minimizing the distance between state visitation distributions?, I2L and SAIL,doc_3_14,Which methods are named in the text?,How do these methods train an agent?,What distance are they minimizing?
What divergence measure is introduced to compute the discrepancy of state visitation between different trajectories?, R´enyi divergence,doc_3_15,What divergence measure is introduced?,To compute what discrepancy?,Between which different trajectories?
"Which methods, other than MADE, adopt the MMD?", CQL and MCPO,doc_3_15,Which methods adopt the MMD?,What are the methods other than MADE?,Are there any methods that both adopt the MMD and are not MADE?
What is the purpose of the special meta-gradient mentioned in the text?, The special meta-gradient mentioned in the text is used to learn the time horizon between states during credit assignment.,doc_3_17,What is the special meta-gradient?,Why is it called 'special'?,What purpose does it serve in the context mentioned?
How does Counterfactual Credit Assignment (CCA) avoid giving away information about the agent’s actions?, Counterfactual Credit Assignment (CCA) uses a value function baseline with a hindsight information vector to implement credit assignment implicitly while avoiding giving away information about the agent’s actions to reduce potential bias.,doc_3_17,What mechanisms does CCA use to prevent information leakage about the agent's actions?,How does CCA ensure that its credit assignment process remains private?,What strategies does CCA employ to maintain confidentiality of the agent's decisions?
What is the main difference between our method and Xu et al.'s online meta-learning method for credit assignment in reinforcement learning?," Our method avoids high computational costs by not using auxiliary networks, unlike Xu et al.'s online meta-learning method which learns hyperparameters for credit assignment.",doc_3_18,What are the key features of our method in credit assignment for reinforcement learning?,How does Xu et al.'s online meta-learning method approach credit assignment in reinforcement learning?,In what ways do these two methods differ in their approaches to credit assignment?
How does State Associative Learning propagate credit differently from other methods mentioned in the text?," State Associative Learning propagates credit directly by learning associations between states and arbitrary future states, unlike other methods that may update values through sampling or online meta-learning.",doc_3_18,How does State Associative Learning assign credit?,How do other methods mentioned in the text assign credit?,What are the differences between how State Associative Learning and these other methods propagate credit?
What is the range of values for the reward function re in this RL problem?," The range of values for the reward function re in this RL problem is [Rmin, Rmax].",doc_3_19,What are the minimum values for the reward function re in this RL problem?,What are the maximum values for the reward function re in this RL problem?,Are there any constraints on the range of values for the reward function re in this RL problem?
How does the stochastic policy πθ map the state space S to the set of probability distributions over the action space A?, A stochastic policy πθ maps the state space S to the set of probability distributions over the action space A.,doc_3_19,How does the policy πθ map the state space S?,What is the set of probability distributions over the action space A?,How does the stochastic policy πθ create this mapping?
What is the formula for the distribution dπ(s) and what does each term in this formula represent?," The formula for dπ(s) is (1 −γ) P∞ t=0 γtP(st = s|π), where P(st = s|π) represents the probability of st = s given policy π, transition dynamics P, and initial state distribution ρ0.",doc_3_21,What is the formula for dπ(s)?,What does each term in this formula represent?,What is the domain of s in dπ(s)?
"How does MMD differ from KL, JS, or f-divergences, and why is it suitable for measuring differences between trajectories treated as deterministic policies?"," MMD differs from KL, JS, or f-divergences as it is a non-parametric test statistic that does not require distribution parameters. It is suitable for measuring differences between trajectories treated as deterministic policies because calculating the MMD metric does not need these parameters.",doc_3_21,How does MMD differ from KL?,How does MMD differ from JS?,How does MMD differ from f-divergences?
What is the purpose of the function g in Eq. (9)?, The purpose of the function g in Eq. (9) is to adapt the focus of the MMD metric for different aspects relevant to downstream tasks.,doc_3_25,What does Eq. (9) represent?,How is the function g defined in Eq. (9)?,What role does the function g play within Eq. (9)?
"How is the distance D(τ, ME) defined in Eq. (10)?"," The distance D(τ, ME) in Eq. (10) is defined as the minimum MMD2 value between trajectory τ and any trajectory τE in the demonstration dataset ME.",doc_3_25,What is τ in Eq. (10)?,What is ME in Eq. (10)?,How is D defined in terms of τ and ME?
What is the purpose of the exponential function e^(-kd) in the trajectory weight function ωπ(τ|ME)?, The purpose of the exponential function e^(-kd) in the trajectory weight function ωπ(τ|ME) is to smooth the weight of the trajectory.,doc_3_27,What is the trajectory weight function ωπ(τ|ME)?,What does e^(-kd) represent in this context?,How does e^(-kd) contribute to the purpose of the trajectory weight function?
How does choosing a suitable value for k affect the trajectory weight function ωπ(τ|ME)?," Choosing a suitable value for k in ωπ(τ|ME) smoothes the trajectory weight function, preventing it from being too large or small.",doc_3_27,How does the value of k influence the shape of the trajectory weight function ωπ(τ|ME)?,What specific changes occur in the trajectory weight function when k is varied?,Are there any optimal or suboptimal values of k for the trajectory weight function ωπ(τ|ME)?
What is the condition that ω(·|ME) must satisfy according to the probability distribution?, ω(·|ME) must satisfy the conditions of a probability distribution: ωπ(τ|ME) ≥0 for all τ and ∫τ pπ(τ)ω(τ|ME)dτ = 1.,doc_3_28,What does ω(·|ME) represent?,What is the condition that must be satisfied by this representation?,According to which probability distribution must this condition be satisfied?
How are the constants α and β related in Eq. (13)?," The constants α and β in Eq. (13) are non-negative and their sum is 1, i.e., α + β = 1.",doc_3_28,What is the form of Eq. (13)?,How does α appear in Eq. (13)?,How does β appear in Eq. (13)?
What is the condition that α and β must satisfy according to the text?, α and β must satisfy the condition α + β = 1.,doc_3_29,What condition must α satisfy according to the text?,What condition must β satisfy according to the text?,How are the conditions for α and β related according to the text?
"How is the guidance reward ri(s, a) defined for a state-action pair (s, a)?"," The guidance reward ri(s, a) for a state-action pair (s, a) is defined as the expectation of the product of Rj(τ) and ω(τ|ME) under the conditional distribution pπ(τ|x), where x = f(s).",doc_3_29,"What is the state-action pair (s, a)?",How is the reward defined in this context?,What role does guidance play in defining the reward?
"What is the purpose of using ω(τ|ME) in adjusting the contribution to the guidance reward ri(s, a)?"," The purpose of using ω(τ|ME) in adjusting the contribution to the guidance reward ri(s, a) is to increase the weight of trajectories closer to ME, thereby allowing them to contribute more to the smooth guidance reward.",doc_3_30,"What does ω(τ|ME) represent in the context of adjusting guidance reward ri(s, a)?","How is ω(τ|ME) used to modify the contribution to the guidance reward ri(s, a)?","What impact does using ω(τ|ME) have on the overall guidance reward ri(s, a)?"
How does maximizing the new smoothed RL objective encourage the agent to revisit the hopeful region of the state space?," By maximizing the new smoothed RL objective, the agent is encouraged to revisit the hopeful region of the state space.",doc_3_30,How does the new smoothed RL objective differ from previous objectives?,What is the 'hopeful region' of the state space in this context?,How does maximizing the new objective lead to revisiting this hopeful region?
"What is the central topic that temporal credit assignment addresses, according to the text?", The central topic that temporal credit assignment addresses is determining the relevance of each state-action pair toward achieving an outcome in tasks with sparse or delayed rewards.,doc_3_31,What does the text discuss?,What is temporal credit assignment?,What central topic does it address?
How does the proposed method assist policy optimization in sparse reward settings?," The proposed method assists policy optimization in sparse reward settings by learning a guidance reward function from state-only demonstration data, rather than relying on complex models or contribution analysis methods.",doc_3_31,How does the proposed method address sparse rewards?,What are the specific optimizations in policy for sparse reward settings?,In what ways does the proposed method enhance optimization in these settings?
How does the method learn a guidance reward function to assist policy optimization?, The method learns a guidance reward function by calculating the weighted average of trajectory returns based on the MMD distance between trajectories.,doc_3_32,What is the method used for learning a guidance reward function?,How does the learned guidance reward function assist in policy optimization?,What are the specific steps or processes involved in learning this guidance reward function?
What is the significance of not requiring trajectories with sparse rewards before performing credit assignments?, Our method does not require obtaining trajectories with sparse rewards before performing credit assignments.,doc_3_32,What are trajectories with sparse rewards?,Why might credit assignments require trajectories with sparse rewards?,How does not requiring these trajectories impact the significance of credit assignments?
"What is the Monte Carlo (MC) estimation of the guidance reward ri(s, a) given in the text?"," The Monte Carlo (MC) estimation of the guidance reward ri(s, a) is given by ˆri(s, a) = 1/N(x) * ∑τ∈B ˆω(τ|ME)Rj(τ)I[x ∈f(τ)], where x=f(s), N(x) is the number of trajectories in buffer B satisfying x ∈f(τ), and I is the indicator function.",doc_3_33,What is the Monte Carlo (MC) estimation?,"What is the guidance reward ri(s, a)?",How are they related in the given text?
How is ˆω(τ|ME) estimated using the MC method according to the text?," ˆω(τ|ME) is estimated using the MC method as described in Eq. (17), where d(·) = DMMD(·, ME) and k, ϵ are predefined positive constants.",doc_3_33,What is the MC method?,How is ω(τ|ME) estimated using the MC method according to the text?,What does ˆω represent in this context?
What is the purpose of the guidance reward module as described in the text?, The guidance reward module helps optimize policies effectively in sparse reward settings by embedding into existing RL methods and estimating rewards along with policy gradients.,doc_3_34,What does the guidance reward module do?,How does it function within the described system?,What is its intended effect or outcome?
"According to the text, what is one potential issue with the simple approach for estimating the guidance reward?", The simple approach for estimating the guidance reward faces a potential issue in collecting adequate data to ensure convergence in high-dimensional state spaces.,doc_3_34,What is the simple approach for estimating the guidance reward?,"According to the text, what are potential issues with this approach?",Can you identify one specific issue among these potential issues?
What is the goal of the agent in the 2D grid world described?, The goal of the agent in the 2D grid world is to approach and reach the up-right position from its starting location.,doc_3_35,What are the characteristics of the agent in the 2D grid world?,What actions can the agent perform in the 2D grid world?,What is the desired outcome for the agent's actions in the 2D grid world?
How does the proposed method encourage the agent to approach certain regions?, The proposed method encourages the agent to approach certain regions by estimating guidance rewards based on past trajectories and ensuring lower rewards for state-action pairs far from demonstrated trajectories.,doc_3_35,How does the proposed method incentivize the agent?,What regions are targeted by the proposed method?,What mechanisms in the proposed method guide the agent's approach?
What modifications are necessary to apply the proposed approach to high-dimensional continuous spaces?," Applying the proposed approach to high-dimensional continuous spaces requires accurate estimation of expectations in Eq. (14), which can be challenging due to the continuity of the state-action space. Necessary modifications are needed to scale the approach for such complex environments, as outlined in Algorithm 1 with PPO and POSG.",doc_3_36,What are the specific challenges of applying the proposed approach to high-dimensional continuous spaces?,How can these challenges be addressed through modifications in the approach?,Are there any existing methods or techniques that can inform these modifications?
How does Algorithm 1 help in scaling the approach to complex environments with high-dimensional continuous tasks?," Algorithm 1 helps in scaling to complex environments with high-dimensional continuous tasks by modifying PPO with POSG, enabling it to handle such spaces.",doc_3_36,How does Algorithm 1 handle the complexity of environments?,What aspects of high-dimensional tasks are addressed by Algorithm 1?,In what ways does Algorithm 1 facilitate scaling to continuous tasks?
What is the method used to estimate the policy gradient for the policy parameter update in Algorithm 1?, The method used to estimate the policy gradient for the policy parameter update in Algorithm 1 is by using a single smooth guidance reward stored in the trajectory buffer.,doc_3_37,What method is used to estimate the policy gradient?,How is this method applied for the policy parameter update in Algorithm 1?,What specific aspect of the policy is being updated using this gradient estimation method?
How does POSG degenerate mathematically according to the text?," According to the document, POSG degenerates mathematically into a Monte-Carlo estimation of the smooth guidance reward using just one trajectory instead of many samples from the policy.",doc_3_37,What mathematical conditions cause POSG to degenerate?,How does the degeneration of POSG manifest mathematically?,What are the implications of POSG's mathematical degeneration?
"What is the purpose of the smooth guidance reward function ri(s, a) as described in the text?"," The smooth guidance reward function ri(s, a) is designed to assist policy optimization and help the agent behave like an expert policy with high returns.",doc_3_38,"What does the smooth guidance reward function ri(s, a) aim to achieve?","How is the smooth guidance reward function ri(s, a) defined in the text?","What role does the smooth guidance reward function ri(s, a) play in the described system or process?"
"According to the text, what is the expected outcome of the training strategy based on the behavior policy πb?", The expected outcome of the training strategy based on the behavior policy πb is that it will behave like πb and obtain a higher return.,doc_3_38,What is the behavior policy πb?,How does the training strategy use the behavior policy πb?,What outcome is expected from this training strategy?
"What is the purpose of the smooth guidance reward function ri(s, a) as described in the text?"," The smooth guidance reward function ri(s, a) helps the agent policy gradually converge to πb during policy optimization in reinforcement learning.",doc_3_39,"What does the smooth guidance reward function ri(s, a) do?",How is it described in the text?,Why is it important?
"According to Lemma 1, what condition must be met for the current policy π to ensure that πb is the optimal policy?"," According to Lemma 1, for the current policy π to ensure that πb is the optimal policy, π must be expressed as: π(a|s) = (πb(a|s), if (s, a) ∈ supp(πb), 0, else.",doc_3_39,What does Lemma 1 state?,What is the current policy π?,What condition must be met for πb to be the optimal policy?
What is the value of the discount factor λ according to the text?, The discount factor λ is set to 1.,doc_3_40,What is the discount factor?,According to which text?,What is its value?
"According to Remark 2, what challenge does the agent face in environments with sparse rewards?", The agent faces the challenge of rarely receiving sufficient reward signals in environments with sparse rewards.,doc_3_40,What challenge does the agent face in environments with sparse rewards?,"According to Remark 2, what is the nature of the environment that poses this challenge?",How does the sparsity of rewards impact the agent's ability to learn or perform effectively?
What is the relationship between the performance improvement bound and the divergence between new and old policies?, The performance improvement bound relates to the average divergence between new and old policies.,doc_3_41,What is the performance improvement bound?,What is the divergence between new and old policies?,How are these two concepts related to each other?
How does POSG differ from ordinary DRL algorithms in terms of performance improvement guarantees?, POSG has a solid performance improvement guarantee compared to ordinary DRL algorithms.,doc_3_41,What are the performance improvement guarantees of POSG?,What are the performance improvement guarantees of ordinary DRL algorithms?,How do these guarantees differ between POSG and ordinary DRL algorithms?
"What is the relationship between Ai(s, a) and Ae(s, a) as stated in Assumption 1?"," Ai(s, a) ≥λAe(s, a), where λ > 0.",doc_3_42,"What does Ai(s, a) represent?","What does Ae(s, a) represent?","How are Ai(s, a) and Ae(s, a) related according to Assumption 1?"
How can POSG be viewed in relation to temporal credit assignment?, POSG can be viewed as a simple credit assignment method where the influence of a state-action pair is a weighted average of the trajectory importance.,doc_3_42,What is POSG?,What is temporal credit assignment?,How do these two concepts relate to each other?
"What is the relationship between the advantage computed with the smooth guidance reward and the environmental advantage, as described in the text?", The advantage computed with the smooth guidance reward positively correlates with the environmental advantage.,doc_3_43,What is the smooth guidance reward?,How is the environmental advantage described in the text?,What is the relationship between these two advantages?
"According to Theorem 1, what does the performance improvement bound in each iteration obtained by POSG depend on?"," According to Theorem 1 in the document, the performance improvement bound in each iteration obtained by POSG depends on the smooth guidance reward ri(s, a) and the advantage function of the environmental reward Ae(s, a).",doc_3_43,What is the performance improvement bound in each iteration according to Theorem 1?,How does POSG obtain this performance improvement bound?,What factors influence this performance improvement bound obtained by POSG?
What is the formula for calculating Tπ(π′) based on the given text?," Tπ(π′) .= E s∼dπ a∼π [Ae(s, a)]",doc_3_44,What is Tπ(π′)?,What are the given text's relevant concepts?,How do these concepts relate to calculating Tπ(π′)?
How is DTV(π′ ∥ π)[s] defined in the context of the provided text?, DTV(π′ ∥ π)[s] = 1/2 * P_a |π′(a|s) − π(a|s)|,doc_3_44,What is DTV in the context of the provided text?,How is π′ defined in the context of the provided text?,How is π defined in the context of the provided text?
What is the relationship between the performance improvement bound and the smooth guidance reward function?," The performance improvement bound (1+λ)Dπ,f(π′) is derived from the environmental advantage function Ae(s, a) and the smooth guidance reward function ri(s, a), indicating that the smooth guidance reward can provide a broader range of performance improvement with higher bounds compared to using only the environmental reward.",doc_3_45,How does the performance improvement bound influence the smooth guidance reward function?,What impact does the smooth guidance reward function have on the performance improvement bound?,Are there any specific conditions under which the relationship between these two is most pronounced?
How does Pinsker’s inequality help in connecting the performance bound to KL divergence?," Pinsker's inequality connects the performance bound to KL divergence by providing a relationship between TV and KL divergences. Specifically, it states that for two arbitrary distributions p and q, DTV(p ∥q) ≤ sqrt(DKL(p ∥q)/2). This allows the performance bound based on TV divergence to be translated into a bound involving KL divergence.",doc_3_45,What is Pinsker’s inequality?,How does Pinsker’s inequality relate to performance bounds?,How does KL divergence connect to these concepts?
What is the relationship between DKL(p ∥ q) and Jensen’s in-equation as described in the text?," DKL(p ∥ q) is related to Jensen’s inequality as described in the text, where it's used to derive bounds on expectations involving DKL and TV distances.",doc_3_46,What is DKL(p ∥ q)?,What is Jensen’s in-equation?,How do they relate to each other?
How does the introduction of the guidance reward affect the performance improvement boundary compared to the previous result obtained by [62]?, The introduction of the guidance reward increases the performance improvement boundary by a factor of 1 + λ compared to the previous result obtained by [62].,doc_3_46,How does the introduction of the guidance reward impact performance improvement?,What is the previous result obtained by [62] regarding the performance improvement boundary?,How does the effect of the guidance reward compare to the previous result obtained by [62]?
What is the size of the grid-world environment in which POSG was evaluated?, The size of the grid-world environment in which POSG was evaluated is 26 × 36.,doc_3_47,What type of environment was POSG evaluated in?,Was the grid-world environment square or rectangular?,What were the dimensions of the grid-world environment?
How does Corollary 1 demonstrate the advantage of POSG?, Corollary 1 demonstrates that POSG provides a higher performance improvement boundary and more stable performance guarantee in each iteration.,doc_3_47,What specific aspect of POSG does Corollary 1 highlight?,How does this highlighted aspect contribute to the advantage of POSG?,In what context or scenario is this advantage most evident?
What is the reward the agent receives when it finds the treasure?, The agent receives a positive reward of 200 when it finds the treasure.,doc_3_48,What type of reward does the agent receive?,Is the reward immediate or delayed?,How is the reward quantified?
Which actions can the agent choose from at each time step?," The agent can choose from move east, west, south, and north.",doc_3_48,What are the possible actions?,When can these actions be chosen?,Who or what is the agent?
What is the threshold distance for SparseHopper?, The threshold distance for SparseHopper is 1 unit.,doc_3_49,What does 'threshold distance' refer to in the context of SparseHopper?,Is there a specific value or range for this threshold distance?,How is this threshold distance determined or calculated?
What type of penalty does the agent receive at each time step?, The agent receives an energy penalty at each time step due to its movement.,doc_3_49,What type of penalty does the agent receive?,Does the penalty change at each time step?,How is the penalty determined at each time step?
What are the two main factors contributing to the hard-exploration property of the ant maze task?, The hard-exploration property of the ant maze task is caused by continuous locomotion control and navigation in the maze.,doc_3_50,What are the main factors contributing to the hard-exploration property of the ant maze task?,How do these factors contribute to the hard-exploration property in the ant maze task?,Are there any other factors that contribute to the hard-exploration property of the ant maze task?
How is the state space of this environment composed?, The state space of this environment consists of two main parts: the agent’s internal joint angle information and task-specific attributes.,doc_3_50,What are the components of this environment's state space?,How do these components interact within the state space?,What is the size or dimensionality of this environment's state space?
What is the discount factor for computing advantages across all tasks?, The discount factor for computing advantages across all tasks is 0.99.,doc_3_51,What are the tasks for which the discount factor is used?,How is the discount factor computed for advantages across all tasks?,Why is a discount factor needed for computing advantages across all tasks?
What is the maximum episode length in the Ant-Maze environment?, The maximum episode length in the Ant-Maze environment is 500 steps.,doc_3_51,What are the possible episode lengths in the Ant-Maze environment?,Is there a minimum episode length in the Ant-Maze environment?,Are there any constraints on episode length in the Ant-Maze environment?
What was the maximum episode length used for optimizing the policy neural networks?, The maximum episode length used for optimizing the policy neural networks was 750.,doc_3_52,What was the episode length used?,Was there a maximum episode length?,How was this length optimized for policy neural networks?
Which state-of-the-art RL methods were used as baselines for comparison in this task?," The state-of-the-art RL methods used as baselines were GAIfO, GASIfO (combination of GAIfO and SIL), SIL, PPO+D, and GASIL.",doc_3_52,Which RL methods were used as baselines?,What are the state-of-the-art RL methods?,How were these methods compared in this task?
What is the difference between the standard GASIL framework and the implemented GASIL in terms of accessing demonstrations at the beginning of training?," The standard GASIL framework cannot access demonstrations at the beginning of training, unlike the implemented GASIL which can.",doc_3_53,How does the standard GASIL framework access demonstrations at the beginning of training?,How does the implemented GASIL access demonstrations at the beginning of training?,What are the differences in how the standard and implemented GASIL frameworks access demonstrations at the beginning of training?
"How were the performance curves for all baseline approaches obtained, and what do the shaded regions represent?", The performance curves for all baseline approaches were obtained by averaging over ten separate runs with different random seeds. The shaded regions represent the standard error over these ten runs.,doc_3_53,How were the performance curves for all baseline approaches obtained?,What do the shaded regions in the performance curves represent?,Are there any specific methods or techniques used to obtain these performance curves and shaded regions?
What algorithm was used to train the expert policies?, The PPO algorithm was used to train expert policies.,doc_3_54,What type of algorithm was used?,Was the algorithm supervised or unsupervised?,How was the data structured for training?
Which information was preserved from the generated trajectories?, The observation and return information were preserved from the generated trajectories.,doc_3_54,What information was preserved?,From which trajectories was the information preserved?,How was the information preserved from the generated trajectories?
What is the main advantage of POSG compared to other baseline algorithms as shown in the experimental results?, The main advantage of POSG compared to other baseline algorithms as shown in the experimental results is that it can achieve better performance.,doc_3_55,What advantage does POSG have over other baseline algorithms?,How is this advantage demonstrated in the experimental results?,Which specific baseline algorithms are compared to POSG?
"Which specific task does the PPO agent tend to get stuck on in the key-door-treasure domain, according to the performance comparison?", The PPO agent tends to get stuck on picking up the key in the Key-Door-Treasure domain.,doc_3_55,Which task does the PPO agent tend to get stuck on?,What is the performance comparison in the key-door-treasure domain?,How does the PPO agent perform in the key-door-treasure domain?
What is the main advantage of the POSG agent over the SIL and PPO+D agents?," The main advantage of the POSG agent over SIL and PPO+D agents is that it learns faster and is more stable than SIL, while achieving competitive results against PPO+D in a sparse setting.",doc_3_56,What advantage does the POSG agent have over the SIL agent?,What advantage does the POSG agent have over the PPO+D agent?,How do these advantages compare to each other?
Why does the PPO agent tend to get stuck at a sub-optimal policy?, The PPO agent tends to get stuck at a sub-optimal policy because it lacks the ability to obtain extra bonuses from demonstration data that other agents like SIL and PPO+D can utilize.,doc_3_56,What are the factors that cause the PPO agent to get stuck?,How does the PPO agent's learning process contribute to getting stuck at a sub-optimal policy?,Why is it challenging for the PPO agent to escape from a sub-optimal policy?
"What does the decreasing trend of the MMD distance indicate about the performance of POSG, SIL, and PPO+D algorithms?"," The decreasing trend of the MMD distance for POSG, SIL, and PPO+D algorithms indicates that they acquire optimal behaviors recommended by a demonstrator.",doc_3_57,What does the decreasing trend of the MMD distance indicate about the performance of POSG?,What does the decreasing trend of the MMD distance indicate about the performance of SIL?,What does the decreasing trend of the MMD distance indicate about the performance of PPO+D?
How does the smooth guidance reward design help POSG avoid excessive meaningless exploration?, The smooth guidance reward design helps POSG avoid excessive meaningless exploration by providing more efficient policy optimization directions and considering the demonstration’s sparse-reward return and distribution.,doc_3_57,What is the smooth guidance reward design?,How does POSG typically explore?,What makes exploration in POSG meaningful?
What does the result suggest about POSG's exploration behavior compared to other methods?," The result suggests that POSG avoids excessive meaningless exploration and provides more efficient policy optimization directions compared to other methods. Additionally, POSG imitates experts' behavior almost perfectly and explores further from the initial position than other agents.",doc_3_58,How does POSG's exploration behavior compare to other methods?,What specific aspects of exploration does the result highlight for POSG?,In what ways does POSG's exploration behavior differ from or resemble that of other methods?
How do the state-visitation counts of POSG and PPO+D agents compare to those of other agents in the 36th iteration?, The state-visitation counts of POSG and PPO+D agents in the 36th iteration show they explore further from the initial position compared to other agents.,doc_3_58,How do the state-visitation counts of POSG agents compare to those of other agents in the 36th iteration?,How do the state-visitation counts of PPO+D agents compare to those of other agents in the 36th iteration?,What are the state-visitation counts of POSG and PPO+D agents compared to those of other agents in the 36th iteration?
What is the main difference between the exploration regions of the POSG agent and the PPO+D agent?, The exploration region of the POSG agent is wider than that of the PPO+D agent.,doc_3_59,What are the exploration regions of the POSG agent?,What are the exploration regions of the PPO+D agent?,How do these exploration regions differ between the two agents?
How does the integrated information utilization of sparse-reward demonstrations contribute to the performance of the POSG method?," The integrated information utilization of sparse-reward demonstrations contributes to the performance of the POSG method by merging position information with return signals, orienting the agent's policy towards the state-action distribution of sparse-reward demonstrations. This improves exploration efficiency and ensures policy optimization efficiency by considering the temporal structure of MDP.",doc_3_59,How does the utilization of sparse-reward demonstrations contribute to the performance of the POSG method?,What is the role of integrated information in the context of the POSG method and sparse-reward demonstrations?,How do sparse-reward demonstrations influence the integrated information utilization within the POSG method?
What is the main advantage of POSG over other baseline approaches in the locomotion control tasks?," POSG's main advantage in locomotion control tasks is its superior performance, as shown by learning curves on SparseHalfCheetah and SparseHopper tasks.",doc_3_60,What are the baseline approaches in locomotion control tasks?,How does POSG compare to these baseline approaches?,What specific advantage does POSG have over them?
How were the ground truth returns computed for different methods?, The ground truth returns were computed using the default OpenAI Gym reward function.,doc_3_60,How were the ground truth returns computed?,What methods were used to compute the ground truth returns?,Were there any differences in how the ground truth returns were computed for each method?
What is the main advantage of POSG over other baseline approaches in locomotion control tasks?, POSG can converge faster and achieve a higher final return in locomotion control tasks compared to other baseline approaches.,doc_3_61,What are the baseline approaches in locomotion control tasks?,How does POSG compare to these baseline approaches?,What specific advantage does POSG have over these baseline approaches?
Why does the average return of PPO+D on the SparseHopper task not increase from the beginning of training?," The average return of PPO+D on the SparseHopper task does not increase from the beginning of training because its policy gradient computation relies solely on the advantage information of demonstrations, making it ineffective for policy optimization with sparse-reward demonstrations.",doc_3_61,Why does the average return of PPO+D not increase on the SparseHopper task?,What happens to the average return from the beginning of training with PPO+D on the SparseHopper task?,How does the performance of PPO+D change during training on the SparseHopper task?
What is the main reason cited for GASIL and GASIfO not obtaining competitive results compared to POSG?, The main reason cited for GASIL and GASIfO not obtaining competitive results compared to POSG is the distribution difference between their current policy and sparse-reward demonstration data.,doc_3_62,What are the reasons cited for GASIL not obtaining competitive results compared to POSG?,What are the reasons cited for GASIfO not obtaining competitive results compared to POSG?,Are there any common reasons cited for both GASIL and GASIfO not obtaining competitive results compared to POSG?
How does POSG handle information bottlenecks according to the text?, POSG handles information bottlenecks by integrating sparse-reward demonstrations' distribution information with relevant trajectories' returns.,doc_3_62,What are the information bottlenecks that POSG encounters?,How does POSG identify these bottlenecks?,What mechanisms does POSG use to handle these bottlenecks?
What is the learning trend of POSG's average ground-truth reward compared to PPO's in the default OpenAI Gym reward setting?," According to Fig. 6, POSG's average ground-truth reward increases dramatically at the beginning of learning, similar to PPO's trend in the default OpenAI Gym reward setting. By the end of training, POSG's average reward approximates that of PPO.",doc_3_64,What is the learning trend of POSG's average ground-truth reward in the default OpenAI Gym reward setting?,What is the learning trend of PPO's average ground-truth reward in the default OpenAI Gym reward setting?,How does POSG's average ground-truth reward compare to PPO's in the default OpenAI Gym reward setting?
"How do the policies learned by POSG with sparse rewards compare to those learned by PPO with dense default rewards, as shown in Fig. 7?"," According to Fig. 7, the policies learned by POSG with sparse rewards are similar to those learned by PPO with dense default rewards.",doc_3_64,How do the policies learned by POSG with sparse rewards compare to those learned by PPO?,What are the differences between the dense default rewards used in PPO and the sparse rewards used in POSG?,How does Fig. 7 illustrate these comparisons?
What is the main difference between the POSG and PPO agents in terms of learning gaits?, The main difference is that POSG uses sparse rewards while PPO uses dense default rewards.,doc_3_65,What are the key features of POSG agents in learning gaits?,How do PPO agents learn gaits differently from POSG agents?,Are there any specific advantages or disadvantages of PPO over POSG in gait learning?
How does the performance of POSG compare to other baseline methods in the Ant Maze task?," POSG significantly outperforms other baseline methods in the Ant Maze task, as it can reach the goal and learn the optimal policy while others cannot find the sparse reward.",doc_3_65,What are the baseline methods used in the Ant Maze task?,How does POSG perform in the Ant Maze task?,How do the baseline methods compare to each other in the Ant Maze task?
"What is the main advantage of the POSG method compared to other RLfD methods, according to the text?", The main advantage of the POSG method compared to other RLfD methods is its ability to better exploit sparse-reward demonstrations by merging the demonstrations’ distribution information and reward signals.,doc_3_66,What are the other RLfD methods mentioned in the text?,How does the POSG method compare to these other RLfD methods?,Which advantage of the POSG method is highlighted as the main one?
How does the performance of the PPO+D agent compare to the POSG method in learning expert-like behaviors with demonstrations?," The PPO+D agent cannot effectively learn expert-like behaviors from demonstrations due to sparse rewards, while the POSG method can efficiently decrease the distance between its policy and the demonstrated behaviors.",doc_3_66,How does the PPO+D agent perform in learning expert-like behaviors with demonstrations?,How does the POSG method perform in learning expert-like behaviors with demonstrations?,How do the performance of the PPO+D agent and the POSG method compare in learning expert-like behaviors with demonstrations?
"What is the impact of changing the number and quality of sparse-reward demonstrations on the performance of POSG, as shown in Fig. 10?"," Changing the number and quality of sparse-reward demonstrations impacts POSG's performance, as shown in Fig. 10.",doc_3_67,"What is the impact of changing the number of sparse-reward demonstrations on the performance of POSG, as shown in Fig. 10?","What is the impact of changing the quality of sparse-reward demonstrations on the performance of POSG, as shown in Fig. 10?","How does the combination of changes in both the number and quality of sparse-reward demonstrations affect the performance of POSG, as shown in Fig. 10?"
How many trajectories were used for the POSG experiment on the SparseHopper task?, The POSG experiment on the SparseHopper task used six trajectories.,doc_3_67,How many trajectories were used for the POSG experiment?,What task was the POSG experiment conducted on?,What is the SparseHopper task?
What is the expert-level performance represented by in Fig. 9a?, The black dashed line in Fig. 9a represents the expert-level performance.,doc_3_68,What is the performance represented by in Fig. 9a?,Is it expert-level performance?,How is this performance categorized?
How many trajectories of state-action pairs were used for the POSG experiment?, The POSG experiment was conducted with six trajectories of 500 state-action pairs as demonstrations.,doc_3_68,How many trajectories were used for the POSG experiment?,What is a trajectory in this context?,What does POSG stand for in this context?
What is the discount factor used in Lemma 1?, The discount factor used in Lemma 1 is λ = 1.,doc_3_71,What is Lemma 1?,Is there a discount factor mentioned in Lemma 1?,"If yes, what is the value of the discount factor in Lemma 1?"
Which state-of-the-art RL algorithms were benchmarked with POSG?, Several state-of-the-art RL algorithms were benchmarked with POSG in four environments.,doc_3_71,Which state-of-the-art RL algorithms were used?,What does POSG stand for in this context?,How was the benchmarking conducted with POSG?
What is the discount factor λ according to the text?, The discount factor λ is stated to be 1.,doc_3_72,What does the text mention about the discount factor?,How is the discount factor λ defined in the context of the text?,What specific value or range is given for λ in the text?
How is the return of any trajectory generated by the agent defined in environments with sparse rewards?," In environments with sparse rewards, the agent will not receive any non-zero reward unless it reaches specific goals. Therefore, the return of any trajectory generated by the agent is given as: R(τ) = (r, if the agent reaches the goal, 0, else), where r represents the sparse reward in the environment.",doc_3_72,How are trajectories generated by the agent in environments with sparse rewards?,What is the definition of a return in such environments?,How does the agent's behavior affect the return in these environments?
What is the condition for a current trajectory to obtain the maximal importance weight according to the definition of the trajectory weight function in Eq. (11) and the joint return function (13)?, A current trajectory obtains the maximal importance weight when it has the smallest distance from the replay memory P.,doc_3_73,What is the trajectory weight function defined in Eq. (11)?,How does the joint return function (13) influence the importance weight?,Under what conditions does a current trajectory achieve maximal importance weight according to these functions?
"How does the smooth RL objective function change when γ = 1, as described in Eq. (15)? What does PT t=0 ri(st, at) represent in this context?"," When γ = 1 in Eq. (15), the smooth RL objective function becomes Eτ∼πθ "" T X t=0 ri(st, at) # , where PT t=0 ri(st, at) represents the smooth return value of τ with all trajectories set to a constant length T.",doc_3_73,How does the smooth RL objective function change when γ = 1?,What is described in Eq. (15)?,"What does PT t=0 ri(st, at) represent in this context?"
"What is the definition of Tπ,f(π′) as given in the text?"," Tπ,f(π′) is defined as E s∼dπ a∼π s′∼P π′(a|s) π(a|s)^−1 (R(s, a) + γf(s′) − f(s))",doc_3_75,What does Tπ represent?,How is f(π′) defined in the text?,What is the relationship between Tπ and f(π′) as given in the text?
How is the divergence between discounted future state visitation distributions bounded according to Lemma 4?," According to Lemma 4, the divergence between discounted future state visitation distributions, ||dπ′ − dπ||1, is bounded by an average divergence of the policies π′ and π.",doc_3_75,What is the discounted future state visitation distribution?,What does Lemma 4 refer to in this context?,How does Lemma 4 bound the divergence between these distributions?
What is the bound for ∥dπ′ −dπ∥1 in terms of the average divergence of policies π′ and π?, ∥dπ′ −dπ∥1 ≤ 2γ 1 −γ E s∼dπ [DTV(π′ ∥π)[s]],doc_3_76,What is the norm used for ∥dπ′ −dπ∥1?,How does the average divergence of policies π′ and π relate to ∥dπ′ −dπ∥1?,What is the specific bound in terms of the average divergence?
"How does the performance improvement bound, as given by Theorem 1, relate to the total variational divergence between two action distributions?", The performance improvement bound given by Theorem 1 relates to the total variational divergence between two action distributions as it includes a term that penalizes this divergence.,doc_3_76,How does the performance improvement bound relate to the action distributions?,What is the total variational divergence between two action distributions?,How do these concepts connect according to Theorem 1?
What is the relationship between η(θ′) −η(θ) and Dπ(π′) as stated in equation (20)?," η(θ′) −η(θ) ≥(1 + λ)Dπ(π′), (20)",doc_3_77,What does η(θ′) − η(θ) represent?,What is Dπ(π′)?,How are η(θ′) − η(θ) and Dπ(π′) related according to equation (20)?
"How does the use of smooth guidance rewards impact the policy performance improvement bound, according to the text?"," The use of smooth guidance rewards impacts the policy performance improvement bound by introducing a factor (1 + λ), where λ is from Assumption 1.",doc_3_77,How does the use of smooth guidance rewards impact the policy performance?,What is the improvement bound mentioned in the text?,How does this improvement bound relate to the use of smooth guidance rewards?
What is the relationship between ˜Dπ(π′) and DTV(dπ′ ∥dπ) as described in Eq. (34)?," ˜Dπ(π′) is defined as ˜Tπ(π′) − 2γ˜ϵπ′ (1 −γ)2 E s∼dπ [DTV(π′ ∥π)[s]] , and DTV(dπ′ ∥dπ) is a component of this definition.",doc_3_78,,,
How does the smooth guidance reward contribute to the performance improvement of the original RL objective according to Eqs. (36) and (37)?," The smooth guidance reward contributes to performance improvement by ensuring that ˜η(π′) −˜η(π) ≥λDπ(π′), which indicates that the original RL objective can further obtain performance improvement with the update of the smooth guidance reward.",doc_3_78,What is the smooth guidance reward?,How do Eqs. (36) and (37) relate to the original RL objective?,How does the smooth guidance reward improve performance according to these equations?
What is the policy update frequency K?, The policy update frequency K is specified in line 17 of the document.,doc_3_80,What is the policy update frequency?,Is K a constant or variable?,How does K affect the system?
How are the trajectory importance I(τ) and guidance rewards ri computed?," The trajectory importance I(τ) is computed as the product of the trajectory weight ω(τ|ME) and the joint return Rj(τ). Guidance rewards ri are computed for each state-action pair ((s, a)) in τe using the expected value of I over the distribution M(s,a)[I].",doc_3_80,,,
What is the purpose of lines 18 and 19 in the given algorithm?, Lines 18 and 19 compute Ae using environmental rewards and Ai using guidance rewards respectively.,doc_3_81,What does line 18 do in the given algorithm?,What does line 19 do in the given algorithm?,How do lines 18 and 19 contribute to the overall purpose of the algorithm?
How are the parameters updated in line 20 compared to line 21?, The parameters are updated using different gradients: ∇ηe(θ) on line 20 and ∇ηi(θ) on line 21.,doc_3_81,What parameters are updated in line 20?,How are the parameters updated in line 20?,How are the parameters updated in line 21?
What is the purpose of the Arcade Learning Environment as described by Lillemare et al. in their 2013 paper?," The Arcade Learning Environment, as described by Lillemare et al. in their 2013 paper, serves as an evaluation platform for general agents.",doc_3_82,What are the key features of the Arcade Learning Environment described by Lillemare et al. in their 2013 paper?,How does the Arcade Learning Environment facilitate learning as per Lillemare et al.'s 2013 description?,What specific applications or uses were intended for the Arcade Learning Environment according to Lillemare et al. in their 2013 paper?
"Which journal published Ecoffet et al.'s paper titled 'First return, then explore'?", Nature,doc_3_82,"Who are the authors of the paper titled 'First return, then explore'?",What is the title of Ecoffet et al.'s paper?,Which journal published the paper by Ecoffet et al.?
What is the purpose of the buffer M that stores key-value pairs of state-action tuples and a list of values of trajectory importance?," The buffer M stores key-value pairs of state-action tuples (s, a) and a list of values of trajectory importance that include these tuples.",doc_3_83,What are the key-value pairs of state-action tuples in buffer M used for?,What is the purpose of storing a list of values of trajectory importance in buffer M?,How does buffer M facilitate the storage and use of these elements?
How often are the policy parameters θ updated based on the environmental rewards and guidance rewards?, The policy parameters θ are updated every K episodes based on both environmental rewards and guidance rewards.,doc_3_83,How often are the policy parameters θ updated?,What is the basis for updating the policy parameters θ?,Are there different frequencies of updates based on environmental rewards and guidance rewards?
What is the purpose of updating parameters using both environmental rewards and guidance rewards in this context?, Updating parameters using both environmental rewards and guidance rewards helps to improve the learning process by incorporating additional supervision signals.,doc_3_84,What are environmental rewards in this context?,What are guidance rewards in this context?,Why update parameters using both types of rewards?
"Which specific algorithms or methods are referenced in lines 5-9, and what are their primary contributions to the field?"," The algorithms referenced in lines 5-9 are Trust Region Policy Optimization (TRPO) and Deep Deterministic Policy Gradient (DDPG). TRPO's primary contribution is its use of trust regions to ensure stable updates, while DDPG addresses function approximation error in actor-critic methods.",doc_3_84,Which specific algorithms are referenced in lines 5-9?,Which methods are referenced in lines 5-9?,What are their primary contributions to the field?
What is the title of the first paper listed?," ""Model-based reinforcement learning for atari""",doc_3_87,What is the first paper?,Is it listed?,What is its title?
Which journal published the second paper?, The second paper was published in Nature.,doc_3_87,What was the title of the second paper?,Who were the authors of the second paper?,In which year was the second paper published?
What is the title of the paper by Mesnard et al.?," ""Counterfactual credit assignment in model-free reinforcement learning""",doc_3_88,What are the authors of the paper?,Which year was the paper published?,In which journal or conference was the paper presented?
In which year was the paper 'Optimizing agent behavior over long time scales by transporting value' published?, The paper 'Optimizing agent behavior over long time scales by transporting value' was published in 2018.,doc_3_88,What is the title of the paper?,Who are the authors of the paper?,In which journal or conference was the paper published?
What is the title of the paper by J. A. Arjona-Medina et al.?," ""Rudder: Return decomposition for delayed rewards""",doc_3_89,What is the title of the paper?,Who are the authors of the paper?,Is one of the authors J. A. Arjona-Medina?
In which year was the conference paper by T. Hester et al. published?, The conference paper by T. Hester et al. was published in 2018.,doc_3_89,What is the title of the conference paper by T. Hester et al.?,Which conference did T. Hester et al. present their paper at?,Who were the co-authors of the conference paper by T. Hester?
What is the main focus of the paper by Gulcehre et al.?, The main focus of Gulcehre et al.'s paper is on making efficient use of demonstrations to solve hard exploration problems in deep reinforcement learning.,doc_3_90,What are the key findings of Gulcehre et al.?,What is the methodology used by Gulcehre et al.?,What are the implications of the work by Gulcehre et al.?
"In which conference was the paper by Libardi, De Fabritiis, and Dittert presented?"," The paper by Libardi, De Fabritiis, and Dittert was presented at the International Conference on Machine Learning.",doc_3_90,Who are the authors of the paper?,What is the title of the paper?,Which conference was it presented at?
What is the main topic of research discussed in the provided references?, The main topic of research discussed in the provided references is deep reinforcement learning with a focus on policy optimization and imitation learning techniques.,doc_3_91,What are the references provided?,What is the main topic of each reference?,What is the common theme among these topics?
"Which conference did the paper by Kang, Jie, and Feng titled 'Policy optimization with demonstrations' appear in?"," The paper by Kang, Jie, and Feng titled 'Policy optimization with demonstrations' appeared in the International conference on machine learning.",doc_3_91,"What is the title of the paper by Kang, Jie, and Feng?",Who are the authors of the paper titled 'Policy optimization with demonstrations'?,In which conference did the paper appear?
"What is the title of the paper by Z. Xu, H. P. van Hasselt, and D. Silver published in Advances in neural information processing systems?"," ""Meta-gradient reinforcement learning""",doc_3_97,What are the authors' names in the paper published in Advances in neural information processing systems?,"Who is the first author of the paper by Z. Xu, H. P. van Hasselt, and D. Silver?","In which journal was the paper by Z. Xu, H. P. van Hasselt, and D. Silver published?"
"In which year was the paper 'Policy invariance under reward transformations: Theory and application to reward shaping' by A. Y. Ng, D. Harada, and S. Russell presented at Icml?"," The paper 'Policy invariance under reward transformations: Theory and application to reward shaping' by A. Y. Ng, D. Harada, and S. Russell was presented at ICML in 1999.",doc_3_97,Who are the authors of the paper 'Policy invariance under reward transformations: Theory and application to reward shaping'?,"What is the title of the paper presented at ICML by A. Y. Ng, D. Harada, and S. Russell?",In which year was the paper presented at ICML?
"What is the title of the paper by Gretton et al. published in Advances in neural information processing systems, vol. 19?"," ""A kernel method for the two-sample-problem""",doc_3_98,What is the title of the paper by Gretton et al.?,In which journal was the paper published?,Which volume of the journal contains the paper?
In which conference was the paper 'Diversity-inducing policy gradient: Using maximum mean discrepancy to find a set of diverse policies' presented?, The paper 'Diversity-inducing policy gradient: Using maximum mean discrepancy to find a set of diverse policies' was presented at the International Joint Conferences on Artificial Intelligence Organization in 2019.,doc_3_98,What is the title of the paper?,Which policy gradient method is discussed in the paper?,In which conference was the paper presented?
"Which conference did the paper 'Constrained policy optimization' by J. Achiam, D. Held, A. Tamar, and P. Abbeel appear in?"," The paper ""Constrained policy optimization"" by J. Achiam, D. Held, A. Tamar, and P. Abbeel appeared in the International Conference on Machine Learning.",doc_3_99,"What is the title of the paper by J. Achiam, D. Held, A. Tamar, and P. Abbeel?",Who are the authors of the paper 'Constrained policy optimization'?,In which conference was the paper 'Constrained policy optimization' presented?
What is the title of the book by I. Csisz´ar and J. K¨orner mentioned in the text?, Information theory: coding theorems for discrete memoryless systems,doc_3_99,What are the names of the authors mentioned in the text?,Which author's last name starts with 'C'?,What is the title of the book by these authors?
What is the main contribution of the authors to the field of multi-agent reinforcement learning?, The authors' main contribution is introducing the partially symmetric Markov game and showing that performance error from using symmetry in MARL is bounded.,doc_4_0,What are the authors' contributions to multi-agent reinforcement learning?,How do these contributions advance the field of multi-agent reinforcement learning?,What specific aspects of multi-agent reinforcement learning do the authors focus on in their contribution?
Which aspect of symmetry in MARL has been unexplored according to the authors?," According to the authors, the aspect of partial symmetry in MARL has been unexplored.",doc_4_0,Which aspect of symmetry in MARL has been overlooked?,What unexplored area of symmetry do the authors mention in MARL?,"According to the authors, which part of symmetry in MARL remains unstudied?"
What is the name of the framework proposed to adaptively incorporate symmetry prior in MARL under different symmetry-breaking conditions?, The Partial Symmetry Exploitation (PSE) framework,doc_4_1,What is the name of the framework?,How does it adaptively incorporate symmetry prior in MARL?,Under which different symmetry-breaking conditions is it proposed?
How does the performance error introduced by utilizing symmetry in MARL affect the usefulness of the symmetry prior according to the text?," The performance error introduced by utilizing symmetry in MARL is bounded, implying that the symmetry prior can still be useful even in partial symmetry situations.",doc_4_1,How does the performance error introduced by utilizing symmetry in MARL affect the overall effectiveness of the symmetry prior?,What impact does this performance error have on the reliability of the symmetry prior in MARL?,In what ways does this error influence the practical applications and usefulness of the symmetry prior according to the text?
What is the primary limitation of most Multi-Agent Reinforcement Learning (MARL) approaches mentioned in the text?, The primary limitation of most MARL approaches mentioned in the text is their substantial data dependency.,doc_4_2,What are the limitations of most Multi-Agent Reinforcement Learning (MARL) approaches?,Which limitation is considered primary among these MARL approaches?,How does this primary limitation impact the effectiveness of MARL approaches?
"How have researchers attempted to address the sample efficiency issue in MARL, according to the text?", Researchers have attempted to address sample efficiency in MARL by integrating external knowledge to accelerate training.,doc_4_2,What methods have researchers used to improve sample efficiency in MARL?,How do these methods address the issue of limited data availability in MARL?,Are there any specific techniques mentioned for enhancing the learning process with fewer samples in MARL?
"What is the advantage of employing permutation invariance in MARL, according to the text?", Permutation invariance ensures that agent order changes do not affect systemic behavior.,doc_4_3,What advantage does permutation invariance offer in MARL?,How is permutation invariance utilized in MARL according to the text?,What specific benefits are mentioned for employing permutation invariance in MARL?
"How does a non-uniform field disrupt the symmetry assumption in a multi-agent system, as illustrated in Figure 1?"," A non-uniform field disrupts symmetry by introducing variations like uneven terrain or wind fields, which affect agents differently despite spatial symmetry.",doc_4_3,How does a non-uniform field affect the behavior of agents in a multi-agent system?,What specific symmetries are assumed in a multi-agent system?,How does Figure 1 illustrate the disruption of these symmetries by a non-uniform field?
What is the most common symmetry mentioned in multi-agent systems?, The most common symmetry mentioned in multi-agent systems is rotation symmetry.,doc_4_4,What are the common symmetries in multi-agent systems?,Which symmetry is most frequently mentioned in relation to multi-agent systems?,How does symmetry affect the behavior of multi-agent systems?
How do current techniques handle the assumption of perfect permutation invariance or spatial symmetry?," Current techniques often assume perfect permutation invariance or spatial symmetry, but these ideal conditions are rare in real-world scenarios.",doc_4_4,How do current techniques assume perfect permutation invariance?,How do current techniques handle the assumption of spatial symmetry?,What is the relationship between permutation invariance and spatial symmetry in current techniques?
What are the examples of imperfections in the environment mentioned in the text?, Examples of imperfections in the environment mentioned include uneven ground and wind.,doc_4_5,What are the imperfections mentioned in the text?,How do these imperfections affect the environment?,Can you provide examples of these imperfections from the text?
"According to the text, what happens when we rotate the state-action pairs of agents in a multi-agent system?"," When we rotate the state-action pairs of agents in a multi-agent system, non-uniform fields cannot be rotated accordingly, which deviates the system's transition dynamics or reward functions from perfect spatial symmetry.",doc_4_5,What changes occur in the state-action pairs?,How do these changes affect the agents' behavior?,Are there any patterns or rules governing these changes?
What is the challenge posed by slight variations in elements such as power supply or physical structures to real-world implementations of symmetry-prior-based reinforcement learning methods?," Slight variations in power supply or physical structures can make agents slightly heterogeneous, violating perfect permutation invariance and posing a significant challenge to real-world implementations of symmetry-prior-based reinforcement learning methods.",doc_4_6,What impact do slight variations in power supply have on the implementation of symmetry-prior-based reinforcement learning methods?,How do slight variations in physical structures affect real-world implementations of symmetry-prior-based reinforcement learning methods?,What challenges are posed by these slight variations to the overall performance and reliability of such methods?
Why does the response to non-uniform fields no longer employ perfect symmetry despite the multi-agent system having a spatially symmetrical structure?, The response to non-uniform fields no longer employs perfect symmetry because non-uniform fields cannot be rotated along with state-action pairs of agents.,doc_4_6,Why does the response to non-uniform fields differ from perfect symmetry?,How does the multi-agent system's spatially symmetrical structure affect this response?,What causes this discrepancy despite the system's symmetrical structure?
What are the three distinct noise levels under which the performance of EQ-MPN and MPN methods was evaluated?, The performance of EQ-MPN and MPN methods was evaluated under three distinct noise levels.,doc_4_7,What are the distinct noise levels?,Under which performance of EQ-MPN was evaluated?,Under which performance of MPN was evaluated?
"How does the performance of the network with embedded symmetry, EQ-MPN, change as symmetry breaks?"," As symmetry breaks, the performance of EQ-MPN deteriorates.",doc_4_7,How does the performance of EQ-MPN change when symmetry is partially broken?,What happens to EQ-MPN's performance as symmetry breaks completely?,Does EQ-MPN exhibit any specific behavior or patterns as symmetry gradually breaks?
What is the main contribution of the authors regarding symmetry Markov games?, The authors' main contribution regarding symmetry Markov games is defining partial equivariance and generalizing symmetry Markov games to include partial symmetry.,doc_4_8,What are the authors' contributions to symmetry in Markov games?,How do the authors address symmetry in their work on Markov games?,What specific advancements have the authors made regarding symmetry in Markov games?
How does the Partial Symmetry Exploitation framework (PSE) adaptively incorporate symmetry into the training process?," The Partial Symmetry Exploitation framework (PSE) adaptively incorporates symmetry into the training process by first quantifying the extent of symmetry in the environment using a dedicated module, and then selecting an appropriate training pipeline based on that symmetry level.",doc_4_8,How does the Partial Symmetry Exploitation framework (PSE) identify symmetries during training?,What mechanisms does PSE use to adaptively incorporate identified symmetries into the training process?,In what ways does PSE ensure that the incorporation of symmetry remains adaptive throughout the training process?
What is the main contribution of the authors regarding the definition of partial equivariance?, The authors' main contribution regarding partial equivariance is defining it formally and generalizing symmetry Markov games to partially symmetric ones.,doc_4_9,What is the definition of partial equivariance?,How do the authors define partial equivariance?,What are the main aspects of the authors' contribution to this definition?
"How does the performance error introduced by utilizing symmetry in MARL change with varying noise levels, as shown in Figure 2?"," As noise intensity increases, the performance error introduced by utilizing symmetry in MARL also increases.",doc_4_9,How does the performance error change with varying noise levels?,What is the impact of utilizing symmetry in MARL on performance error?,How do these changes correlate with the data shown in Figure 2?
What is the trend observed for the EQ-MPN as the noise intensity increases?," As noise intensity increases, the EQ-MPN exhibits a declining trend.",doc_4_10,What happens to the EQ-MPN when noise intensity is low?,What happens to the EQ-MPN when noise intensity is moderate?,What happens to the EQ-MPN when noise intensity is high?
How can symmetry be introduced in single-agent RL through a contrastive learning framework?, Symmetry can be introduced in single-agent RL through a contrastive learning framework by enforcing consistencies between an image and its augmented version.,doc_4_10,How can symmetry be defined in single-agent RL?,What is a contrastive learning framework in the context of RL?,How can these two concepts be integrated?
What is the main focus of the paper regarding symmetries?, The main focus of the paper regarding symmetries is on partial symmetry and its extension beyond common approaches.,doc_4_11,What are the symmetries discussed in the paper?,How does the paper analyze these symmetries?,What is the significance of these symmetries to the paper's main topic?
Which method in multi-agent systems is mentioned as being related to the work discussed?, The data augmentation method proposed in (Ye et al. 2021),doc_4_11,Which methods are mentioned in multi-agent systems?,What work is discussed in the context of multi-agent systems?,How are these methods related to the discussed work?
What is the main difference between the approach described in the text and Multi-Agent MDP Homomorphic Networks regarding symmetry?," The main difference lies in how symmetry is handled. Multi-Agent MDP Homomorphic Networks impose strict constraints on symmetry, while the described approach treats it as an additional objective and incorporates it through soft constraints like data augmentation and regularization, allowing for adjustments to different symmetry levels.",doc_4_12,What is the approach described in the text?,What are Multi-Agent MDP Homomorphic Networks?,How do symmetry considerations differ between these two approaches?
How does the method of treating symmetry as an additional objective improve algorithmic performance in scenarios with partial symmetry?," Treating symmetry as an additional objective allows the algorithm to adjust to different symmetry levels through soft constraints like data augmentation and regularization, thereby improving performance in scenarios with partial symmetry.",doc_4_12,How does treating symmetry as an additional objective affect algorithmic performance?,What are the benefits of this method in scenarios with partial symmetry?,In what ways does this approach improve performance compared to traditional methods?
What is the initial state determined by in the given text?," The initial states are determined by a distribution η : S →[0, 1].",doc_4_14,What state is determined?,Who or what determines the initial state?,In which text is this determination made?
Can you describe the rotation matrix for a specific set of rotations?," The rotation matrix for a specific set of rotations {0°, 90°, 180°, 270°} is formulated as R(θ) = [cos θ −sin θ; sin θ cos θ].",doc_4_14,What are the specific rotations you want to describe?,Can you provide details about the order of these rotations?,Do you need the rotation matrix in a particular coordinate system?
What are the four group axioms that are satisfied in the case of a rotation transformation?, The four group axioms are satisfied in the case of a rotation transformation.,doc_4_15,What are the group axioms?,How do rotation transformations satisfy these axioms?,Which four specific axioms are satisfied by rotation transformations?
"How is equivariance defined in the context of multi-agent systems, and what condition must be met for a function to be considered invariant?"," In multi-agent systems, equivariance of a function f to a transformation Lg means there exists another transformation Kg such that Kg[f(x)] = f (Lg[x]). For invariance, the condition is Kg = I for any g ∈ G.",doc_4_15,How is equivariance defined in the context of multi-agent systems?,What condition must be met for a function to be considered invariant in multi-agent systems?,What is the relationship between equivariance and invariance in the context of multi-agent systems?
What is the relationship between the optimal policy π∗ and the transformation Lg[s] as described in the text?," The optimal policy π∗ is equivariant to its transformation Lg[s], denoted by Kg[π∗(s)] = π∗(Lg[s]).",doc_4_16,What does the transformation Lg[s] represent?,How is the optimal policy π∗ defined?,How do these two concepts relate to each other?
"According to the text, what assumption is made about the transformations Lg and Kg?", The transformations Lg and Kg are assumed to be bijective.,doc_4_16,What are the transformations Lg and Kg?,What is assumed about the transformation Lg?,What is assumed about the transformation Kg?
What is the condition that must be satisfied for a function f to be considered ϵ-partially equivariant?," A function f is considered ϵ-partially equivariant if there exists a transformation operator Kg : Y →Y such that ∥Kg[f(x)] −f (Lg[x])∥≤ϵ, where g ∈G and G is a mathematical group.",doc_4_17,What is the definition of ϵ-partial equivariance?,What is the function f in this context?,What condition must be satisfied for f to meet this definition?
How does the definition of partial symmetry in Markov games differ from strict equivariance or invariance?," Partial symmetry in Markov games allows for a small error (ϵ) between transformed outputs and actual outputs, unlike strict equivariance or invariance which require no error (ϵ=0).",doc_4_17,What are the key differences between partial symmetry and strict equivariance in Markov games?,How does partial symmetry compare to invariance in the context of Markov games?,What specific aspects of Markov games are addressed by partial symmetry that are not covered by strict equivariance or invariance?
What is the condition for partial reward invariance in a partially symmetric Markov game?," The condition for partial reward invariance in a partially symmetric Markov game is |R(s, a) − R(gs, ga)| ≤ ϵ.",doc_4_18,What is partial reward invariance?,What is a partially symmetric Markov game?,What are the conditions for this invariance?
How is the partial transition invariance characterized in a partially symmetric Markov game?," The partial transition invariance in a partially symmetric Markov game is characterized using Maximum Mean Discrepancy (MMD) between the distributions T(s′|s, a) and T(gs′|gs, ga), with MMDF(T(s′|s, a), T(gs′|gs, ga)) ≤δ.",doc_4_18,What is partial transition invariance?,How is symmetry characterized in a Markov game?,How does partial transition invariance relate to the symmetry in a partially symmetric Markov game?
"What is the symmetry property mentioned in the text, and why is it significant?"," The symmetry property mentioned in the text is that T(gs′|gs, ga) is also a distribution of s′ with the sampling process defined as 1) gs′ ∼T(gs′|gs, ga) and then 2) s′ = L−1 g (gs′). This property is significant because it quantifies the discrepancy between two distributions under a general class of bounded mapping functions f ∈F.",doc_4_19,What is the symmetry property mentioned in the text?,What are the specifics of this symmetry property?,Why is this symmetry property significant?
How does the MMD (Maximum Mean Discrepancy) measure the discrepancy between two distributions as described in the text?, The MMD measures discrepancy between two distributions by quantifying the distance under a class of bounded mapping functions f ∈ F.,doc_4_19,What is MMD?,How does MMD measure discrepancy?,What are the two distributions in question?
What are the four key modules of the proposed PSE framework?," The four key modules of the proposed PSE framework are Symmetry Quantification, Adaptive Tuning, Symmetry Augmentation, and Symmetry Loss.",doc_4_20,What are the key modules of the proposed PSE framework?,How many key modules does the proposed PSE framework have?,What is the significance of each key module in the proposed PSE framework?
How does the Symmetry Quantification module measure the level of symmetry in the environment?, The Symmetry Quantification module measures the level of symmetry in the environment by quantifying it.,doc_4_20,What are the specific metrics used by the Symmetry Quantification module to measure symmetry?,How does the module collect data from the environment for analysis?,What is the output format or scale of the measured level of symmetry?
"What is the definition of the m-step optimal discounted action value function Qm(s, a) according to the text?"," Qm(s, a) = R(s, a) + γ X s′∈S [T(s′|s, a) max a′∈A Qm−1(s′, a′)]",doc_4_21,What does the m-step optimal refer to in this context?,How is the discounted action value function defined?,"What is Qm(s, a) according to the text?"
How is the performance error for Mg defined in the context of using symmetry-augmented data?," The performance error for Mg when using symmetry-augmented data is defined as the difference between the optimal action-value function Q∗(s, a) and the transformation associated with Mg.",doc_4_21,What is the performance error for Mg?,How is symmetry-augmented data used in this context?,How does using symmetry-augmented data affect the performance error for Mg?
What is the performance error of Mg defined as?," The performance error of Mg is defined as ErrorMg = |Q⋆(s, a) − Q⋆(gs, ga)|.",doc_4_22,What is Mg?,What is performance error?,How is it defined for Mg?
"According to Proposition 1, what is the bound for the performance error ErrorMg?", The bound for the performance error ErrorMg according to Proposition 1 is ϵ(1−γ) + γδ(1−γ).,doc_4_22,What is Proposition 1?,What is the performance error ErrorMg?,How does Proposition 1 relate to ErrorMg?
What are the four key modules of the Partial Symmetry Exploitation (PSE) framework?," The four key modules of the Partial Symmetry Exploitation (PSE) framework are Symmetry Quantification, Adaptive Tuning, Symmetry Augmentation, and Symmetry Consistency Loss.",doc_4_23,What are the key modules of the PSE framework?,How many key modules does the PSE framework have?,What is the Partial Symmetry Exploitation (PSE) framework?
How does the symmetry quantification method measure symmetry in Mg?," The symmetry quantification method measures symmetry in Mg by proposing a general framework called Partial Symmetry Exploitation (PSE), which includes modules like Symmetry Quantification to adaptively utilize and measure symmetry.",doc_4_23,What method is used for symmetry quantification in Mg?,How does this method measure symmetry?,What are the specifics of applying this method to Mg?
What are the three types of symmetries mentioned that this method can measure?," The three types of symmetries mentioned are permutation invariance, rotational equivariance, and translational invariance.",doc_4_24,What are the symmetries mentioned?,How many types of these symmetries are there?,Can this method measure all three types?
"How is the function D(gs′, ¯s′) defined to measure the degree of symmetry in MARL?"," The function D(gs′, ¯s′) is defined as D(gs′, ¯s′) = 1 −1 2 ∥gs′ −¯s′∥2 2 ∥gs′∥2 2 + ∥¯s′∥2 2 to measure the degree of symmetry in MARL.",doc_4_24,How is the function D defined?,What are gs′ and ¯s′ in this context?,How does D measure symmetry?
What does a value of 1 indicate about the symmetry?, A value of 1 indicates perfect symmetry.,doc_4_25,What type of symmetry does a value of 1 indicate?,In what context is this value relevant?,How does this value compare to other possible values for symmetry?
How can threshold values be used to categorize the environment?," Threshold values can be used to categorize the environment into Partial Symmetry (C1) and Non-Symmetry (C2), with perfect symmetry being a special case of partial symmetry. The threshold can be tuned based on specific problem requirements and acceptable performance trade-offs.",doc_4_25,What are the threshold values used for categorization?,How do these thresholds define different categories in the environment?,What is the process of applying these thresholds to categorize the environment?
"What is the purpose of the function λ(D, k) in the context of training the model?"," The function λ(D, k) serves as an annealing coefficient at the kth iteration to gradually reduce dependence on symmetry during training.",doc_4_26,"What does the function λ(D, k) represent in the context of training the model?","How is the function λ(D, k) used during the training process?","What role does the function λ(D, k) play in optimizing the model's performance?"
How does the over-reliance on symmetry affect the model's training as it progresses?," In the early stages of training, symmetry can help the model converge faster. However, as training progresses and the model captures more nuanced features, over-reliance on symmetry may negatively impact performance. To mitigate this, our PSE gradually reduces dependence on symmetry using an annealing coefficient λ(D, k) = De−βk.",doc_4_26,How does over-reliance on symmetry impact the model's learning process during training?,What specific challenges arise in the model's performance due to this reliance as training progresses?,In what ways does the model adapt or fail to adapt to asymmetrical data throughout the training process?
How does the coefficient λ1 change over training iterations?, The coefficient λ1 starts with a value equal to the degree of symmetry and decreases over training iterations.,doc_4_27,How does λ1 change in the initial training iterations?,How does λ1 change in the middle of training?,How does λ1 change towards the end of training?
What is the role of the random number r in the data augmentation strategy?, The random number r in the data augmentation strategy serves as a probability to decide whether symmetry-augmented data is used.,doc_4_27,What does the random number r represent in data augmentation?,How is r used to generate new data points?,Why is r important for the effectiveness of data augmentation?
What is the purpose of reducing reliance on symmetry-augmented samples as training progresses?, To mitigate potential performance errors they might introduce.,doc_4_28,What are symmetry-augmented samples?,Why reduce reliance on them during training?,How does this reduction progress over time?
"How does the symmetry consistency loss help in multi-agent settings, according to the text?", The symmetry consistency loss helps in multi-agent settings by mitigating the challenge of training instability caused by increased variance from multiple agents.,doc_4_28,How does symmetry consistency loss function in multi-agent settings?,What role does symmetry consistency loss play according to the text?,How is symmetry consistency loss utilized in multi-agent scenarios?
What is the purpose of the policy consistency loss term Sπ(θ) as defined in Eq. (5)?," The policy consistency loss term Sπ(θ) aims to constrain distribution πθ(ga | gs) to be close to πθ(a | s), guiding the training process according to the symmetry prior.",doc_4_29,What does the policy consistency loss term Sπ(θ) represent?,How is the policy consistency loss term Sπ(θ) defined in Eq. (5)?,Why is the policy consistency loss term Sπ(θ) important?
"How does the symmetry consistency loss for the value function, as given by Eq. (6), aim to minimize discrepancies?"," The symmetry consistency loss for the value function, as given by Eq. (6), aims to minimize discrepancies by reducing the difference between the outputs of the value function when provided with the original input and the symmetry-transformed input.",doc_4_29,How does the symmetry consistency loss for the value function work?,What is the aim of minimizing discrepancies in this context?,How does Eq. (6) contribute to this process?
What is the loss objective that the PSE method optimizes for MAPPO?, The PSE method optimizes the loss objective JP SE = JMAP P O −λ2(Sπ + SV ) for MAPPO.,doc_4_30,What is the PSE method?,What is MAPPO?,How does the PSE method optimize for MAPPO?
Which tasks were considered in the experiments conducted?," The tasks considered in the experiments were Predator-Prey, Cooperative Navigation, Wildlife Monitoring, and Formation Change.",doc_4_30,What were the tasks in the experiments?,Which tasks were considered significant?,How were the tasks selected for the experiments?
What is the goal of the drones in the patrolling environment?, The goal of the drones in the patrolling environment is to trap poachers by having one drone hover above them while another assists from the side.,doc_4_31,What are the drones patrolling?,How do the drones patrol?,What is the purpose of the patrolling environment?
"How was symmetry incorporated into the tasks, and what simulation environment was used for the multi-robot FC task?"," Symmetry was incorporated into tasks by integrating noise into transition dynamics, and the multi-robot FC task was conducted in the Webots simulation environment.",doc_4_31,How was symmetry incorporated into the tasks?,What simulation environment was used for the multi-robot FC task?,How was symmetry utilized in the simulation environment?
"What are the noise intensity levels used for testing the learning curve of MPN, EQ-MPN, and MPN-PSE?"," The noise intensity levels used for testing the learning curve of MPN, EQ-MPN, and MPN-PSE are 0.8, 1.0, 1.2, 1.4, 1.6, 1.8, 2.0 for level 4; and 0.7, 0.8, 0.9, 1.0, 1.1, 1.2, 1.3, 1.4 for level 8.",doc_4_33,What are the noise intensity levels used for testing the learning curve of MPN?,What are the noise intensity levels used for testing the learning curve of EQ-MPN?,What are the noise intensity levels used for testing the learning curve of MPN-PSE?
Which mainstream MARL approaches were used as baselines in the experiments?," The proposed PSE framework was applied to several baselines, including Multi-Agent Deep Deterministic Policy Gradient (MADDPG), Monotonic Value Function Factorisation for Deep MARL (QMIX), and Multi-Agent Proximal Policy Optimization (MAPPO).",doc_4_33,Which mainstream MARL approaches were used?,What were the baselines in the experiments?,How were these mainstream MARL approaches used as baselines?
What was the number of agents and landmarks used in the cooperative navigation task?, The cooperative navigation task used 3 agents and 3 landmarks.,doc_4_35,What was the number of agents used in the cooperative navigation task?,What was the number of landmarks used in the cooperative navigation task?,How many agents and landmarks were used together in the cooperative navigation task?
Which algorithms were able to learn a useful policy for the multi-robot formation change task?, MAPPO-PSE and MAPPO,doc_4_35,Which algorithms were considered for the multi-robot formation change task?,What defines a 'useful policy' in this context?,How did these algorithms perform compared to each other?
What is the impact of the proposed PSE framework on the performance of MARL algorithms in challenging environments?," The proposed PSE framework improves the performance of MARL algorithms in challenging environments, as indicated by higher rewards obtained in these scenarios.",doc_4_36,What are the specific performance metrics used to evaluate MARL algorithms within the PSE framework?,How does the proposed PSE framework address the challenges faced by MARL algorithms in complex environments?,Are there any notable improvements or setbacks observed in the performance of MARL algorithms when using the PSE framework compared to existing methods?
"Which graph network-based method performed best in the Wildlife Monitoring environment: MPN, EQ-MPN, or MPN with the PSE framework?", MPN with the PSE framework performed best in the Wildlife Monitoring environment.,doc_4_36,Which graph network-based method performed best in the Wildlife Monitoring environment?,How does MPN compare to EQ-MPN in the Wildlife Monitoring environment?,What is the performance of MPN with the PSE framework in the Wildlife Monitoring environment?
What is the difference in performance between EQ-MPN and classic MPN under conditions of perfect symmetry?," Under perfect symmetry, EQ-MPN outperforms classic MPN.",doc_4_37,What are the performance metrics used to compare EQ-MPN and classic MPN?,How does perfect symmetry affect the performance of EQ-MPN?,How does perfect symmetry affect the performance of classic MPN?
How does the PSE framework compare to EQ-MPN and MPN in terms of performance across varying degrees of symmetry-breaking?, The PSE framework outperforms both EQ-MPN and MPN under varying degrees of symmetry-breaking.,doc_4_37,How does the PSE framework perform compared to EQ-MPN across varying degrees of symmetry-breaking?,How does the PSE framework perform compared to MPN across varying degrees of symmetry-breaking?,How do EQ-MPN and MPN compare in terms of performance across varying degrees of symmetry-breaking?
How does the PSE framework compare to EQ-MPN and MPN in terms of convergence speed?, The PSE framework demonstrates faster convergence speed compared to both EQ-MPN and MPN.,doc_4_38,How does the PSE framework compare to EQ-MPN in terms of convergence speed?,How does the PSE framework compare to MPN in terms of convergence speed?,How do EQ-MPN and MPN compare to each other in terms of convergence speed?
What is the impact of different degrees of symmetry on the performance of the EQ-MPN compared to the classic MPN?," Under partial symmetry, EQ-MPN performs worse than classic MPN, while PSE framework enhances MPN's performance. In a completely asymmetric environment, both methods struggle but PSE still outperforms them.",doc_4_38,What impact does a higher degree of symmetry have on the performance of the EQ-MPN compared to the classic MPN?,What impact does a lower degree of symmetry have on the performance of the EQ-MPN compared to the classic MPN?,How do different degrees of symmetry affect the relative performance of the EQ-MPN and the classic MPN?
What is the difference in performance between MAPPO-SE and classic MAPPO as noise intensity increases?," As noise intensity increases, MAPPO-SE experiences a substantial performance decline and can even perform worse than classic MAPPO.",doc_4_39,How does MAPPO-SE perform compared to classic MAPPO at low noise intensity?,What is the performance difference between MAPPO-SE and classic MAPPO at moderate noise intensity?,How do MAPPO-SE and classic MAPPO compare in performance at high noise intensity?
How does the PSE framework compare to MAPPO-SE across different degrees of symmetry-breaking?, The PSE framework consistently outperforms MAPPO-SE across different degrees of symmetry-breaking.,doc_4_39,How does the PSE framework perform compared to MAPPO-SE in scenarios with low degrees of symmetry-breaking?,How does the PSE framework compare to MAPPO-SE in scenarios with moderate degrees of symmetry-breaking?,How does the PSE framework compare to MAPPO-SE in scenarios with high degrees of symmetry-breaking?
What is the advantage of the PSE framework mentioned in the text?, The advantage of the PSE framework mentioned in the text is its ability to adapt to various symmetry-breaking conditions and consistently enhance the performance of mainstream multi-agent algorithms.,doc_4_40,What are the advantages of using a framework like PSE?,How does the PSE framework compare to other frameworks mentioned in the text?,What specific benefits does the text highlight about the PSE framework?
Why does MADDPG not perform well in the FC task according to the text?, MADDPG does not perform well in the FC task due to its strong dependency on embedding perfect symmetry.,doc_4_40,What are the specific challenges MADDPG faces in the FC task?,How does the text describe the performance of MADDPG in the FC task?,Are there any comparisons made between MADDPG and other methods for the FC task?
What is the rate of risky states for MAPPO-PSE and MAPPO?," The rate of risky states for MAPPO-PSE is 2.1%, while the rate for MAPPO is 5.6%.",doc_4_41,What is the rate of risky states for MAPPO-PSE?,What is the rate of risky states for MAPPO?,How do these rates compare between MAPPO-PSE and MAPPO?
In which task does the MADDPG algorithm not perform well?, The MADDPG algorithm does not perform well in the FC task.,doc_4_41,What are the tasks for which MADDPG is typically used?,In which scenarios does MADDPG perform well?,Are there any specific task characteristics that hinder MADDPG's performance?
What is the performance error rate for O-PSE and MAPPO?," The performance error rate for O-PSE is 2.1%, while it's 5.6% for MAPPO.",doc_4_42,What is the performance error rate for O-PSE?,What is the performance error rate for MAPPO?,How do the performance error rates of O-PSE and MAPPO compare?
In which section of the Appendix can one find more details about these rates?, Section 5 of the Appendix,doc_4_42,What are the rates mentioned in the question?,Which Appendix is being referred to?,What details about these rates are you looking for?
"What is the title of the paper by Shi, R.; Mo, Z.; Huang, K.; Di, X.; and Du, Q. published in 2022?", A physics-informed deep learning paradigm for traffic state and fundamental diagram estimation,doc_4_47,What is the first author's last name?,Who are the co-authors of the paper?,In which year was the paper published?
"Which journal did van der Pol, E.; van Hoof, H.; Oliehoek, F. A.; and Welling, M. publish their paper 'Multi-Agent MDP Homomorphic Networks' in 2021?", arXiv preprint arXiv:2110.04495,doc_4_47,"Which journal did van der Pol, E.; van Hoof, H.; Oliehoek, F. A.; and Welling, M. publish their paper in 2021?","What is the title of the paper published by van der Pol, E.; van Hoof, H.; Oliehoek, F. A.; and Welling, M. in 2021?","In which year did van der Pol, E.; van Hoof, H.; Oliehoek, F. A.; and Welling, M. publish their paper 'Multi-Agent MDP Homomorphic Networks'?"
"What is the title of the paper by Wang, D.; Walters, R.; and Platt, R.?"," The title of the paper by Wang, D.; Walters, R.; and Platt, R. is ""SO(2)- Equivariant Reinforcement Learning"".",doc_4_48,"What are the authors' names in the paper by Wang, D.; Walters, R.; and Platt, R.?","Who is the first author of the paper by Wang, D.; Walters, R.; and Platt, R.?","In what order do the authors appear in the paper by Wang, D.; Walters, R.; and Platt, R.?"
"Which conference did Yu, X.; Shi, R.; Feng, P.; Tian, Y.; Luo, J.; and Wu, W. present their work on ESP in 2023?"," Yu, X.; Shi, R.; Feng, P.; Tian, Y.; Luo, J.; and Wu, W. presented their work on ESP at ECAI 2023.",doc_4_48,"Which conference did Yu, X.; Shi, R.; Feng, P.; Tian, Y.; Luo, J.; and Wu, W. present their work?",What was the topic of their presentation in 2023?,In which year did they present their work on ESP?
What is the main focus of the supplementary material mentioned in the text?, The main focus of the supplementary material is on proving Proposition 1 regarding partial reward and transition invariance in a Partially Symmetric Markov game.,doc_4_49,What are the key points of the supplementary material?,How does the supplementary material support or expand on the main text?,What is the purpose of including this supplementary material in the text?
Which conference did the paper 'Swarm inverse reinforcement learning for biological systems' appear in?, The paper 'Swarm inverse reinforcement learning for biological systems' appeared in the 2021 IEEE International Conference on Bioinformatics and Biomedicine (BIBM).,doc_4_49,What is the title of the paper?,Which conference did the paper appear in?,What is the full title of the conference?
What is the measure used to quantify the discrepancy between two distributions in equation (2)?, The measure used to quantify the discrepancy between two distributions in equation (2) is Maximum Mean Discrepancy (MMD).,doc_4_50,What are the two distributions in equation (2)?,What is the purpose of quantifying the discrepancy between these distributions?,How is this measure applied or calculated in equation (2)?
"How is s′ defined in the sampling process for T(gs′|gs, ga)?"," In the sampling process for T(gs′|gs, ga), s′ is defined as first sampling gs′ from T(gs′|gs, ga) and then applying the function L−1 g to obtain s′.",doc_4_50,What is the role of s' in the sampling process?,"How does T(gs'|gs, ga) depend on s'?",What is the significance of gs and ga in defining s'?
"What is the bound for the performance error ErrorMg, and how is it derived?"," The bound for the performance error ErrorMg is ϵ(1−γ)+γδ(1−γ). This is derived using mathematical induction on the m-step optimal discounted action value function Qm, with base case |Q0(s, a) −Q0(gs, ga)| = |R(s, a) −R(gs, ga)| ≤ϵ.",doc_4_51,What is the bound for ErrorMg?,How is the bound for ErrorMg derived?,What are the steps involved in deriving the bound for ErrorMg?
How does the base step of the mathematical induction method apply to the m-step optimal discounted action value function?," The base step of mathematical induction applies to the m-step optimal discounted action value function by defining Q0(s, a) = R(s, a), ensuring that |Q0(s, a) −Q0(gs, ga)| = |R(s, a) −R(gs, ga)| ≤ϵ.",doc_4_51,What is the base step of mathematical induction?,How does the m-step optimal discounted action value function work?,How do these two concepts relate to each other in this context?
"What is the value of |Q0(s, a) −Q0(gs, ga)| for the base case of m = 0?"," For m = 0, |Q0(s, a) − Q0(gs, ga)| = |R(s, a) − R(gs, ga)| ≤ ϵ.",doc_4_52,"What is Q0(s, a) for the base case of m = 0?",What is gs for the base case of m = 0?,What is ga for the base case of m = 0?
"How does the inequality change when comparing X s′ T (s′|s, a) max a′ Q0(s′, a′) and X s′ T (gs′|gs, ga) max a′ Q0(gs′, ga′) for m = 1?"," When m = 1, the inequality changes by comparing X s′ T (s′|s, a) max a′ Q0(s′, a′) and X s′ T (gs′|gs, ga) max a′ Q0(gs′, ga′), with the difference bounded by ϵ + γ X s′ T (s′|s, a) max a′ Q0(gs′, ga′) − X s′ T (gs′|gs, ga) max a′ Q0(gs′, ga′).",doc_4_52,"What is the difference between X s′ T (s′|s, a) and X s′ T (gs′|gs, ga)?","How does max a′ Q0(s′, a′) compare to max a′ Q0(gs′, ga′)?",What happens when m = 1 in the context of these comparisons?
"What is the upper bound for |Qm(s, a) − Qm(gs, ga)| according to the given mathematical induction?"," The upper bound for |Qm(s, a) − Qm(gs, ga)| according to the given mathematical induction is m X i=0 γiϵ + m X i=1 γiδ.",doc_4_55,What does the given mathematical induction describe?,"How is |Qm(s, a) − Qm(gs, ga)| defined in this context?","What specific values or conditions are used to determine the upper bound for |Qm(s, a) − Qm(gs, ga)| according to the given mathematical induction?"
How does the error term ErrorMg change as m approaches infinity when 0 < γ < 1?," As m approaches infinity and 0 < γ < 1, ErrorMg converges to ϵ / (1 - γ) + γδ / (1 - γ).",doc_4_55,What is the behavior of ErrorMg as m increases when 0 < γ < 1?,How does ErrorMg change in magnitude as m approaches infinity?,Does ErrorMg converge or diverge as m tends to infinity?
What is the objective function that MAPPO optimizes to learn policy πθ?," The objective function that MAPPO optimizes to learn policy πθ is Jπ(θ) = n X i=1 Eπθold "" πθ \x00ai | s \x01 πθold (ai | s)Aπ \x00s, ai\x01 # , where πθold is the behavior policy and Aπ \x00s, ai\x01 denotes the advantage function.",doc_4_56,What is the objective function that MAPPO uses?,How does MAPPO learn policy πθ?,What is optimized by MAPPO to learn policy πθ?
How are the numerator and denominator of the first term in equation (4) calculated during training?, The numerator of the first term in equation (4) is derived from the current policy π using samples from the buffer.,doc_4_56,How is the numerator of the first term in equation (4) calculated during training?,How is the denominator of the first term in equation (4) calculated during training?,What are the steps involved in calculating the numerator and denominator of the first term in equation (4) during training?
What is the term A in equation (4) calculated using?, The term A in equation (4) is calculated using the rewards generated during the interaction.,doc_4_57,What is equation (4)?,What are the terms in equation (4)?,How is term A calculated?
"How does the MAPPO objective change when transformation (Lg, Kg) is applied to the algorithm?"," When transformation (Lg, Kg) is applied to MAPPO, the objective changes, replacing equation (4) with equation (5). The denominator in the new objective uses the previous policy πθold and the transformed state-action pair.",doc_4_57,How does the MAPPO objective change?,"What is the transformation (Lg, Kg)?",How is the transformation applied to the algorithm?
What challenge does the symmetry consistency loss address in multi-agent settings?, The symmetry consistency loss addresses the challenge of severe training instability in multi-agent settings due to increased variance from multiple agents.,doc_4_58,What challenge does the symmetry consistency loss address?,In what context is this challenge relevant?,How does the multi-agent setting influence this challenge?
How does data augmentation affect the output of the formula mentioned in the text?," Data augmentation can affect the output of the formula by introducing variance and instability in training, especially in multi-agent settings. Different implementations may result in incorrect values even if numerator and denominator are transformed simultaneously.",doc_4_58,How does data augmentation change the values produced by the formula?,What specific aspects of the output are influenced by data augmentation?,Are there any patterns or trends in how the output varies with different augmentation techniques?
What is the observation of each robot in the state space?, The observation of each robot in the state space is the concatenation of its direction and the relative coordinates of the others in the environment.,doc_4_59,What does each robot observe?,How is the observation represented in the state space?,What information about the environment is included in the observation?
How are agents controlled in the action space?, Agents are controlled in the action space by assigning wheel speed to control the robot.,doc_4_59,What methods are used to control agents in the action space?,How do agents navigate through different actions within the action space?,What factors influence the choice of actions for agents in the action space?
What is the value of 'noise intensity' in the context of this text?, 'Noise intensity' refers to the mean and variance of Gaussian noise.,doc_4_60,What does 'noise intensity' refer to?,How is 'noise intensity' defined in this context?,What is the specific value or range of 'noise intensity' mentioned?
How does the collision penalty Ct i change based on the distance between agent i and obstacle j?," The collision penalty Ct i changes based on the distance between agent i and obstacle j, with a value of 0.35 if the distance is less than 0.5 units, otherwise it is 0.",doc_4_60,How does the collision penalty Ct change with increasing distance between agent i and obstacle j?,What is the relationship between the distance between agent i and obstacle j and the collision penalty Ct?,Does the collision penalty Ct decrease as the distance between agent i and obstacle j increases?
What does a noise intensity of one signify?, A noise intensity of one signifies Gaussian noise with both a mean and a variance of one.,doc_4_61,What does a noise intensity of one represent?,How is the scale for noise intensity defined?,What are the implications of having a noise intensity of one?
How does Gaussian noise with both a non-zero mean and variance simulate terrains?," Gaussian noise with both a non-zero mean and variance simulates slanted and rugged terrains, similar to a gravelly slope.",doc_4_61,How does Gaussian noise with a non-zero mean simulate terrains?,How does Gaussian noise with variance simulate terrains?,How do both the non-zero mean and variance of Gaussian noise contribute to terrain simulation?
What is the probability of an agent transitioning to a different state than intended when the noise level is cited as i?," When the noise level is cited as i, there's a probability of i × 10% that an agent will transition to a different state than intended.",doc_4_62,What are the possible states an agent can transition to?,What is the intended state of the agent?,How does the noise level i affect the transition probability?
How is the uneven terrain generated in the Webots simulator for the Formation Change task?, The uneven terrain in the Webots simulator for the Formation Change task is generated using Perlin noise.,doc_4_62,How is the terrain in Webots generated?,What makes the terrain uneven in Webots?,How does this uneven terrain affect the Formation Change task?
What is the method used for generating the uneven terrain?, The terrain is generated mathematically through Perlin noise.,doc_4_63,What are the steps involved in generating uneven terrain?,What tools or software are used for generating uneven terrain?,How is the randomness or variability controlled in generating uneven terrain?
Which robots were used in the real-world experiments and what was their computational enhancement?," In real-world experiments, e-puck2 robots were used. Their computational capabilities were enhanced with an expansion board featuring a Raspberry Pi.",doc_4_63,Which robots were used in the real-world experiments?,What computational enhancement was applied to these robots?,How did this computational enhancement impact their performance?
What percentage of states were labeled as 'high-risk' when using the standalone MAPPO algorithm?, 5.6%,doc_4_64,What algorithm was used?,What does 'high-risk' refer to in this context?,How many states were considered for the labeling?
How did integrating the PSE framework with the MAPPO algorithm affect the frequency of high-risk states compared to using the standalone MAPPO?," By integrating the PSE framework with MAPPO, high-risk states were reduced to 2.1% of total states compared to 5.6% with standalone MAPPO.",doc_4_64,How did the frequency of high-risk states change when integrating the PSE framework with MAPPO?,What effect did integrating the PSE framework have on the performance of the MAPPO algorithm?,How does the standalone MAPPO compare to the integrated version in terms of avoiding high-risk states?
"What are the default hyperparameters used for MAPPO, as described in Table 1?", The default hyperparameters for MAPPO are described in Table 1.,doc_4_65,What are the default hyperparameters used for MAPPO?,What is described in Table 1?,How do these relate to each other?
How was the continuous action space modified to facilitate training for the QMIX algorithm in the 'formation change' task?," The continuous action space was modified by breaking it down into distinct atomic actions. For example, an action space ranging from -1 to 1 was discretized at regular intervals of 0.2.",doc_4_65,How was the continuous action space initially defined for the QMIX algorithm in the 'formation change' task?,What specific modifications were made to the continuous action space?,How did these modifications facilitate training for the QMIX algorithm?
What is the interval used for discretization of the action space?, 0.2,doc_4_66,What is the action space?,How is discretization applied to this space?,What interval is used for this process?
Which software framework and versions were used for the computational simulations and experiments?," The computational simulations and experiments were executed on Ubuntu 18.04 with an i9-12900KF CPU, using Python version 3.9.12 coupled with PyTorch version 1.13.0.",doc_4_66,Which software framework was used for the computational simulations?,What versions were used for the computational simulations?,Which software framework and versions were used for the experiments?
What is the purpose of the SMADDP G(ϕ) function in the context of updating Q-values?," The SMADDP G(ϕ) function updates Q-values by calculating the L2 distance between the Q-network outputs under the original state and the symmetric transformed state, helping to constrain the agent's value function to satisfy defined symmetry constraints.",doc_4_67,What does the SMADDP G(ϕ) function represent?,How is the SMADDP G(ϕ) function used in updating Q-values?,Why is the SMADDP G(ϕ) function important for updating Q-values?
"Which hyperparameters are used in MAPPO, and what are their respective values?"," The hyperparameters used in MAPPO include recurrent data chunk length (10), gradient clip norm (10.0), GAE lambda (0.95), gamma (0.99), value loss huber loss with huber delta (10.0), batch size, mini-batch size (batch size / mini-batch), optimizer (Adam) with epsilon (1e-5) and weight decay, and network initialization (Ort).",doc_4_67,Which hyperparameters are used in MAPPO?,What are the respective values of these hyperparameters in MAPPO?,
What is the value of 'Gamma' used in both QMix and MADDPG?, The value of 'Gamma' used in both QMix and MADDPG is 0.99.,doc_4_68,What value of 'Gamma' is used in QMix?,What value of 'Gamma' is used in MADDPG?,Is the same value of 'Gamma' used in both QMix and MADDPG?
What is the 'Batch size' for training episodes in QMix?, The 'Batch size' for training episodes in QMix is 32.,doc_4_68,What is the purpose of 'Batch size' in QMix?,How does 'Batch size' affect training episodes in QMix?,What are typical values for 'Batch size' when training episodes in QMix?
What is the highest noise intensity level tested for each timestep?, The highest noise intensity level tested for each timestep is 1200.,doc_4_69,What are the timesteps tested?,What is the highest noise intensity level for each timestep?,Are there any specific timesteps where the highest noise intensity was tested?
"How do the rewards for MPN, EQ-MPN, and MPN-PSE compare at Noise Intensity Level 1 and timestep 1.0?"," At Noise Intensity Level 1 and timestep 1.0, MPN has a reward of 800, EQ-MPN has a reward of 1000, and MPN-PSE has a reward of 1200.",doc_4_69,How do the rewards for MPN compare to EQ-MPN and MPN-PSE at Noise Intensity Level 1?,"What are the differences in rewards between MPN, EQ-MPN, and MPN-PSE at timestep 1.0?","How does the reward comparison change when considering both Noise Intensity Level 1 and timestep 1.0 for MPN, EQ-MPN, and MPN-PSE?"
What is the performance trend of EQ-MPN as the noise intensity increases?," As noise intensity increases, EQ-MPN's performance declines significantly.",doc_4_70,How does EQ-MPN perform at low noise intensity?,What is the mid-range performance of EQ-MPN with increasing noise intensity?,What happens to EQ-MPN's performance at high noise intensity?
Which network architecture consistently outperformed the others at every noise level?, MPN-PSE consistently outperformed EQ-MPN and MPN at every noise level.,doc_4_70,Which network architecture outperformed the others?,At which noise levels was this performance consistent?,What was the specific measure of outperformance?
What is the scope of observation space mentioned in 'Definition 2'?, The scope of observation space in 'Definition 2' is not specified.,doc_4_71,What are the dimensions of the observation space?,Are there any constraints on the values within the observation space?,Is the observation space discrete or continuous?
How are the features of each agent’s observation divided and what makes them invariant or non-invariant?," The features of each agent’s observation are divided into non-invariant feature set G (e.g., global view's features) and invariant feature set I (e.g., individual view's features). Non-invariant features are sensitive to transformations like rotations, while invariant features remain unchanged under such transformations.",doc_4_71,How are the features of each agent’s observation divided?,What makes them invariant?,What makes them non-invariant?
What is the difference between gi and ij with respect to transformations?," Each gi is sensitive to transformations (e.g., rotations), while each ij remains unchanged after transformations.",doc_4_72,What does gi represent with respect to transformations?,What does ij represent with respect to transformations?,How do gi and ij differ in their representations or behaviors under transformations?
Why is it important to include non-invariant features in the observation space?, It is important to include non-invariant features in the observation space because they are sensitive to transformations and make the consideration of symmetry meaningful.,doc_4_72,What are non-invariant features?,How do non-invariant features affect the observation space?,Why is it important to include these features in observations?
What is the name of the school where most of the authors are affiliated?," School of Computing and Augmented Intelligence, Arizona State University",doc_5_0,What are the names of the schools where most of the authors are affiliated?,How many authors are affiliated with each school?,Which school has the highest number of affiliated authors?
Which aspect of transportation does the abstract mention as being improved by intelligent transportation?, The abstract mentions that intelligent transportation improves people's daily commuting efficiency.,doc_5_0,What aspect of transportation is mentioned?,How is this aspect improved?,By what means is it improved?
What are the specific tasks that Open-TI is able to conduct besides traffic analysis?, Open-TI can train and adapt traffic signal control policies (TSC) and explore demand optimizations.,doc_5_2,What are the specific tasks that Open-TI can conduct?,"Besides traffic analysis, what other tasks can Open-TI conduct?",What additional tasks is Open-TI capable of besides traffic analysis?
How does the agent-to-agent communication mode support Open-TI in conveying messages to ChatZero?," The agent-to-agent communication mode supports Open-TI by conveying messages to ChatZero (control agent), which then selects actions from its action space to proceed with execution.",doc_5_2,What are the key features of agent-to-agent communication mode?,How does this mode support Open-TI in general?,In what specific ways does it facilitate conveying messages to ChatZero?
What are some of the ongoing challenges mentioned in the text regarding traffic simulation and control?, The document mentions challenges such as multi-resolution traffic simulation and optimal traffic signal control policies.,doc_5_3,What are the ongoing challenges mentioned in the text regarding traffic simulation?,What are the ongoing challenges mentioned in the text regarding traffic control?,Are there any challenges that overlap between traffic simulation and control mentioned in the text?
How does intelligent transportation aim to benefit people’s daily lives according to the text?, Intelligent transportation aims to benefit people’s daily lives by optimizing traffic control and scheduling decisions.,doc_5_3,What specific benefits does intelligent transportation aim to provide for people's daily lives?,How does intelligent transportation plan to improve the efficiency of daily commutes?,In what ways does intelligent transportation seek to enhance safety and convenience in daily travel?
What are some of the challenges mentioned regarding multi-resolution traffic simulation?," The challenges include optimal traffic signal control policies and dynamic demand dispatch adjustment. Additionally, simulators like SUMO, CityFlow, and VISSIM are powerful but difficult to operate, creating a gap between research and industry.",doc_5_4,What are the challenges in traffic simulation?,How does multi-resolution affect traffic simulation?,What specific issues arise from using multi-resolution in traffic simulation?
"According to the text, what is one possible solution to bridge the gap between research and industry in implementing traffic signal control policies?", Unifying the simulation and analysis process by a standard ecosystem like General Modeling Network Specification (GMNS) to define a common format for sharing routable road network files.,doc_5_4,What are the possible solutions to bridge the gap between research and industry?,"According to the text, what is one solution for implementing traffic signal control policies?",How can this solution help in bridging the gap between research and industry?
What is the purpose of the Generalized Multi-Modal Network Specification (GMNS)?, The Generalized Multi-Modal Network Specification (GMNS) defines a common format for sharing routable road network files and is designed for multi-modal static and dynamic transportation planning and operations.,doc_5_5,What are the components of GMNS?,How does GMNS integrate different modalities?,What applications benefit from using GMNS?
"According to the text, what are the five stages of transportation intelligence development?"," Transportation intelligence development includes stages defined by technological advancements, culminating in a Turing Indistinguishable Open Traffic Intelligence with Augmented Language Model.",doc_5_5,What are the first two stages of transportation intelligence development according to the text?,What is the third stage of transportation intelligence development according to the text?,What are the last two stages of transportation intelligence development according to the text?
Which specific models are mentioned as being capable of grasping context and discerning logic in the text?," Large-scale pre-trained models such as Llama, GPT-3.0, and ChatGPT are mentioned as being capable of grasping context and discerning logic in the text.",doc_5_6,Which models are mentioned?,What context can they grasp?,How do they discern logic in the text?
"What is the significance of the transition from LLMs to ALMs, according to the text?"," The transition from LLMs to ALMs enhances their ability to take action and use tools, broadening application scenarios and increasing beneficial impact.",doc_5_6,What does the text say about LLMs?,What does the text say about ALMs?,"How does the transition from LLMs to ALMs affect significance, according to the text?"
What are the key features of Open-TI as described in the text?," Open-TI can understand human intentions, conduct intelligent traffic analysis, and provide interpretations of results. It also answers questions about techniques or tools used in traffic studies.",doc_5_7,What are the main functionalities of Open-TI?,What are the primary components of Open-TI?,How does Open-TI facilitate data integration?
How do ALMs enhance the application scenarios and beneficial impact according to the text?," ALMs enhance application scenarios by enabling action and tool use, broadening their scope. They also amplify beneficial impact through capabilities like understanding human intentions and conducting intelligent traffic analysis.",doc_5_7,How do ALMs expand the application scenarios?,What are the beneficial impacts of ALMs according to the text?,In what ways do ALMs enhance these impacts?
What is the role of the ChatZero control agent in the described system?, The ChatZero control agent interacts with humans to obtain control requirements and makes decisions based on current traffic observations and described policies.,doc_5_9,What are the responsibilities of the ChatZero control agent?,How does the ChatZero control agent interact with other components in the system?,What is the purpose of having a ChatZero control agent in the described system?
How does Open-TI facilitate traffic signal control policy training and traffic demand optimization?," Open-TI facilitates traffic signal control policy training and traffic demand optimization by realizing multi-domain specific tasks under a unified implementation class. The ChatLight meta-control system, based on LLM's inference ability, enables agent-agent communication for decision making based on current traffic observations and described policies.",doc_5_9,How does Open-TI facilitate traffic signal control policy training?,How does Open-TI optimize traffic demand?,What are the specific methods or techniques used by Open-TI for traffic signal control policy training and traffic demand optimization?
What is the role of Open-TI in traffic analysis?," Open-TI is a central agent in charge of multiple task-specific executors, including traffic signal control and demand optimization. It also provides explanations for any questions during traffic analysis.",doc_5_10,What are the specific functions of Open-TI in traffic analysis?,How does Open-TI contribute to the accuracy of traffic analysis?,In what ways can Open-TI enhance the efficiency of traffic analysis?
How does Open-TI facilitate communication with other control agents?, Open-TI facilitates communication with other control agents by conveying policy descriptions and directly serving as a controller to output actions based on context understanding.,doc_5_10,How does Open-TI enable communication with other control agents?,What mechanisms does Open-TI use to facilitate this communication?,What types of control agents can communicate using Open-TI?
What are some examples of products that use Large Language Models (LLMs) as their core?, The coding assistant Copilot and Bert enhanced search engine use Large Language Models as their core.,doc_5_11,What are some examples of products that use Large Language Models (LLMs) as their core?,Can you provide a list of products that utilize Large Language Models (LLMs)?,Are there any notable applications of Large Language Models (LLMs) in commercial products?
How do LLMs contribute to higher-bandwidth human-computer interactions?," LLMs enable higher-bandwidth human-computer interactions by executing multiple tasks from language understanding to text generation, relying on memorization and compositionality.",doc_5_11,How do LLMs enhance the speed of human-computer interactions?,What aspects of human-computer interactions are improved by LLMs?,In what ways do LLMs facilitate more complex communication in human-computer interactions?
What are some of the changes that tool-using abilities can bring to people’s lives when equipped with LLMs?," Equipping LLMs with tool-using abilities can lead to advanced automation and bring intelligence science closer to achieving Turing Indistinguishability. This is exemplified by designing API banks for executing API calls, applying augmented language models in the medical field as flexible knowledge hubs, and using existing foundation models and APIs of other AI models for diversified tasks.",doc_5_12,What are the specific changes that tool-using abilities can bring to people's lives?,How do LLMs equip individuals with tool-using abilities?,In what ways can these changes impact various aspects of life?
"In which fields have augmented language models been applied, as mentioned in the text?", Augmented language models have been applied in the medical field to serve as a knowledge hub for doctors and patients.,doc_5_12,In which specific fields have augmented language models been applied?,What are the mentioned applications of augmented language models in these fields?,How do these applications contribute to the respective fields?
What are the two types of traffic simulation models mentioned in the text that gained popularity as computing power increased?, Mesoscopic and macroscopic models,doc_5_14,What are the two types of traffic simulation models mentioned in the text?,Which traffic simulation models gained popularity as computing power increased?,How did computing power influence the popularity of these models?
"According to the text, what is the main difference between the real-world traffic image and the simulation of traffic flow in DTALite?", The main difference between the real-world traffic image and the simulation of traffic flow in DTALite is that the simulation provides a more detailed and computationally efficient representation of traffic behavior without needing costly real-world alterations.,doc_5_14,What are the characteristics of real-world traffic images?,What are the features of the simulation of traffic flow in DTALite?,How do these two differ?
What is the advantage of mesoscopic models over microscopic and macroscopic models?," Mesoscopic models balance detail and computational efficiency, making them ideal for medium-scale traffic networks.",doc_5_15,What are the advantages of mesoscopic models over microscopic models?,What are the advantages of mesoscopic models over macroscopic models?,How do mesoscopic models compare to both microscopic and macroscopic models in terms of advantages?
How have recent advancements in traffic simulation models been influenced by machine learning and real-time data?," Recent advancements in traffic simulation models have been influenced by machine learning and real-time data. Machine learning has enabled more accurate predictions of traffic patterns by learning from historical data, as seen in the work of [33]. Additionally, real-time data from IoT devices and traffic sensors have significantly enhanced the responsiveness of these models.",doc_5_15,How have recent advancements in traffic simulation models been influenced by machine learning?,How have recent advancements in traffic simulation models been influenced by real-time data?,What is the interplay between machine learning and real-time data in influencing recent advancements in traffic simulation models?
Which company developed the multi-agent scene simulator on hardware accelerators?, Waymo developed the multi-agent scene simulator on hardware accelerators.,doc_5_16,Which company developed the multi-agent scene simulator?,What is the name of the hardware accelerators used in the development?,What specific technology or tool was developed on these hardware accelerators?
What is the name of one of the traffic simulation models mentioned in the text?, SUMO,doc_5_16,What are the traffic simulation models mentioned in the text?,Are there any specific names of traffic simulation models given in the text?,Can you list one of the traffic simulation models from the text?
What is the main benefit of effective traffic signal control systems according to the text?, The main benefit of effective traffic signal control systems is improving traffic flow and reducing congestion in modern transportation systems.,doc_5_17,What are the benefits of effective traffic signal control systems?,According to which text is this benefit mentioned?,What is considered the main benefit among these?
"Which technique has shown superiority over traditional approaches in Traffic Signal Control, and what features does it consider when learning a policy?", Reinforcement Learning (RL) techniques have shown superiority over traditional approaches in Traffic Signal Control by considering features like intersection vehicle amount and current traffic light phase.,doc_5_17,Which technique has shown superiority over traditional approaches in Traffic Signal Control?,What features does it consider when learning a policy?,How does the chosen technique compare to traditional approaches?
What are the features considered as observations when learning the policy for traffic signal control?, The features considered as observations when learning the policy for traffic signal control are intersection vehicle amount and current traffic light phase.,doc_5_18,What are the observations in traffic signal control?,How are these observations used to learn the policy?,Which features of the observations are considered important for learning the policy?
How does Reinforcement Learning (RL) benefit traffic intelligence in the context of Traffic Signal Control (TSC) tasks?, RL benefits traffic intelligence in TSC tasks by learning adaptive signal plans from environmental feedback.,doc_5_18,How does Reinforcement Learning (RL) improve traffic flow in Traffic Signal Control (TSC)?,What specific benefits does RL provide for optimizing traffic signal timing?,In what ways can RL enhance the efficiency of TSC systems?
What are the traditional methods used for O-D matrix estimation?, Traditional methods for O-D matrix estimation include travel surveys and extrapolation from limited traffic counts.,doc_5_19,What are the traditional methods?,Used for what estimation?,"In the context of O-D matrix, what are they?"
How have modern techniques for O-D matrix estimation evolved compared to traditional methods?," Modern techniques for O-D matrix estimation have evolved to leverage large datasets from various sources, unlike traditional methods that rely on travel surveys or limited traffic counts.",doc_5_19,How have modern techniques for O-D matrix estimation differed from traditional methods?,What are the key differences in accuracy between modern and traditional O-D matrix estimation techniques?,How have the computational requirements of O-D matrix estimation changed with the evolution from traditional to modern techniques?
What are the modern techniques used for O-D matrix estimation?," Modern techniques for O-D matrix estimation leverage large datasets from traffic sensors, GPS devices, and mobile phone signals, enhancing accuracy and real-time understanding. Advanced statistical models, machine learning algorithms, and data fusion techniques are also employed to improve precision and predict future trends.",doc_5_20,What are the commonly used techniques for O-D matrix estimation?,How have modern technologies impacted O-D matrix estimation?,Which recent advancements have been made in O-D matrix estimation methods?
How do advanced statistical models and data fusion techniques enhance the precision of O-D matrix estimations?," Advanced statistical models and data fusion techniques enhance the precision of O-D matrix estimations by leveraging large datasets from various sources like traffic sensors, GPS devices, and mobile phone signals. These methods provide a more comprehensive and real-time picture of traffic flows, enabling better predictions for efficient traffic management and sustainable urban planning.",doc_5_20,How do advanced statistical models enhance the precision of O-D matrix estimations?,What role do data fusion techniques play in improving the accuracy of O-D matrix estimations?,How do advanced statistical models and data fusion techniques work together to enhance the precision of O-D matrix estimations?
What are the four panels of the user-friendly interface designed for Open-TI?," The four panels of the user-friendly interface designed for Open-TI are Prompt or question, Hints of questions, Thought and action, and Response and chat history.",doc_5_22,What are the panels of the user-friendly interface designed for Open-TI?,How many panels are there in the user-friendly interface designed for Open-TI?,What is the purpose of each panel in the user-friendly interface designed for Open-TI?
Which three modules form the core of Open-TI to enhance intelligent traffic analysis and planning?," The core of Open-TI includes Analysis and Simulation, Task Specific Embodiment, and Zero Control to enhance intelligent traffic analysis and planning.",doc_5_22,Which modules form the core of Open-TI?,How do these modules enhance intelligent traffic analysis?,What role do they play in planning?
What are the three modules that form the core of Open-TI?," The core of Open-TI mainly incorporates three modules: Analysis and Simulation, Task Specific Embodiment, and Zero Control.",doc_5_23,What is the first module that forms the core of Open-TI?,What is the second module that forms the core of Open-TI?,What is the third module that forms the core of Open-TI?
How does Open-TI help users conduct analysis and simulation?," Open-TI helps users conduct analysis and simulation by allowing them to visualize points or areas of interest on a map, request geological information, and use this data for specific lane filtering and traffic simulations with tools like DTALite (DLSim) or SUMO. It also supports multiple task-specific embodiments through vague and high-level language explanations, reducing the need for professional background knowledge in experimental exploration.",doc_5_23,How does Open-TI assist users in conducting analysis?,What simulation capabilities does Open-TI offer to its users?,In what ways does Open-TI support the integration of analysis and simulation for users?
What are the two methods mentioned for conducting traffic light control exploration?, Rule-based methods and deep learning policy training,doc_5_24,What is the first method mentioned for conducting traffic light control exploration?,What is the second method mentioned for conducting traffic light control exploration?,Are there any other methods mentioned besides these two for conducting traffic light control exploration?
How does the method leverage LLMs to conduct meta-control by ChatLight agent?, The method leverages LLMs to conduct meta-control by having them serve as a control agent that understands semantic descriptions of rules and controls traffic light actions.,doc_5_24,How does the method use LLMs?,What is meta-control in this context?,How does ChatLight agent implement it?
What are the two main components of Open-TI?, The two main components of Open-TI are Traffic LLMs and Augmentations.,doc_5_26,What is the first main component of Open-TI?,What is the second main component of Open-TI?,Are there any additional components in Open-TI besides these two?
How does Open-TI use the language agent to generate output?," Open-TI uses the language agent to extract intentions and information from dialogues, then matches these with tools in an augmentation pool. After matching, if a solution is found, it executes with the extracted information to generate multimedia output.",doc_5_26,What role does the language agent play in Open-TI?,How is the output generated by the language agent in Open-TI?,What process does Open-TI use to generate output with the language agent?
What are the five aspects of prompt structure mentioned in the text?," The five aspects of prompt structure mentioned are [Description], [Example], [Output Restriction], [Emphasis], and [Reflection].",doc_5_29,What are the first three aspects of prompt structure mentioned in the text?,What is the fourth aspect of prompt structure mentioned in the text?,What is the fifth aspect of prompt structure mentioned in the text?
How does the author verify the effectiveness of these prompt structures?, The author verified their effectiveness through ablation experiments in cross-task behaviors.,doc_5_29,What methods does the author use to verify effectiveness?,How are the prompt structures tested for effectiveness?,What criteria are used to measure the effectiveness of these prompt structures?
What are the two keys mentioned for extending the augmentation to the border range with additional capabilities?, The two keys are ensuring the pivotal agent knows the functionality of the additional tool and that the embodiment program functions accurately.,doc_5_30,What are the two keys mentioned?,What is meant by extending the augmentation?,What does border range refer to in this context?
Which method is described as providing an easy way to understand and neatly explore Open-TI’s abilities?, The method described as providing an easy way to understand and neatly explore Open-TI’s abilities is the implementation structure provided in the code.,doc_5_30,Which method provides an easy way to understand Open-TI’s abilities?,Which method neatly explores Open-TI’s abilities?,What is the described method for understanding and exploring Open-TI’s abilities?
What is the purpose of the 'queryAreaRange' tool?," The 'queryAreaRange' tool obtains area information, specifically the longitudes and latitudes of a point of interest on the map.",doc_5_31,What does 'queryAreaRange' refer to?,What is the function of this tool?,How is it used?
Which simulation tools are mentioned in the text?," simulateOnLibsignal, simulateOnDLSim, simulateOnSUMO",doc_5_31,What are the simulation tools mentioned in the text?,Are there any specific names of simulation tools listed?,How many different simulation tools are discussed?
What is the purpose of the 'while Missing Info.' loop in the Open-TI Execution Process?, The 'while Missing Info.' loop in the Open-TI Execution Process alerts required information to ensure all necessary details are provided for executing an API call.,doc_5_33,What does the 'while Missing Info.' loop check for?,How often is the 'while Missing Info.' loop executed?,What actions are taken within the 'while Missing Info.' loop?
How does the system determine if the 'MaximumQueryTime' has been exceeded during the API search?, The system checks if 'MaximumQueryTime' has been exceeded during the API search by including an 'if MaximumQueryTime Exceeds then break' statement in both the while loops where it searches for APIs and executes them.,doc_5_33,What is the 'MaximumQueryTime'?,How is the time measured during the API search?,What happens when the 'MaximumQueryTime' is exceeded?
What is the purpose of the 'while Response not Satisfied' loop in the given algorithm?, The 'while Response not Satisfied' loop in the given algorithm is used to repeatedly generate and execute API calls until a satisfactory response is obtained or the maximum query time is exceeded.,doc_5_34,What does the 'while Response not Satisfied' loop check for?,How often is this check performed?,What happens within this loop?
"Which external tool and version are used to obtain networks from OSM data, as listed in Table 3?", The external tool used to obtain networks from OSM data is osm2gmns.,doc_5_34,Which external tool is used to obtain networks from OSM data?,What version of the external tool is used?,Where can this information be found in Table 3?
"What are the longitude and latitude coordinates of Arizona State University, Tempe Campus?"," The longitude and latitude coordinates of Arizona State University, Tempe Campus are [-111.9411651, 33.4102062, -111.9092447, 33.4329786].",doc_5_36,"What is the longitude of Arizona State University, Tempe Campus?","What is the latitude of Arizona State University, Tempe Campus?","Are there any specific coordinates for Arizona State University, Tempe Campus?"
Which lane types were filtered in the bikeable lanes query for this area?, The bikeable lanes query filtered lane types for this area.,doc_5_36,Which lane types were considered in the bikeable lanes query?,What specific lane types were included in this area's bikeable lanes query?,Were there any lane types excluded from the bikeable lanes query for this area?
"What is the specific observation point mentioned for the traffic data in Sedona, AZ?"," The specific observation point mentioned for the traffic data in Sedona, AZ is a roundabout.",doc_5_38,What type of traffic data is mentioned?,"Where in Sedona, AZ is the observation point located?",Is there any specific name or identifier for this observation point?
Which optimization technique was used to conduct the O-D matrix optimization in the example case?, Genetic algorithm,doc_5_38,What technique was used for optimization?,Was the optimization conducted on an O-D matrix?,In which example case was this done?
What is the pivotal agent responsible for?, The pivotal agent is responsible for understanding human descriptive intentions of traffic policies.,doc_5_40,What does the pivotal agent do?,What is the responsibility of the pivotal agent?,How does the pivotal agent carry out its responsibilities?
Which phase has the most upstream vehicles according to the given traffic light configuration?, Phase 4 has the most upstream vehicles.,doc_5_40,Which phase has the most vehicles?,Are these vehicles upstream?,According to which traffic light configuration?
What are the three types of API call abnormal behaviors analyzed in the experiments?, The three types of API call abnormal behaviors analyzed are functionality-level experiments and comparisons with a baseline method called TrafficGPT.,doc_5_42,What is the first type of API call abnormal behavior analyzed in the experiments?,What is the second type of API call abnormal behavior analyzed in the experiments?,What is the third type of API call abnormal behavior analyzed in the experiments?
Which language models were used to verify RQ3?," Llama7B, Llama13B, GPT3.5, and GPT4.0",doc_5_42,Which language models were considered?,What verification process was used for RQ3?,How did the verification of RQ3 involve these language models?
What are the three types of API call abnormal behaviors analyzed in the experiments?," The three types of API call abnormal behaviors analyzed are 'No API Call Rate', 'API Mismatching Rate', and 'Error Raise Rate'.",doc_5_43,What is the first type of API call abnormal behavior analyzed in the experiments?,What is the second type of API call abnormal behavior analyzed in the experiments?,What is the third type of API call abnormal behavior analyzed in the experiments?
How many times was each task tested to calculate the error rate?, Each task was tested 20 times.,doc_5_43,How many times was each task tested?,What is the error rate for each task?,How was the error rate calculated for each task?
What is the value of nc in this experiment?, nc = 20,doc_5_44,What is the value of n in this experiment?,What is the value of c in this experiment?,How are n and c related to each other in this context?
"How are ρno, ρmiss, and ρerror calculated based on the given formulas?"," ρno, ρmiss, and ρerror are calculated as the sum of errors divided by the total number of testing instances for each task.",doc_5_44,How is ρno calculated based on the given formulas?,How is ρmiss calculated based on the given formulas?,How is ρerror calculated based on the given formulas?
What are the error rates for 'No API Call' and 'Mismatch' in Task ① for both TrafficGPT and Open-TI?," For Task ① in 'No API Call', TrafficGPT has an error rate of 0.00% and Open-TI also has 0.00%. In 'Mismatch', TrafficGPT is at 0.05% while Open-TI is at 0.00%.",doc_5_47,What are the error rates for 'No API Call' in Task ① for TrafficGPT?,What are the error rates for 'Mismatch' in Task ① for TrafficGPT?,What are the error rates for 'No API Call' and 'Mismatch' in Task ① for Open-TI?
Which task shows a higher percentage of errors raised by both systems?, Task ④ shows a higher percentage of errors raised by both systems.,doc_5_47,Which task has a higher percentage of errors raised by the first system?,Which task has a higher percentage of errors raised by the second system?,What is the percentage of errors raised by both systems for each task?
What are the three evaluation aspects mentioned in the text?," The three evaluation aspects mentioned are Error Rate, Error Raise Rate, and task stability.",doc_5_48,What is the first evaluation aspect mentioned in the text?,What is the second evaluation aspect mentioned in the text?,What is the third evaluation aspect mentioned in the text?
Why does Open-TI perform slightly worse than TrafficGPT for task ②?, Open-TI performs slightly worse in Error Raise Rate for task ② because it involves complex sub-tasks of identifying geographic information and requesting map data.,doc_5_48,What are the specific performance metrics where Open-TI underperforms TrafficGPT for task ②?,How does the architecture of Open-TI compare to that of TrafficGPT in handling task ②?,Are there any particular aspects of task ② that TrafficGPT handles more effectively than Open-TI?
What are the two consecutive sub-tasks that make up the more complex task of showOnMap?, The two consecutive sub-tasks of showOnMap are identifying geographic information and requesting and visualizing map data.,doc_5_49,What are the sub-tasks of showOnMap?,Which of these sub-tasks is more complex?,How do they relate to each other?
In what order are the prompt components removed during the ablation process?," The order of prompt component removal during the ablation process is Emphasis, Reflection, Format Restriction, Example, and Description.",doc_5_49,What are the prompt components?,How is the ablation process conducted?,In what sequence are these components removed?
Which component was removed first in the sequential approach?, The least important component was removed first.,doc_5_50,Which approach was used?,What is the sequential approach?,What component was removed first?
What does the color gradient on the y-axis of Fig. 11 represent?, The color gradient on the y-axis of Fig. 11 represents the performance drop for each individual task.,doc_5_50,What does the color on the y-axis of Fig. 11 represent?,How is the gradient used in Fig. 11?,What information does the color gradient convey in Fig. 11?
What happens to the system's performance when the Emphasis component is removed?," When the Emphasis component is removed, the system's accuracy suffers a slight drop due to confusion among similar tasks or tasks with similar keywords.",doc_5_51,How does the system's performance change when the Emphasis component is removed?,What specific aspects of the system's performance are affected by the removal of the Emphasis component?,Are there any noticeable differences in the system's behavior or output after removing the Emphasis component?
How does removing the Reflection component affect the agent's ability to handle questions related to simulateOnLibsignal?, Removing the Reflection component leads to incorrect keywords being entered in questions related to simulateOnLibsignal.,doc_5_51,How does the agent's performance on questions related to simulateOnLibsignal change when the Reflection component is removed?,What specific aspects of handling questions related to simulateOnLibsignal are affected by removing the Reflection component?,Are there any notable differences in the agent's ability to process or understand questions related to simulateOnLibsignal after the removal of the Reflection component?
"What is the main cause of errors in the signal, according to the investigation?", Entering incorrect keywords in questions.,doc_5_52,What are the causes of errors in the signal?,According to which part of the investigation is this cause identified?,Is there a single main cause or multiple contributing factors?
How does the agent prevent error escalation?, The agent prevents error escalation by memorizing answers to previous questions.,doc_5_52,What mechanisms does the agent use to detect errors?,How does the agent classify the severity of detected errors?,What actions does the agent take to mitigate and prevent error escalation?
What is the accuracy rate decrease for showOnMap when Format Restriction is removed?, The accuracy rate decrease for showOnMap when Format Restriction is removed is 25%.,doc_5_53,What is the accuracy rate of showOnMap with Format Restriction?,What is the accuracy rate of showOnMap without Format Restriction?,How much does the accuracy rate decrease for showOnMap when Format Restriction is removed?
Why does the system raise an error when trying to access the OSM file for Dubai Mall?, The system raises an error because it mismatches with queryAreaRange and receives inaccurate responses.,doc_5_53,What specific error does the system raise?,Is the OSM file for Dubai Mall missing or corrupted?,Are there any access permissions issues with the OSM file?
How does Format Restriction affect the performance of showOnMap and autoDownloadOpenStreetMapFile?, Format Restriction significantly affects showOnMap and autoDownloadOpenStreetMapFile performance by controlling input format limits and preventing errors from incorrect information.,doc_5_54,How does Format Restriction affect the performance of showOnMap?,How does Format Restriction affect the performance of autoDownloadOpenStreetMapFile?,What are the differences in performance between showOnMap and autoDownloadOpenStreetMapFile when subject to Format Restriction?
What is the impact on accuracy rates when the component Example is removed from the system?," Removing the component Example decreases accuracy rates by 45% and 55%, respectively.",doc_5_54,What happens to the accuracy rates when Example is removed?,How do the accuracy rates change without Example?,Is there a noticeable difference in accuracy rates after removing Example?
What is the first function that the agent should call to obtain geographical information?, The first function the agent should call to obtain geographical information is queryAreaRange.,doc_5_55,What type of geographical information is the agent seeking?,Is there a specific geographical location in mind?,Should the function retrieve real-time or static data?
Why might the agent skip calling autoDownloadOpenStreetMapFile if the Example is removed?," The agent might skip calling autoDownloadOpenStreetMapFile if the Example is removed because there's no clear influence from each component’s removal on queryAreaRange, making it a simple procedure not sensitive to the prompt component.",doc_5_55,What is the role of Example in calling autoDownloadOpenStreetMapFile?,Why would removing Example impact the agent's actions?,How does the absence of Example affect the decision to call autoDownloadOpenStreetMapFile?
What are the two components mentioned as notably significant for enhancing the execution-related prompt?, Format Restriction and examples,doc_5_56,What are the two components?,Which components are mentioned as notably significant?,For what purpose are these components significant?
Which LLMs were used to create the 4 versions of ChatZero in the meta agent control analysis experiment?," Llama2-7b, Llama2-13b, ChatGPT (GPT-3.5), and GPT-4.0",doc_5_56,Which LLMs were used to create the first version of ChatZero?,Which LLMs were used to create the second version of ChatZero?,Which LLMs were used to create the third and fourth versions of ChatZero?
What are the evaluation metrics used for traffic control tasks in Hangzhou city?," The evaluation metrics used for traffic control tasks in Hangzhou city include Average Travel Time (ATT), Throughput (TP), Reward, Queue, and Delay.",doc_5_57,What are the evaluation metrics used for traffic control tasks?,What are the specific metrics used in Hangzhou city for evaluating traffic control tasks?,How do these metrics compare to those used in other cities for similar tasks?
How many times is each traffic control task conducted to report the mean values?, Each traffic control task is conducted 5 times.,doc_5_57,How often is each traffic control task conducted?,What are the mean values reported for each traffic control task?,How many times is data collected to calculate these mean values?
What is the best performing model according to the throughput (TP) and average travel time (ATT)?, ChatZero by GPT 4.0 provides the best control results with the overall highest TP and lowest ATT.,doc_5_58,What are the throughput (TP) values for each model?,What are the average travel time (ATT) values for each model?,Which model has the best balance between high TP and low ATT?
Which metric does the text mention as being smaller for better performance?, Smaller delay per vehicle and average travel time are better for performance.,doc_5_58,Which metric does the text mention?,What does the text say about the size of this metric?,How does the size of this metric relate to performance?
What are the four different configurations of road situations mentioned for testing each LLM?," The four different configurations of road situations mentioned for testing each LLM are: (a) Throughput, (b) Average Travel Time, (c) Queue Length, and (d) Average Delay.",doc_5_59,What are the road situations mentioned for testing each LLM?,How many different configurations of road situations are there?,What are the four different configurations of road situations?
What is the name of the communication scheme used to cast insight into self-explainable control practice?, ChatZero,doc_5_59,What is the name of the communication scheme?,What is used to cast insight into self-explainable control practice?,What is the purpose of the communication scheme in relation to self-explainable control practice?
What is the focus for future work mentioned in the text?, The focus for future work mentioned in the text is improving the accuracy of multi-step action embodiment.,doc_5_60,What future work is mentioned in the text?,What is the focus of this future work?,How does the text describe or imply this focus?
Which references are provided in the text?," The references provided in the text are [1] Yukawa, S., Kikuchi, M.: Coupled-map modeling of one-dimensional traffic flow. Journal of the Physical Society of Japan 64(1), 35–38 (1995) and [2] Chao, Q., Bi, H., Li, W., Mao, T., Wang, Z., Lin, M.C., Deng, Z.: A survey on visual traffic simulation: Models, evaluations, and applications in autonomous driving. In: Computer Graphics Forum, vol. 39, pp. 287– 308 (2020). Wiley Online Library.",doc_5_60,What are the references in the text?,Are there any citations provided in the text?,Which sources are mentioned in the text?
What is the main topic of the paper by Dai et al.?," The main topic of the paper by Dai et al. is ""Joint optimization of scheduling and capacity for mixed traffic with autonomous and human-driven buses using a dynamic programming approach.""",doc_5_61,What is the title of the paper by Dai et al.?,Who are the authors of the paper?,What is the main focus or subject matter of the paper?
Which conference did Wei et al. present their work on traffic signal control?, The 28th ACM International Conference on Information and Knowledge Management,doc_5_61,Which conference did Wei et al. attend?,What was the topic of their presentation at the conference?,What specific work on traffic signal control did they present?
What is the title of the conference where Osorio's paper on high-dimensional offline origin-destination demand calibration was presented?," The title of the conference where Osorio's paper was presented is ""Proceedings of the 28th ACM International Conference on Information and Knowledge Management"".",doc_5_62,What is the title of Osorio's paper on high-dimensional offline origin-destination demand calibration?,Where was Osorio's paper presented?,Was it at a conference?
Which tool or software is discussed in Lopez et al.'s paper from the 2018 International Conference on Intelligent Transportation Systems?, SUMO,doc_5_62,What conference is mentioned in the question?,Who are the authors of the paper discussed?,In which year was the paper presented?
What is the title of the paper by Lu and Zhou published in 2023?," The title of the paper by Lu and Zhou published in 2023 is ""Virtual track networks: A hierarchical modeling framework and open-source tools for simplified and efficient connected and automated mobility (cam) system design based on general modeling network specification (gmns).""",doc_5_63,What are the authors' names in the paper published by Lu and Zhou?,In which year was the paper by Lu and Zhou published?,What is the title of the paper?
Which conference did Fellendorf and Vortisch present their microscopic traffic flow simulator vissim at?, Fellendorf and Vortisch presented their microscopic traffic flow simulator vissim at The World Wide Web Conference.,doc_5_63,Which conference did Fellendorf and Vortisch attend?,What did they present at the conference?,When did they present their microscopic traffic flow simulator vissim?
What is the main focus of Chen et al.'s paper?, The main focus of Chen et al.'s paper is evaluating large language models trained on code.,doc_5_66,What are the key findings of Chen et al.'s paper?,What is the primary methodology used in Chen et al.'s paper?,What is the main contribution of Chen et al.'s paper to its field?
Which journal did Liu et al.'s paper appear in?, Meta-Radiology,doc_5_66,What is the title of Liu et al.'s paper?,Who are the authors of the paper?,In which year did the paper appear?
"What is the main focus of the paper by O., Le, Q., et al. mentioned in the text?"," The main focus of the paper by O., Le, Q., et al. is on how least-to-most prompting enables complex reasoning in large language models.",doc_5_67,"What are the main topics discussed in the paper by O., Le, Q., et al.?",What is the primary objective of the research presented in this paper?,What are the key findings or conclusions highlighted in the paper?
Which paper among those listed explores the use of medical textbooks to enhance clinical question answering?," Wang, Y., Ma, X., Chen, W.: Augmenting black-box llms with medical textbooks for clinical question answering. arXiv preprint arXiv:2309.02233 (2023)",doc_5_67,Which paper explores the use of medical textbooks?,Which paper enhances clinical question answering?,Which paper among those listed does both?
What is the main topic of the cited works?, Transportation system intelligence and traffic estimation.,doc_5_72,What are the cited works?,Are there multiple cited works?,What is the main topic of each cited work?
Which year was the earliest work published?, The earliest work was published in 2001.,doc_5_72,Which work was the earliest published?,What is the title of this earliest work?,In which year was this work published?
"What is the focus of the paper by Zhou, X., Lu, C., and Zhang, K.?"," The focus of Zhou, X., Lu, C., and Zhang, K.'s paper is dynamic origin-destination demand flow estimation utilizing heterogeneous data sources under congested traffic conditions.",doc_5_73,"What are the main topics discussed in the paper by Zhou, X., Lu, C., and Zhang, K.?",What is the primary subject matter of the research conducted by these authors?,"What are the key areas of focus in the paper authored by Zhou, X., Lu, C., and Zhang, K.?"
"Which journal published the paper by Krishnakumari, P., Van Lint, H., Djukic, T., and Cats, O.?", Transportation Research Part C: Emerging Technologies,doc_5_73,Who are the authors of the paper?,What is the title of the paper?,Which journal published the paper?
What is the primary focus of the paper referenced from 'Advances in applied self-organizing systems'?, The primary focus of the paper referenced from 'Advances in applied self-organizing systems' is IC simulation.,doc_5_75,What is the main topic of the paper?,What are the self-organizing systems discussed in the paper?,How are these systems applied in the context of the paper?
Which tools and simulations are mentioned as being run by Open-TI for traffic signal control?, Open-TI runs LibSignal for traffic signal control.,doc_5_75,Which tools are mentioned as being run by Open-TI for traffic signal control?,Which simulations are mentioned as being run by Open-TI for traffic signal control?,Are there any specific tools or simulations that stand out in the context of Open-TI and traffic signal control?
What are the multiple simulations mentioned in the text?, The multiple simulations mentioned are DLSim and SUMO.,doc_5_76,What are the simulations?,How many simulations are mentioned?,What is the purpose of these simulations?
"Which function is executed to find the geography information of Arizona State University, Tempe Campus?"," The function executed to find the geography information of Arizona State University, Tempe Campus is queryAreaRange().",doc_5_76,Which function retrieves geography information?,What is the name of Arizona State University's Tempe Campus?,How does one find the geography information for a specific campus?
"What is the URL used to download the OSM file of Arizona State University, Tempe Campus?"," The URL used to download the OSM file of Arizona State University, Tempe Campus is https://www.openstreetmap.org/api/0.6/map?bbox=-111.9431%2C33.4154%2C-111.9239%2C33.4280.",doc_5_77,What is the URL?,"Which OSM file is for Arizona State University, Tempe Campus?",How do I download the OSM file?
What are the longitude and latitude coordinates provided for the download request?," The longitude and latitude coordinates provided for the download request are [-111.9431, 33.4154, -111.9239, 33.4280].",doc_5_77,What are the longitude coordinates provided for the download request?,What are the latitude coordinates provided for the download request?,Are both longitude and latitude coordinates provided for the download request?
What is the location of the saved OSM file?, The osm file saved location is at : ./Data/download/OSM/arizona_state_university.osm,doc_5_78,Where is the saved OSM file?,What is the name of the saved OSM file?,When was the OSM file saved?
Which university's OSM data was requested to be downloaded?, Arizona State University,doc_5_78,Which university's data was requested?,What type of data was it?,Was the data specifically related to OSM?
What is the URL used to download the OSM data for New York University?, The URL used to download the OSM data for New York University is https://www.openstreetmap.org/api/0.6/map?bbox=-73.9999%2C40.726%2C-73.9857%2C40.7314. The OSM file saved location is at : ./Data/download/OSM/new_york_university.osm,doc_5_80,What is the URL used to download OSM data?,Which city's OSM data is needed?,What is the name of the university in New York?
"Which university's OSM file was successfully saved, and what is its path?", The OSM file saved location is at : ./Data/download/OSM/new_york_university.osm,doc_5_80,Which university's OSM file was successfully saved?,Was the OSM file successfully saved?,What is its path?
What specific parameters are mentioned in the log file for training and testing the colight model?," The log file contains configuration settings for learning rate, batch size, epsilon decay, and number of episodes.",doc_5_81,What parameters are mentioned for training the colight model?,What parameters are mentioned for testing the colight model?,Are there any specific parameters mentioned in the log file?
"Which directories are specified in the log file for saving models, logs, and datasets?"," The log file specifies directories for saving models, logs, and datasets.",doc_5_81,Which directory is specified in the log file for saving models?,Which directory is specified in the log file for saving logs?,Which directory is specified in the log file for saving datasets?
What is the specific path of the log file that the user wants to analyze?, The specific path of the log file that the user wants to analyze is ./support_libsignal/LibSignal/LibSignal/configs/tsc/colight.yml.,doc_5_82,What type of log file is the user interested in?,Where is the log file located on the system?,Which specific log file within that location does the user want to analyze?
Which tool and function are used to generate the demand file based on the downloaded OSM file?, The generateDemand tool and function are used to generate the demand file based on the downloaded OSM file.,doc_5_82,Which tool is used to generate the demand file based on the downloaded OSM file?,What function is used in conjunction with the tool to generate the demand file?,How does the function utilize the downloaded OSM file to generate the demand file?
What is the path of the generated demand file?, The generated demand file is kept at: `./Data/demand/arizona_state_university`.,doc_5_83,What is the generated demand file?,Where is the path of the generated demand file located?,Can you specify the exact location of the generated demand file?
Where is the map area of interest located?, The map area of interest is located at `./Data/demand/arizona_state_university`.,doc_5_83,What is the map area of interest?,Where on the map is this area located?,Can you specify the coordinates or region name for the map area of interest?
What is the path of the downloaded OSM file for the map area of interest?, The path of the downloaded OSM file for the map area of interest is `./Data/maps/target_map.png`.,doc_5_84,Where was the OSM file downloaded from?,What is the name of the map area of interest?,In which directory or folder is the OSM file saved?
Which geographical location does the user initially ask to see a map of?," Arizona State University, Tempe Campus",doc_5_84,Which geographical location does the user initially ask to see?,What type of map does the user want to see for this location?,When does the user make this initial request?
What is the geographical information of Taipei 101?," The longitude and latitude area of Taipei 101 is [121.563881, 25.0333776, 121.5651362, 25.0345412].",doc_5_85,What is the location of Taipei 101?,What are the coordinates of Taipei 101?,What is the height of Taipei 101?
Where can I find the map of Taipei 101?," You can find the map of Taipei 101 by executing the augmentation function showOnMap(). The longitude and latitude area of interest is [121.563881, 25.0333776, 121.5651362, 25.0345412].",doc_5_85,Where can I find a map of Taipei?,What is the location of Taipei 101 on the map of Taipei?,Is there a specific map that highlights Taipei 101?
"What is the final path of the filter network for bikable areas in Arizona State University, Tempe Campus?"," The final path of the filter network for bikable areas in Arizona State University, Tempe Campus is ./Data/netfilter/output/2023-12-18-15-05-50-bike.png.",doc_5_87,"What are the bikable areas in Arizona State University, Tempe Campus?",How does the filter network work for these areas?,What is the final path of this network?
Which action was taken to execute the simulation on the DLSim platform?," The action taken to execute the simulation on the DLSim platform was ""Execute the augmentation function: simulateOnDLSim()"".",doc_5_87,What action was taken?,Which platform was used for the simulation?,How was the execution performed on the DLSim platform?
What is the CPU running time for column pool updating?, The CPU running time for column pool updating is 2346.36 seconds.,doc_5_88,What is the CPU running time?,What is column pool updating?,How are they related?
How many iterations were used in the traffic assignment?, The simulation used 10 iterations.,doc_5_88,What was the total number of iterations?,How many times did the algorithm run?,What is the iteration count for the traffic assignment?
"What is the location where the OSM file of Arizona State University, Tempe Campus, was saved?"," The OSM file of Arizona State University, Tempe Campus, was saved at `./Data/download/OSM/arizona_state_university.osm`.",doc_5_92,"What is the OSM file of Arizona State University, Tempe Campus?",Where was the OSM file saved?,Is there a specific location for the OSM file?
Which episode number was used for the simulation on Libsignal using simulator CityFlow and algorithm fixedtime?, Episode 6,doc_5_92,Which simulator was used for the simulation on Libsignal?,What algorithm was used in the simulation on Libsignal using CityFlow?,What is the episode number used in the simulation on Libsignal with CityFlow and fixedtime algorithm?
What is the final travel time reported from the simulation on Libsignal?, The final travel time reported from the simulation on Libsignal is 552.7249.,doc_5_93,What simulation was used on Libsignal?,What is the final reported travel time from this simulation?,Is there any additional context or details provided about this travel time?
Which link type in 'link.csv' is not defined for link 378->1 in 'link_type.csv'?, link type 6,doc_5_93,What are the link types in 'link.csv' for link 378->1?,What are the defined link types for link 378->1 in 'link_type.csv'?,Which of these link types is not defined in 'link_type.csv'?
Which attraction is recommended for visitors to see in Arizona?, The Grand Canyon is highly recommended for visitors to see in Arizona.,doc_5_95,Which city in Arizona is recommended for visitors?,What type of attraction is recommended for visitors in Arizona?,Why is this attraction recommended for visitors in Arizona?
What precautions should tourists take when visiting Arizona during the summer?, Tourists should stay hydrated and seek shade or air-conditioned areas to avoid heat-related illnesses.,doc_5_95,What precautions should tourists take regarding heat in Arizona during the summer?,What precautions should tourists take regarding wildlife in Arizona during the summer?,What precautions should tourists take regarding outdoor activities in Arizona during the summer?
What is the final travel time for the DQN algorithm in the CityFlow simulator with 5 episodes?, The final travel time for the DQN algorithm in the CityFlow simulator with 5 episodes is not provided in the documents.,doc_5_96,What are the episodes used in the DQN algorithm for the CityFlow simulator?,How is the travel time measured in the CityFlow simulator?,What is the final outcome of the DQN algorithm after 5 episodes in the CityFlow simulator?
What is the mean rewards for the fixedtime algorithm in the CityFlow simulator with 5 episodes?, The mean rewards for the fixedtime algorithm in the CityFlow simulator with 5 episodes is -185.0871.,doc_5_96,What are the rewards for the fixedtime algorithm in the CityFlow simulator?,How many episodes were run with the fixedtime algorithm in the CityFlow simulator?,What is the mean of these rewards?
What is the final travel time for episode 0 during testing?, The final travel time for episode 0 during testing is 1039.2.,doc_5_97,What is the travel time for episode 0?,Is this during testing?,"If yes, what is the final travel time?"
What is the mean reward for episode 0 during training?, The mean reward for episode 0 during training is 0.0.,doc_5_97,What is the mean reward for episode 0?,During which part of training is this mean reward calculated?,Is there any specific context or condition for this calculation?
What is the purpose of the 'graphic' parameter in the log file?, The 'graphic' parameter in the log file indicates whether the colight model should use graphic input during traffic signal control.,doc_5_99,What does the 'graphic' parameter represent in the log file?,Why is the 'graphic' parameter included in the log file?,How is the 'graphic' parameter used within the context of the log file?
How does the 'grad_clip' parameter affect the training process?, The 'grad_clip' parameter limits the magnitude of gradients during training to prevent them from becoming too large and causing instability.,doc_5_99,How does 'grad_clip' affect the convergence rate of training?,What impact does 'grad_clip' have on the stability of training?,In what ways does 'grad_clip' influence the final model performance?
What are the two algorithms used for running the simulation on Libsignal using simulator CityFlow and episode 5?, The two algorithms used for running the simulation on Libsignal using simulator CityFlow and episode 5 are fixed-time and DQN.,doc_5_100,What are the two algorithms used for running the simulation on Libsignal?,Which simulator is used to run the simulation on Libsignal?,What episode number is used in the simulation with CityFlow and Libsignal?
Which file contains the process to be followed for demand optimization using the Genetic Algorithm?," The file ""pure_simulate/optimize_od.py"" contains the process to be followed for demand optimization using the Genetic Algorithm.",doc_5_100,Which process is followed for demand optimization using the Genetic Algorithm?,What file contains this process?,Is there a specific file for this process?
What are the challenges presented by the networked nature of multi-robot systems in the context of multi-agent reinforcement learning?, The networked nature of multi-robot systems in multi-agent reinforcement learning presents challenges such as the difficulty of scaling centralized control policies and the poor performance of independent control policies in cooperative-competitive tasks.,doc_6_0,What are the challenges presented by the network in multi-robot systems?,How does the networked nature affect multi-agent reinforcement learning?,What specific issues arise from combining networked multi-robot systems with multi-agent reinforcement learning?
How does the proposed physics-informed reinforcement learning approach address the scalability and information utilization issues mentioned in the text?," The proposed physics-informed reinforcement learning approach addresses scalability by enabling distributed multi-robot control policies that scale with increasing numbers of robots. It improves information utilization by making use of all available information to each robot, enhancing performance in cooperative-competitive tasks compared to independent control policies.",doc_6_0,How does the proposed physics-informed reinforcement learning approach address scalability issues?,How does the proposed physics-informed reinforcement learning approach utilize information effectively?,What specific methods or techniques are used in the proposed physics-informed reinforcement learning approach to tackle these issues?
What are the three key characteristics of the approach described in the text?, The approach imposes a port-Hamiltonian structure on the policy representation and uses self-attention for sparse policy handling. It also employs a soft actor-critic algorithm parameterized by a self-attention port-Hamiltonian control policy.,doc_6_1,What is the first key characteristic of the approach?,What is the second key characteristic of the approach?,What is the third key characteristic of the approach?
How does the self-attention mechanism used in this approach handle time-varying information from each robot?, The self-attention mechanism in this approach handles time-varying information from each robot by ensuring a sparse policy representation that can manage such dynamic data.,doc_6_1,How does the self-attention mechanism process time-varying information?,What role does each robot play in this mechanism?,How is the information from each robot handled over time?
What is the average improvement in cumulative reward achieved by the proposed approach compared to the state-of-the-art?, The proposed approach achieves an average improvement in cumulative reward up to ×2 greater than the state-of-the-art with robot teams ×6 larger than the number of robots at training time.,doc_6_2,What is the average improvement in cumulative reward achieved by the proposed approach?,How does this compare to the state-of-the-art?,What are the specific metrics or benchmarks used for evaluation?
In which real-world scenario was the zero-shot sim-to-real transfer demonstrated?, The zero-shot sim-to-real transfer was demonstrated in the Georgia Tech Robotarium with multiple real robots under imperfect communication.,doc_6_2,In which scenario was the zero-shot sim-to-real transfer demonstrated?,What is the real-world scenario where this transfer was shown?,Can you describe the context of the zero-shot sim-to-real transfer demonstration?
What are some of the applications where multi-robot systems promise improved efficiency and reliability compared to single robots?," Multi-robot systems promise improved efficiency and reliability compared to single robots in exploration and mapping, agriculture and herding, and search and rescue.",doc_6_3,What are some applications where multi-robot systems promise improved efficiency?,What are some applications where multi-robot systems promise improved reliability?,How do multi-robot systems compare to single robots in terms of efficiency and reliability?
Why is the design of analytical controllers for many problems involving multi-robot systems considered challenging?, The complexity of mathematically describing objectives and constraints in multi-robot problems makes designing analytical controllers challenging.,doc_6_3,What challenges arise from the multi-robot nature of these systems?,Why are analytical controllers particularly difficult to design for such problems?,How do these challenges manifest in the context of multi-robot systems?
What is the color of the trajectories of robots in collisions with other robots?, The color of trajectories in collisions with other robots transitions from pink at t = 0 to blue at t = tf.,doc_6_5,What are the trajectories of robots in collisions with other robots?,What is the color of the robots involved in these collisions?,How do the colors change or remain consistent during and after the collision?
In which scenario do the robots learn to navigate and avoid collisions in a real-world setting?," In scenario (f), a team of robots learns to navigate and avoid collisions in a real-world setting characterized by a tight space and high density of robots.",doc_6_5,How do the robots learn to navigate?,What methods are used for collision avoidance?,In what real-world settings is this learning applied?
What is the fundamental limitation of existing multi-agent reinforcement learning approaches mentioned in the text?," A fundamental limitation of existing multi-agent reinforcement learning approaches is their poor scalability against increasing and time-varying numbers of robots. Centralized control policies do not scale, while independent control policies neglect information from other robots.",doc_6_6,What are the existing multi-agent reinforcement learning approaches mentioned in the text?,What is the fundamental limitation of these approaches?,How do these limitations impact the effectiveness or efficiency of the approaches?
How does the approach explored in this paper leverage physical knowledge about the robot system to address the scalability issue?," The approach in this paper uses physics-informed neural networks to leverage physical knowledge about the robot system, addressing scalability issues by making control policies distributed and utilizing all available information.",doc_6_6,How does the approach in this paper use physical knowledge about the robot system?,What scalability issue is addressed by the approach in this paper?,How does leveraging physical knowledge help address the scalability issue?
What is the main contribution of the work described in the text?, The main contribution of the work is a novel physics-informed multi-agent reinforcement learning approach for general multi-robot problems.,doc_6_7,What are the contributions mentioned in the text?,Which contribution is highlighted as the main one?,How does this main contribution stand out from others?
How does the novel neural network architecture combine a physics-informed port-Hamiltonian description with self-attention?, The novel neural network architecture combines a physics-informed port-Hamiltonian description with self-attention to describe multi-robot control policies.,doc_6_7,How does the neural network architecture incorporate a physics-informed port-Hamiltonian description?,What role does self-attention play in this novel architecture?,How are the physics-informed port-Hamiltonian description and self-attention combined in this architecture?
What does the port-Hamiltonian description of the multi-robot system naturally encode?, The port-Hamiltonian description of the multi-robot system naturally encodes the distributed nature of the policy and respects the energy conservation laws of the individual dynamics of the robots.,doc_6_8,What does the port-Hamiltonian description encode?,What system is described by the multi-robot system?,What does the term 'naturally' refer to in this context?
How is the acquisition of experience modified to handle the networked nature of the multi-robot policy?," To handle the networked nature of the multi-robot policy and avoid non-stationarity issues during training, we modify the acquisition of experience to keep track of the correlations among robots.",doc_6_8,How does the acquisition of experience adapt to the networked nature?,What modifications are made to handle the multi-robot policy?,How is the experience acquisition modified for a multi-robot scenario?
What is the main difference between this work and the prior conference paper [19]?," The main difference between this work and the prior conference paper [19] is that this work addresses a multi-agent reinforcement learning problem where only reward samples are provided, while [19] solves a learning-from-demonstrations problem with data from an expert control policy.",doc_6_9,What are the main differences between this work and the prior conference paper?,How does this work compare to the prior conference paper [19]?,What specific aspects of the prior conference paper [19] differ in this work?
How does the approach in this paper achieve scalable control policies with similar or superior performance compared to the state-of-the-art?, The approach achieves scalable control policies by combining multi-agent reinforcement learning techniques with a physics-informed description of the system.,doc_6_9,How does the approach in this paper achieve scalable control policies?,What is the performance of these control policies compared to the state-of-the-art?,In what ways are these control policies similar or superior to the state-of-the-art?
What are the specific modifications made to the parameterization of the actor and the replay buffer in the new approach?, The new approach involves modifications to the parameterization of both the actor and the replay buffer in the actor-critic method.,doc_6_10,What modifications were made to the parameterization of the actor?,What changes were implemented in the replay buffer?,How do these modifications differ from the previous approach?
How do the neural networks used for control policies differ between continuous-time and discrete-time multi-agent reinforcement learning scenarios?, The neural networks used for control policies differ in parameterization and replay buffer design between continuous-time and discrete-time multi-agent reinforcement learning scenarios.,doc_6_10,How do neural networks differ in continuous-time multi-agent reinforcement learning scenarios?,How do neural networks differ in discrete-time multi-agent reinforcement learning scenarios?,What are the key differences between the neural networks used for control policies in continuous-time and discrete-time multi-agent reinforcement learning scenarios?
What is the main reason cited for using reinforcement learning in this work?, The main reason cited for using reinforcement learning in this work is that a reward function provides a high-level description of the task that is easy to build and typically available.,doc_6_11,What are the reasons cited for using reinforcement learning in this work?,Which reason is considered the main one among those cited?,Why is that reason deemed the main one?
"According to the text, what are two approaches mentioned for learning multi-robot control policies when demonstrated data from an expert is available?", Inverse reinforcement learning can be used to learn centralized or distributed policies from task demonstrations. Supervised learning approaches can also be applied to learn multi-robot control policies.,doc_6_11,What is the first approach mentioned for learning multi-robot control policies when demonstrated data from an expert is available?,What is the second approach mentioned for learning multi-robot control policies when demonstrated data from an expert is available?,Are there any other approaches mentioned in addition to these two?
What is the main reason given for using reinforcement learning?, The main reason given for using reinforcement learning is that a reward function provides a high-level description of the task that is easy to build and typically available.,doc_6_12,What are the reasons given for using reinforcement learning?,Which reason is considered the main one?,Why is that reason considered the main one?
How do attention mechanisms and graph neural networks enhance performance in multi-agent reinforcement learning problems according to the text?, Attention mechanisms enhance performance in multi-agent reinforcement learning by addressing communication challenges during deployment. Graph neural networks improve scalability and communication awareness in policy representation for problems like path planning and flocking.,doc_6_12,How do attention mechanisms enhance performance in multi-agent reinforcement learning problems according to the text?,How do graph neural networks enhance performance in multi-agent reinforcement learning problems according to the text?,What specific aspects of attention mechanisms and graph neural networks contribute to enhanced performance in multi-agent reinforcement learning problems according to the text?
What is the main advantage of the approach described in the text compared to previous methods?," The main advantage of the approach described in the text is that it directly learns control policies for time-varying neighbors without constraining neighborhood size or requiring specific mathematical formulations, unlike previous methods.",doc_6_13,What are the previous methods mentioned in the text?,What is the approach described in the text?,How does this approach compare to the previous methods?
How do multi-agent reinforcement learning approaches typically handle agent interactions according to the text?," Multi-agent reinforcement learning approaches typically handle agent interactions by considering centralized policies where states, actions, and observations of every agent are known globally.",doc_6_13,How do multi-agent reinforcement learning approaches typically handle interactions?,What are the common methods used in multi-agent reinforcement learning to manage agent interactions according to the text?,How does the text describe the typical ways multi-agent reinforcement learning approaches handle agent interactions?
What is the primary challenge of centralized policies mentioned in the text?," The primary challenge of centralized policies mentioned in the text is their exponential scaling with the number of agents, making them impractical.",doc_6_14,What are the centralized policies mentioned in the text?,What is the primary challenge of these policies?,How does this challenge impact the effectiveness of the policies?
How does the approach of factorizing value and/or policy functions address the non-stationarity issue?, The approach of factorizing value and/or policy functions addresses non-stationarity by allowing agents to act independently while still considering global information.,doc_6_14,How does factorizing value functions address non-stationarity?,How does factorizing policy functions address non-stationarity?,What is the approach of factorizing value and/or policy functions?
What is the main disadvantage of using a global estimator for predicting trajectories in multi-robot teams?, The main disadvantage of using a global estimator for predicting trajectories in multi-robot teams is that it does not scale well with large teams because agents struggle to effectively exploit neighboring information.,doc_6_15,What are the disadvantages of using a global estimator?,How does a global estimator impact trajectory prediction in multi-robot teams?,What challenges arise when predicting trajectories in multi-robot teams?
How do mean field approaches simplify the multi-agent game according to the text?," In mean field approaches, the multi-agent game is simplified by reducing it to an interaction between an agent and the average of the other agents.",doc_6_15,How do mean field approaches represent the multi-agent game?,What aspects of the multi-agent game are simplified by mean field approaches?,What is the impact of these simplifications on the analysis or solution of the game?
What is the main issue with mean field approaches mentioned in the text?," The main issue with mean field approaches mentioned in the text is that they reduce a multi-agent game to an interaction between an agent and the average of other agents, which is impractical.",doc_6_16,What are the main issues with mean field approaches?,Are these issues mentioned in the text?,"If yes, what are they?"
How does the proposed formulation of the policy function differ from other works?," The proposed formulation of the policy function differs from other works by being distributed by design and capturing the underlying interaction graph that describes the multi-robot system. Other approaches, such as mean field approaches or complex factorizations in the value function, do not explicitly consider communication and are restricted to the same team size used during training.",doc_6_16,What are the key features of the proposed formulation of the policy function?,How do other works typically formulate the policy function?,In what ways does the proposed formulation differ from these typical formulations?
"What is the main advantage of using a port-Hamiltonian description in the system, according to the text?"," The main advantage of using a port-Hamiltonian description in the system is that it avoids factorizing the reward or value functions, thus fully exploiting the available information in the experience while learning scalable distributed control policies.",doc_6_17,What advantage does the text mention for using a port-Hamiltonian description?,How is this advantage described in the context of the system?,Why is this advantage considered main according to the text?
"How do physics-informed neural networks differ from black-box neural networks in the context of robotic problems, as mentioned in the text?"," Physics-informed neural networks differ from black-box neural networks in robotic problems by encoding energy conservation and kinematic constraints satisfied by physical robot systems, which are not considered by black-box neural networks.",doc_6_17,How do physics-informed neural networks incorporate physical principles in robotic problems?,What are the key differences between physics-informed and black-box neural networks for robotic applications?,In what ways do these differences impact the performance of neural networks in solving robotic problems?
What are the constraints that come from the perception and communication modules of the robots?," The constraints come from the perception and communication modules of the robots, restricting the information available to them.",doc_6_18,What constraints come from the perception module of the robots?,What constraints come from the communication module of the robots?,How do these constraints interact with each other?
How can physics-informed neural networks be used to address the learning of cooperative distributed control policies?," Physics-informed neural networks can be used to address the learning of cooperative distributed control policies by incorporating differential equations that model physical systems as building blocks. This approach is particularly useful for dynamical systems involving interacting subsystems, allowing for the training of neural network sub-models from data generated by simple sub-systems.",doc_6_18,How can physics-informed neural networks be used to learn cooperative distributed control policies?,What are the challenges in using physics-informed neural networks for learning cooperative distributed control policies?,How do physics-informed neural networks compare to other methods for learning cooperative distributed control policies?
What is the key contribution of the work described in the text?, A key contribution of this work is representing a robot team as a port-Hamiltonian system and learning distributed control policies by modeling robot interactions as energy exchanges.,doc_6_19,What are the main findings of the work?,How do these findings contribute to the field?,What makes these contributions significant?
How are robot interactions modeled to achieve scalability with a time-varying topology?, Robot interactions are modeled using self-attention to achieve scalability with a time-varying topology.,doc_6_19,How are robot interactions modeled?,What techniques are used to achieve scalability in these models?,How do the models adapt to a time-varying topology?
What is the role of self-attention in modeling robot interactions to achieve scalability with a time-varying topology?," Self-attention in modeling robot interactions achieves scalability with a time-varying topology by allowing each robot to consider the states of all other robots, regardless of their number or changing connections.",doc_6_20,What are the key aspects of self-attention in modeling robot interactions?,How does self-attention contribute to scalability in robot interactions?,What challenges does a time-varying topology present for self-attention in robot interactions?
How does the Euler discretization of the dynamics relate to the continuous-time control-affine stochastic dynamics described?," Euler discretization of the dynamics relates to the continuous-time control-affine stochastic dynamics by approximating the state at discrete time instants using a zero-order hold for inputs, resulting in sτ = x(tτ).",doc_6_20,How does Euler discretization approximate the continuous-time dynamics?,What is the relationship between control-affine and stochastic dynamics in this context?,How do these relationships change when considering the discrete-time system?
What is the covariance of the zero-mean Gaussian noise nτ?, The covariance of the zero-mean Gaussian noise nτ is TΞ.,doc_6_21,What is the mean of the Gaussian noise nτ?,What is the variance of the Gaussian noise nτ?,How are covariance and variance related in the context of Gaussian noise?
How are the multi-robot task and interactions among the robots modeled?," The multi-robot task and interactions among the robots are modeled as a Markov Decision Process (MDP), defined by a tuple (X, U, p, r, γ).",doc_6_21,How are the multi-robot tasks modeled?,What aspects of interactions among the robots are considered in the modeling process?,What methods or frameworks are used to represent these interactions?
"What is the form of the density function p(sτ+1|sτ, aτ) and what do its mean and covariance represent?"," p(sτ+1|sτ, aτ) is a Gaussian density with mean sτ + Tf(sτ, aτ) and covariance TΞ.",doc_6_22,"What is the form of the density function p(sτ+1|sτ, aτ)?",What does its mean represent?,What do its covariance represent?
How are the k-hop neighbors of robot i at time τ defined in terms of the adjacency matrix Aτ?," The k-hop neighbors of robot i at time τ are defined as N i,k τ = {j ∈V | [Ak τ]ij ̸= 0}, where Ak τ is the k-th power of matrix Aτ.",doc_6_22,What are the k-hop neighbors of robot i?,How is the adjacency matrix Aτ defined?,How does the adjacency matrix Aτ relate to the k-hop neighbors of robot i at time τ?
What is the goal of this work as stated in the text?, The goal of this work is to learn distributed control policies for multi-robot tasks that respect the networked structure and MDP model.,doc_6_23,What work is being referred to?,Where in the text is the goal stated?,What specifically is the goal of this work?
How are the policies represented and what do they depend on according to the text?, The policies are represented as stochastic Markov control policies and depend on the k-hop neighbors of each robot.,doc_6_23,How are the policies represented?,What do they depend on?,According to what text?
What is the purpose of learning the distributed control policy πθ?, The purpose of learning the distributed control policy πθ is to maximize the expected sum of rewards over time for a multi-robot task.,doc_6_24,What are the benefits of learning the distributed control policy πθ?,How does learning the distributed control policy πθ improve performance?,In what scenarios is it useful to learn the distributed control policy πθ?
What does Eq. (4) represent in the context of the text?," Eq. (4) represents the expected sum of rewards over time for a given policy πθ, which is maximized to learn the parameters θ that solve a multi-robot task.",doc_6_24,What is the context of the text?,What is Eq. (4)?,How does Eq. (4) relate to the context?
What is the purpose of employing a self-attention mechanism in this context?, The self-attention mechanism is employed to learn the parameters of the control policy that maximize the cumulative reward.,doc_6_26,What does the self-attention mechanism do in this context?,How does it contribute to the overall purpose of the model?,Why is it employed instead of other mechanisms?
How does the port-Hamiltonian description allow for energy-based control?, The port-Hamiltonian description allows for energy-based control by deriving general energy-based methods from the system's dynamics.,doc_6_26,How does the port-Hamiltonian description define energy?,What are the control mechanisms in the port-Hamiltonian framework?,How does the port-Hamiltonian description facilitate energy-based control?
What is the significance of modeling each robot as a port-Hamiltonian system?, Modeling each robot as a port-Hamiltonian system allows for deriving general energy-based controllers with closed-loop stability guarantees.,doc_6_27,What are the benefits of modeling robots as port-Hamiltonian systems?,How does the port-Hamiltonian system framework apply to robotics?,What specific features of port-Hamiltonian systems make them significant for robot modeling?
How does the interconnection of port-Hamiltonian systems relate to the multi-robot system described in the text?," The interconnection of port-Hamiltonian systems allows for modeling each robot as such a system, with energy exchange and dissipation represented by matrices Ji(xi) and Ri(xi), respectively. This interconnection leads to another port-Hamiltonian system, enabling the multi-robot system to be described using these dynamics.",doc_6_27,How are port-Hamiltonian systems interconnected?,What is the multi-robot system described in the text?,How does this interconnection relate to the described multi-robot system?
What approach is used to design the control policy µθ(x)?, The control policy µθ(x) is designed using an interconnection and damping assignment passivity-based control (IDA-PBC) approach.,doc_6_29,What are the steps involved in designing the control policy µθ(x)?,What criteria are used to evaluate the effectiveness of the control policy µθ(x)?,How is the control policy µθ(x) implemented in practice?
What does the term F†(x) represent in the context of the joint policy equation?, F†(x) represents the pseudo-inverse of F(x).,doc_6_29,What is the term F†(x) in the context of the joint policy equation?,How does F†(x) relate to other terms in the joint policy equation?,What role does F†(x) play in defining or describing the joint policy?
What is the significance of F(x) being full-rank in the context of the input u and the transformation between open loop and closed-loop systems?," The significance of F(x) being full-rank in this context is that it ensures the input u exactly transforms the open loop system to the closed-loop system, which is crucial for fully-actuated robots.",doc_6_30,What does it mean for F(x) to be full-rank in this context?,How does the full-rank property of F(x) relate to the input u?,What is the impact of F(x) being full-rank on the transformation between open loop and closed-loop systems?
How are the policy parameters θ optimized when the goals of the task are not realizable?," Even if goals of the task are not realizable, the policy parameters θ may still be optimized to achieve a behavior as good as possible to solve the task.",doc_6_30,What methods are used to optimize policy parameters θ?,How do the goals of the task impact the optimization process?,What strategies can be employed when the goals of the task are not realizable?
"What are the conditions derived for the port-Hamiltonian terms of the controller, Jθ(x), Rθ(x) and Hθ(x)?"," The conditions derived for Jθ(x), Rθ(x), and Hθ(x) are block-sparsity to respect robot team topology defined by graph G, ensuring that the controller considers information from k-hop neighbors.",doc_6_32,What are the conditions derived for Jθ(x)?,What are the conditions derived for Rθ(x)?,What are the conditions derived for Hθ(x)?
How does the neural network architecture ensure that the learned control policies respect the robot team topology defined by the graph G?," The neural network architecture enforces block-sparsity on Jθ(x) and Rθ(x), ensuring that each robot's controller considers information only from its k-hop neighbors, thus respecting the team topology defined by graph G.",doc_6_32,How does the neural network architecture incorporate the graph G?,What mechanisms ensure that control policies respect the robot team topology?,How is the learned control policy influenced by the defined graph G?
What does the factorization in equation (12) ensure that each robot i can calculate?," The factorization in equation (12) ensures that each robot i can calculate ∂Hθ(x)/∂xi by gathering ∂Hj θ(xj N j,k)/∂xi from its k-hop neighbors.",doc_6_33,What is the factorization in equation (12)?,How does this factorization ensure calculation by each robot i?,What can each robot i calculate based on this factorization?
Why is imposing the requirements in equations (11)-(12) considered a first step towards making the control policy in equation (14) distributed?," Imposing requirements (11)-(12) ensures that each robot's control policy in (14) can be calculated using information from its k-hop neighbors, making it distributed.",doc_6_33,What are the requirements in equations (11)-(12)?,How do these requirements relate to making the control policy distributed?,Why is this considered a first step towards achieving that goal?
How does the proposed architecture based on self-attention handle time-varying communication graphs?," The proposed architecture based on self-attention handles time-varying communication graphs by modeling [Jθ(x)]ij, [Rθ(x)]ij, and Hi θ(x) with shared parameters across robots.",doc_6_34,How does the proposed architecture handle time-varying communication graphs?,What role does self-attention play in this handling?,Are there any specific mechanisms or adaptations in the architecture for managing time variability?
What is the significance of considering the self and neighboring states as a sequence in the context of modeling the port-Hamiltonian terms?," The significance of considering self and neighboring states as a sequence in modeling port-Hamiltonian terms lies in the ability to extract relationships among these states using self-attention layers, which calculate importance associated with each input. This approach allows for handling time-varying communication graphs by sharing parameters across robots.",doc_6_34,What does it mean to consider the self and neighboring states as a sequence?,Why is this consideration significant in the context of modeling port-Hamiltonian terms?,How does treating these states as a sequence impact the modeling process?
"What is the purpose of the sequence of layers indexed using the subscript w = 1, . . . , W?"," The purpose of the sequence of layers indexed using the subscript w = 1, . . . , W is to compute operations following a self-attention mechanism.",doc_6_35,What does the subscript w represent in this context?,"What is the significance of the range 1, ..., W for the index w?",How do these layers contribute to the overall purpose or function?
How does robot i use the state information from its neighbors to compute the parameters of an IDA-PBC policy?, Robot i uses state information from its neighbors to compute IDA-PBC policy parameters by employing self-attention-based modules associated with desired closed-loop port-Hamiltonian dynamics.,doc_6_35,How does robot i obtain state information from its neighbors?,What parameters of an IDA-PBC policy are computed using this state information?,How is the state information used to compute these parameters?
"What are the dimensions of the matrices AR w, BR w, and CR w?"," AR w, BR w, CR w ∈ Rrw×hw",doc_6_36,What are the dimensions of the matrix AR w?,What are the dimensions of the matrix BR w?,What are the dimensions of the matrix CR w?
"How do the operations Qi 1 = AR 1 xi N i,k, Ki 1 = BR 1 xi N i,k, Vi 1 = CR 1 xi N i,k change with each layer in the self-attention mechanism?"," The operations Qi1 = AR1 xi Ni,k, Ki1 = BR1 xi Ni,k, Vi1 = CR1 xi Ni,k change with each layer in the self-attention mechanism by updating the matrices ARw, BRw, and CRw for each w from 1 to W.",doc_6_36,How does Qi 1 change with each layer in the self-attention mechanism?,How does Ki 1 change with each layer in the self-attention mechanism?,How does Vi 1 change with each layer in the self-attention mechanism?
"What is the purpose of the matrices AR 1 , BR 1 , and CR 1 in transforming the states to features encoded in the query Qi 1, key Ki 1, and value Vi 1?"," AR 1 , BR 1 , CR 1 transform the states to features encoded in the query Qi 1, key Ki 1, and value Vi 1 matrices.",doc_6_37,What is the purpose of the matrix AR 1 in transforming states to features encoded in the query Qi 1?,What is the purpose of the matrix BR 1 in transforming states to features encoded in the key Ki 1?,What is the purpose of the matrix CR 1 in transforming states to features encoded in the value Vi 1?
How does the nonlinear activation function ψ(·) ensure that Rθ(x) is a positive semidefinite matrix?," The nonlinear activation function ψ(·) ensures that Rθ(x) is a positive semidefinite matrix by designing its elements to be positive, making ZR ij a diagonal positive semidefinite matrix and Rθ(x) diagonally dominant.",doc_6_37,What properties of the nonlinear activation function ψ(·) contribute to Rθ(x) being positive semidefinite?,How does the choice of ψ(·) affect the eigenvalues of Rθ(x)?,In what contexts or applications is it important for Rθ(x) to be a positive semidefinite matrix?
What property does the matrix ZR ij possess if the elements of the output Xi W are positive?, The matrix ZR ij is a diagonal positive semidefinite matrix if the elements of the output Xi W are positive.,doc_6_38,What are the properties of the matrix ZR ij?,Under what conditions are the elements of the output Xi W positive?,How do these two concepts relate to each other?
How is the skew-symmetry of Jθ(x) enforced according to the text?," To enforce the skew-symmetry of Jθ(x), we use the equation [Jθ(x)]ij = ZJ ij −ZJ ji for all j in N_i.",doc_6_38,What is Jθ(x)?,What does skew-symmetry mean in this context?,How is the skew-symmetry of Jθ(x) enforced according to the text?
What is the significance of the skew-symmetric property of Jθ(x) + J⊤ θ (x)?," The skew-symmetric property of Jθ(x) + J⊤ θ (x) = 0 ensures that each element [Jθ(x)]ij depends only on information from robot i and its neighbor j, enabling distributed computation.",doc_6_39,What is the skew-symmetric property?,What is Jθ(x)?,What is J⊤ θ (x)?
"How are the encodings ZM i and ZU i calculated, and what parameters are used in this process?"," The encodings ZM i and ZU i are calculated using parameters AM w , BM w , CM w , DM w for ZM i and AU w, BU w, CU w, DU w for ZU i.",doc_6_39,How are the encodings ZM i and ZU i calculated?,What parameters are used in calculating ZM i?,What parameters are used in calculating ZU i?
"What is the purpose of the message mi,j τ that robot i receives?"," The purpose of the message mi,j τ that robot i receives is to encode information needed from robot j at time τ to calculate [Jθ(x)]ij, [Rθ(x)]ij, and Hi θ(x).",doc_6_40,"What does the message mi,j τ represent?",Why is robot i receiving this message?,"How is the message mi,j τ used by robot i?"
"What happens when there is no communication among robots (i.e., k = 0)?"," When k = 0, no message is needed.",doc_6_40,How do robots operate independently?,What are the implications for coordination?,What challenges arise in task completion?
What is the purpose of the control input ai computed by each robot i?, The control input ai computed by each robot i is used to parameterize the distributed control policies that are learned.,doc_6_41,What does the control input ai represent?,How is the control input ai computed by each robot i?,What is the purpose of computing the control input ai for each robot i?
"How many communication rounds are assumed to occur between robots, and what message does each robot receive in these rounds?", Each robot receives a message in 3 communication rounds from its neighboring robots.,doc_6_41,How many communication rounds are assumed to occur between robots?,What message does each robot receive in the first round?,What message does each robot receive in subsequent rounds?
What are the two aspects that must be adapted to match the soft actor-critic formulation?," The MDP formulation and stochastic Markov policy must be adapted from discrete to continuous time, and the deterministic port-Hamiltonian formulation needs to accommodate the stochastic actions of the soft actor-critic method.",doc_6_42,What is the first aspect that must be adapted?,What is the second aspect that must be adapted?,How do these aspects need to match the soft actor-critic formulation?
How is the continuous versus discrete time mismatch addressed in the text?, The continuous versus discrete time mismatch is addressed using the zero-order hold control approach.,doc_6_42,How does the text address continuous time?,How does the text address discrete time?,What is the mismatch between continuous and discrete time in the text?
What is the form of the distributed and stochastic Markov control policy obtained?," The distributed and stochastic Markov control policy obtained is of the form ai τ ∼πθ(ai τ|si N i,k τ ) = tanh(µθ(si N i,k τ ) + σϱ(ai τ, si N i,k τ )ξ), where µθ and σϱ are neural network parameters, and ξ is a standard normal variable.",doc_6_44,What are the characteristics of the distributed Markov control policy?,How is the stochastic element incorporated into the Markov control policy?,What form does the resulting Markov control policy take?
How is the control input constrained in practice?," The control input is constrained to ai τ ∈[−1, 1]nu using a tanh function.",doc_6_44,What are the common methods of constraining control input?,How do these constraints affect system performance?,Are there any standard practices for implementing these constraints?
What function is used to constrain the control input ai τ within the specified range?, The tanh function,doc_6_45,What is the function used to constrain?,What is being constrained?,Within what range is it being constrained?
"How are the control inputs sampled during training, and what is chosen after training?"," During training, control inputs are sampled from a Gaussian distribution. After training, the mean control input is chosen using a tanh function.",doc_6_45,How are the control inputs sampled during training?,What is chosen after training for the control inputs?,Are there any specific criteria or methods used to select the control inputs post-training?
What is the main difference between the approach described in the text and centralized-training decentralized-deployment approaches?," The main difference is that in centralized-training decentralized-deployment approaches, each agent's experience is recorded independently, whereas this approach records all robot states, actions, and interaction graphs together for each experience.",doc_6_46,What are the key features of the approach described in the text?,How does centralized-training decentralized-deployment work?,What are the main differences between these two approaches?
"How does the design of σϱ(ai τ, si N i,k τ ) depend on the neighboring information at robot i?"," The design of σϱ(ai τ, si N i,k τ ) depends on the neighboring information at robot i.",doc_6_46,"How does the design of σϱ(ai τ, si N i,k τ ) depend on ai τ?","How does the design of σϱ(ai τ, si N i,k τ ) depend on si N i,k τ ?","How does the design of σϱ(ai τ, si N i,k τ ) depend on the neighboring information at robot i?"
How does the recording of experiences for each agent ensure that the correlation among robots is tracked during training?," The recording of experiences for each agent ensures that the correlation among robots is tracked during training by independently recording all robot states, actions, and interaction graphs together.",doc_6_47,How are experiences recorded for each agent?,What correlation among robots is being tracked?,How does the recording of these experiences ensure that this correlation is tracked during training?
What are the main differences between the described physics-informed soft actor-critic multi-agent reinforcement learning approach and other actor-critic methods?," The main differences are that the actor in this approach is a multi-robot network modeled as a port-Hamiltonian system with a self-attention-based IDA-PBC policy, and the replay buffer stores not just actions, states, and rewards but also the graph structure of the multi-robot network.",doc_6_47,What are the main differences between the described physics-informed soft actor-critic multi-agent reinforcement learning approach and other actor-critic methods in terms of architecture?,How does the described physics-informed soft actor-critic multi-agent reinforcement learning approach differ from other actor-critic methods in terms of training process?,What are the unique features of the described physics-informed soft actor-critic multi-agent reinforcement learning approach compared to other actor-critic methods?
What is the purpose of storing the graph structure of the multi-robot network in the replay buffer?, The purpose of storing the graph structure in the replay buffer is to enforce the desired distributed structure of the multi-robot network.,doc_6_48,What is the purpose of storing the graph structure?,Why store it in the replay buffer?,How does this relate to the multi-robot network?
How does the soft actor-critic algorithm treat the whole robot network during training?," During training, the soft actor-critic algorithm treats the whole robot network as a single centralized agent.",doc_6_48,How does the soft actor-critic algorithm handle the interactions between robots in the network?,What approach does the soft actor-critic algorithm use to train the entire robot network?,Does the soft actor-critic algorithm consider the collective behavior of the robot network during training?
How does the approach described in the text differ from traditional approaches in terms of learning the control policy?," Traditional approaches factorize the reward function for isolated learning units, while the described approach learns a shared distributed control policy across all robots, associating global rewards through communication. Additionally, both methods include an entropy term in the maximization objective to balance exploration and exploitation.",doc_6_49,How does the approach described in the text learn the control policy?,What are the traditional approaches for learning the control policy?,In what ways do these approaches differ from each other?
What is the purpose of the entropy term H(Πθ(a|s)) and how does it influence the maximization objective?, The entropy term H(Πθ(a|s)) measures the randomness of the control policy and trades off exploration (high value) and exploitation (low value).,doc_6_49,What is the purpose of the entropy term H(Πθ(a|s))?,How does the entropy term H(Πθ(a|s)) influence the maximization objective?,What role does the entropy term H(Πθ(a|s)) play in the context of Πθ(a|s)?
What is the purpose of the critic in the described system?," The critic's purpose is to learn the action-value function of the environment, encoded in QΠθ(s, a), which steers the training of the control policy towards maximization. It is used during training but not necessary for deployment.",doc_6_50,What role does the critic play in the system?,How does the critic contribute to the overall functionality of the system?,What specific tasks or functions is the critic responsible for?
How does the value of α change over time?, The value of α changes over time according to a gradient descent law.,doc_6_50,What is the initial value of α?,How does α change in the short term?,How does α change in the long term?
What is the key property and advantage of the proposed soft actor-critic algorithm compared to other state-of-the-art algorithms?, The key property and advantage of the proposed soft actor-critic algorithm is its ability to simultaneously update policies without specifying gradients or factorizing the action value function.,doc_6_51,What is the key property of the proposed soft actor-critic algorithm?,How does this property compare to other state-of-the-art algorithms?,What are the advantages of the proposed soft actor-critic algorithm compared to these other algorithms?
How does the optimization step in the proposed soft actor-critic algorithm update the policies?," The optimization step in the proposed soft actor-critic algorithm updates all policies simultaneously by considering the joint policy Πθ, without specifying gradients or factorizing the action value function.",doc_6_51,How does the optimization step in the proposed soft actor-critic algorithm work?,What policies are updated during this optimization step?,How do these updates affect the overall performance of the algorithm?
How does the proposed approach differ from typical multi-agent reinforcement learning methods in terms of policy training?," The proposed approach trains a single distributed control policy for all robots, while typical multi-agent reinforcement learning methods train separate policies for each agent.",doc_6_52,How does the proposed approach train policies differently from typical multi-agent reinforcement learning methods?,What specific techniques or algorithms are used in the proposed approach for policy training that differ from typical methods?,In what ways do these differences impact the overall performance and efficiency of the system compared to typical multi-agent reinforcement learning methods?
What specific aspect of the soft actor-critic algorithm is utilized to condition the gradients on the multi-robot communication topology?, The gradients with respect to θ are conditioned on the multi-robot communication topology using the soft actor-critic update rules.,doc_6_52,What aspect of the soft actor-critic algorithm is utilized?,How are gradients conditioned in this context?,How does the multi-robot communication topology influence this process?
How does the proposed approach model the multi-robot system?," The proposed approach models the multi-robot system as a graph, allowing the use of reinforcement learning algorithms for single-robot problems where the multi-robot network acts as a single agent.",doc_6_53,How does the proposed approach represent the individual robots?,What mechanisms are used to coordinate the robots?,How does the approach handle communication and data exchange between robots?
What is the role of the physics-informed self-attention parameterization in the learned policies?," The physics-informed self-attention parameterization models the dynamics and control of robots, allowing learned policies to be distributed by design.",doc_6_53,What are the learned policies?,How does physics-informed self-attention parameterization work?,What is its role in these policies?
What is the mass of the box in the 'Reverse transport' scenario?, The mass of the box in the 'Reverse transport' scenario is 1 kg.,doc_6_54,What is the mass of the box?,What is the 'Reverse transport' scenario?,Is there any context or additional information about the 'Reverse transport' scenario?
From which benchmark does the last scenario come from?, The last scenario comes from the Multi-Agent MuJoCo benchmark.,doc_6_54,What are the possible benchmarks?,Which scenario is being referred to as 'the last scenario'?,From which of these benchmarks does this scenario come from?
What is the size of the grid that robots observe around them?, Robots observe samples in a 3 × 3 grid around them.,doc_6_55,What is the grid size that robots observe?,How far can robots observe around them?,Is the observable area uniform in all directions?
How has the collision penalty been changed compared to the previous study?, The collision penalty has been changed from −1 to −5.,doc_6_55,What was the collision penalty in the previous study?,How has the collision penalty changed since the previous study?,What is the current state of the collision penalty compared to the previous study?
What is the reward mechanism for the robots when they reach a food landmark in scenario e) Grassland?, The robot team receives a positive reward when they reach a food landmark in scenario e) Grassland.,doc_6_56,What are the food landmarks in scenario e) Grassland?,How do robots reach a food landmark in scenario e) Grassland?,What is the nature of the reward when robots reach a food landmark in scenario e) Grassland?
"In scenario f) Adversarial, what happens to a food landmark when it is reached by a member of either team?"," When a member of either team reaches a food landmark in scenario f) Adversarial, the landmark is randomly spawned again and the team is positively rewarded.",doc_6_56,What happens to the food landmark when reached by a member of Team A?,What happens to the food landmark when reached by a member of Team B?,Is there any difference in what happens to the food landmark depending on which team's member reaches it?
What is the reward mechanism for the 6x1-Half Cheetah scenario?, The reward mechanism for the 6x1-Half Cheetah scenario includes a term that favors forward movements and another that penalizes excessively large actions.,doc_6_57,What are the components of the reward mechanism?,How is the reward calculated in each time step?,Is there a terminal reward for the 6x1-Half Cheetah scenario?
How are the teams penalized and rewarded in the food landmark scenario?, Teams are positively rewarded when a member reaches a food landmark or collides with an opposing team member. The other team is penalized and the robot deactivated in case of collision.,doc_6_57,How are the teams penalized in the food landmark scenario?,How are the teams rewarded in the food landmark scenario?,What are the criteria for penalties and rewards in the food landmark scenario?
What is the main goal of the first three scenarios mentioned in the text?, The main goal of the first three scenarios is to evaluate how the physics-informed policy parameterization improves upon existing standard policy parameterizations.,doc_6_58,What is the main goal of the first scenario mentioned in the text?,What is the main goal of the second scenario mentioned in the text?,What is the main goal of the third scenario mentioned in the text?
In which scenario is the approach validated using a realistic robotic platform?, The last scenario,doc_6_58,In which scenario is the approach used?,Is the approach validated in a realistic setting?,What type of robotic platform is utilized for validation?
What is the purpose of the additional neural network mentioned in the text?, The additional neural network pre-processes the observation vector to accommodate changes in its size.,doc_6_59,What role does the additional neural network play?,Why is an additional neural network mentioned in the text?,How does the additional neural network contribute to the overall system?
In which scenarios does the robot observation vector change its dimension depending on the number of robots?," In scenarios such as food collection, grassland, and adversarial settings, the robot observation vector changes its dimension depending on the number of robots due to variations in landmarks.",doc_6_59,When does the robot observation vector change its dimension?,How is the dimension of the robot observation vector related to the number of robots?,In which scenarios does the number of robots affect the dimension of the robot observation vector?
What are the scenarios used for the ablation studies?," The ablation studies use reverse transport, sampling, and navigation scenarios.",doc_6_60,What are the scenarios?,How are they used for ablation studies?,What is the purpose of using these scenarios in ablation studies?
Which neural networks is the proposed pH-MARL compared with?," The proposed pH-MARL is compared with a classical multi-layer perceptron (MLP), a modular self-attention-based neural network (MSA), and a graph- and attention-based neural network (GSA).",doc_6_60,Which neural networks are mentioned in the context of pH-MARL?,What are the specific neural networks compared with pH-MARL?,Are there any comparisons between pH-MARL and other neural networks?
What is the difference between the MSA network and the GSA network?," The MSA network replaces dense layers with self-attention architecture, while the GSA network adds an adjacency matrix as input.",doc_6_61,What are the key features of the MSA network?,What are the key features of the GSA network?,How do these features differ between the two networks?
How does the port-Hamiltonian modeling and self-attention-based neural networks perform compared to the other control policies when scaling the number of robots?," Our proposed combination of port-Hamiltonian modeling and self-attention-based neural networks achieves the best cumulative reward when scaling the number of robots, outperforming other control policies such as MLP, MSA, and GSA networks.",doc_6_61,How does port-Hamiltonian modeling perform compared to other control policies when scaling the number of robots?,How do self-attention-based neural networks perform compared to other control policies when scaling the number of robots?,How do port-Hamiltonian modeling and self-attention-based neural networks compare to each other in performance when scaling the number of robots?
What is the key feature provided by the port-Hamiltonian formulation that is not available in other architectures based on multi-layer perceptrons or convolutions?," The key feature provided by the port-Hamiltonian formulation that is not available in other architectures based on multi-layer perceptrons or convolutions is its scalability, as each element of the processed input sequence is employed to compute the port-Hamiltonian terms.",doc_6_62,What key feature does the port-Hamiltonian formulation provide?,Is this feature available in other architectures based on multi-layer perceptrons?,Is this feature available in other architectures based on convolutions?
How does the architecture used in pH-MARL help in learning the standard deviation for all the options?," The architecture used in pH-MARL helps in learning the standard deviation for all options by employing self-attention mechanisms that process input sequences to compute port-Hamiltonian terms, ensuring scalability of the policy.",doc_6_62,What components of the architecture in pH-MARL are responsible for learning standard deviation?,How does the architecture in pH-MARL process and utilize data to learn standard deviation?,What mechanisms in the architecture of pH-MARL enable it to effectively learn standard deviation for all options?
What is the value of n used for the number of robots in all scenarios and architectures?, n = 4,doc_6_63,What is the value of n for the number of robots in all scenarios?,What is the value of n for the number of robots in all architectures?,Is there a consistent value of n used across both scenarios and architectures?
In which scenario does pH-MARL show a particularly significant difference compared to the other three architectures?, In the reverse transport and navigation scenarios.,doc_6_63,What are the other three architectures?,In which specific scenario does pH-MARL perform significantly better or worse?,How is 'significant difference' defined in this context?
Which method is the fastest in inspecting the environment in the sampling scenario?, pH-MARL,doc_6_64,Which methods are used in inspecting the environment?,What is the sampling scenario?,How do these methods compare in speed for this scenario?
What is the mean and standard deviation of ¯R for pH-MARL in the navigation scenario?, The mean and standard deviation of ¯R for pH-MARL in the navigation scenario are -53 ± 101.,doc_6_64,What is the mean of ¯R for pH-MARL in the navigation scenario?,What is the standard deviation of ¯R for pH-MARL in the navigation scenario?,How are the mean and standard deviation of ¯R calculated for pH-MARL in the navigation scenario?
What is the main difference between pH-MARL and GSA in terms of scaling with the number of robots?," pH-MARL and GSA scale well with the number of robots, maintaining consistent performance across different team sizes.",doc_6_65,How does pH-MARL scale with the number of robots?,How does GSA scale with the number of robots?,What is the main difference between these scalings?
Why does the performance of pH-MARL deteriorate in the navigation example when the number of robots increases?, The performance of pH-MARL deteriorates in the navigation example when the number of robots increases because its modules are not ready to process an input vector of different dimensions.,doc_6_65,What impact does the number of robots have on pH-MARL's performance in navigation?,How does increasing the number of robots affect the coordination within pH-MARL?,What specific challenges arise for pH-MARL when navigating with a larger number of robots?
What is the size of the arena in the navigation scenario?, The size of the arena in the navigation scenario is 2 × 2m.,doc_6_66,What are the dimensions of the arena?,Is the arena circular or rectangular?,Are there any obstacles within the arena?
Why do the robots prefer to avoid collisions rather than moving towards their landmarks?, The robots prefer to avoid collisions rather than moving towards their landmarks because the space is very small for navigation without colliding.,doc_6_66,Why do robots prefer to avoid collisions?,What makes moving towards landmarks less preferred?,How do these preferences impact robot navigation?
What is the maximum number of robots that can be used in the reverse transport scenario according to the text?, The maximum number of robots used in the reverse transport scenario is 16.,doc_6_67,What is the reverse transport scenario?,According to which text are we referring to?,What is the maximum number of robots that can be used in this scenario?
"In the sampling scenario, how many cells do the robots learn to cover when there are 8 robots?"," In the sampling scenario, when there are 8 robots, they learn to cover more cells.",doc_6_67,How many cells can each robot cover?,What is the total number of cells in the scenario?,How do the robots coordinate to cover the cells?
What happens to the robots when there are a lot of them (n = 9) in the reverse transport scenario?," When there are a lot of robots (n = 9) in the reverse transport scenario, some robots move to the corners because they annoy the others by increasing the potential number of collisions.",doc_6_68,How do the robots interact with each other?,What is the efficiency of the reverse transport scenario with 9 robots?,Are there any noticeable patterns or behaviors among the 9 robots in this scenario?
How are the regions already explored depicted in the sampling scenario?," In the sampling scenario, regions already explored are shown in orange.",doc_6_68,How are the regions depicted in the sampling scenario?,What does 'already explored' refer to in this context?,What is the purpose of depicting these regions?
What is the specific number of robots mentioned that causes some to move to the corners?, When there are 9 robots.,doc_6_69,What causes the robots to move?,Are there any specific conditions mentioned for the movement?,How many robots are involved in this movement?
Which multi-agent reinforcement learning approaches are compared with the proposed physics-informed approach?," The proposed physics-informed approach is compared with Multi-Agent Deep Deterministic Policy Gradient (MADDPG), Mean Field Actor Critic (MFAC), Evolutionary Population Curriculum (EPC), and Distributed multi-Agent Reinforcement Learning with One-hop Neighbors (DARL1N).",doc_6_69,Which multi-agent reinforcement learning approaches are mentioned in the paper?,What is the proposed physics-informed approach?,How does the comparison between the proposed and other approaches take place?
Which scenarios are used for the comparison of the first four methods?," The comparison of the first four methods uses food collection, grassland, and adversarial scenarios.",doc_6_70,Which methods are being compared?,How many scenarios are used for the comparison?,What are the specifics of each scenario?
How many robots are trained in pH-MARL compared to the other state-of-the-art approaches?, pH-MARL trains 4 robots compared to other state-of-the-art approaches that train from 3 to 48 robots.,doc_6_70,How many robots are trained in pH-MARL?,How many robots are trained in the other state-of-the-art approaches?,What is the comparison of the number of robots trained between pH-MARL and the other state-of-the-art approaches?
What is the range of robot numbers used for training pH-MARL?, The range of robot numbers used for training pH-MARL is 4 robots.,doc_6_71,What is the minimum number of robots used for training pH-MARL?,What is the maximum number of robots used for training pH-MARL?,Are there any specific intervals or increments in the range of robot numbers used for training pH-MARL?
In which scenarios and team sizes does pH-MARL surpass other methods?," pH-MARL surpasses other methods when team size is close to training (n=3, 6, 12) in all scenarios. It also outperforms or matches others when team size is much larger (24, 48).",doc_6_71,In which scenarios does pH-MARL surpass other methods?,In which team sizes does pH-MARL surpass other methods?,What are the specific scenarios and team sizes where pH-MARL performs better than other methods?
What is the team size used during training for pH-MARL?, The team size used during training for pH-MARL is 4 robots.,doc_6_72,What training method was used for pH-MARL?,How many agents were involved in the training process?,Was there any variation in team size during training?
How does pH-MARL perform compared to other state-of-the-art methods when deployed with different team sizes?, pH-MARL outperforms or achieves similar results compared to other state-of-the-art methods when deployed with different team sizes.,doc_6_72,How does pH-MARL perform with small team sizes compared to other state-of-the-art methods?,How does pH-MARL perform with medium team sizes compared to other state-of-the-art methods?,How does pH-MARL perform with large team sizes compared to other state-of-the-art methods?
What is the performance of the policy when team sizes are much larger than the training team size?, The policy still outperforms or achieves similar results as state-of-the-art approaches when team sizes are much larger than the training team size.,doc_6_73,What is the impact on performance when team sizes are significantly larger than the training team size?,How does the policy's effectiveness change with increasing team sizes beyond the training size?,Are there any noticeable trends or patterns in the policy's performance as team sizes grow much larger than the training team size?
Why does MAPPO exhibit poor results when the number of robots is larger than 10?, MAPPO generally exhibits poor results when the number of robots is larger than 10 due to its inability to learn successful policies that avoid collisions and find food resources.,doc_6_73,What are the limitations of MAPPO when scaling to more than 10 robots?,How does the performance of MAPPO change with an increasing number of robots?,Are there specific challenges that MAPPO faces when coordinating more than 10 robots?
What is the primary source of increased computational burden mentioned in the text?, The primary source of increased computational burden mentioned in the text is the differentiation of the Hamiltonian ∂Hθ(x)/∂xj at each time step.,doc_6_75,What are the sources mentioned in the text?,Which of these sources is primary?,How does this primary source contribute to increased computational burden?
How does the scalability of the approach compare to other methods when considering the number of robots used during training?," The approach has similar overall computational times during training compared to non-physics-informed methods, despite needing fewer robots.",doc_6_75,How does the scalability of the approach compare to other methods?,What is the impact on scalability when increasing the number of robots used during training?,How do other methods handle the scalability issue with an increasing number of robots?
"What is the alternative method mentioned to improve computational efficiency, and how does it bypass automatic differentiation?"," An alternative method to improve computational efficiency involves using a neural network estimator that learns to infer ∂Hθ(x)/∂xj from xi N i, bypassing automatic differentiation of Hθ(x) and the message-passing communication protocol.",doc_6_76,What is the alternative method mentioned to improve computational efficiency?,How does it bypass automatic differentiation?,What are the benefits of this method over automatic differentiation?
"In which scenarios were experiments conducted to evaluate the training scalability of ph-MARL, and what was the range of robots used in these experiments?"," Experiments were conducted in scenarios from Sections VI-A and VI-B to evaluate training scalability of ph-MARL with an increasing number of robots, namely 2, 4, 8, and 12.",doc_6_76,In which scenarios were experiments conducted to evaluate the training scalability of ph-MARL?,What was the range of robots used in these experiments?,Were there any specific experiments conducted to evaluate the training scalability of ph-MARL?
How does the performance change with an increasing number of robots in the reverse transport scenario?," In the reverse transport scenario, more robots lead to a drop in averaged cumulative reward due to increased robot contacts with the cage.",doc_6_77,How does the performance change with a small increase in the number of robots?,How does the performance change with a moderate increase in the number of robots?,How does the performance change with a large increase in the number of robots?
What is the impact on averaged cumulative reward when more robots are introduced during training in the navigation scenario?," In the navigation scenario, an increase in the number of robots during training leads to a significant drop in averaged cumulative reward due to more collisions.",doc_6_77,What is the impact on cumulative reward when more robots are introduced?,How does averaging affect this impact?,What changes occur during training with additional robots?
What specific issue arises when the number of robots during training increases to 12?, The specific issue that arises when the number of robots during training increases to 12 is a significant drop in averaged cumulative reward due to more collisions happening as each robot has less space.,doc_6_78,What challenges arise with 12 robots during training?,How does increasing the number of robots to 12 affect performance?,What specific problems occur when the robot count reaches 12?
Why is a team size of n = 2 considered too small for capturing the richness of distributed multi-robot interactions?, A team size of n = 2 is too small for capturing the richness of distributed multi-robot interactions because it does not allow learning sufficiently varied behaviors.,doc_6_78,Why does a team size of n = 2 limit the capture of rich interactions?,What makes distributed multi-robot interactions complex?,How does increasing team size affect the complexity of interactions?
What is the optimal number of training robots for the reverse transport scenario according to the text?, The optimal number of training robots for the reverse transport scenario is 4.,doc_6_80,What does the text say about the reverse transport scenario?,How many training robots are mentioned in the text?,Is there an optimal number of training robots specified for this scenario?
"How does an increase in the number of robots affect neighborhood sizes and cumulative reward, as described in the text?", An increase in robots leads to larger neighborhood sizes and a drop in cumulative reward.,doc_6_80,How does an increase in the number of robots affect neighborhood sizes?,How does an increase in the number of robots affect cumulative reward?,What is the relationship between neighborhood sizes and cumulative reward as described in the text?
What is the optimal team size for achieving the best performance in the reverse transport scenario?," In the reverse transport scenario, the best performance is achieved with a team size of 4.",doc_6_81,What factors influence team size in the reverse transport scenario?,How does team size impact performance in the reverse transport scenario?,Are there any specific conditions under which a particular team size is optimal for the reverse transport scenario?
How does the approach differ from other centralized-training decentralized-execution approaches in terms of policy parameters?," Our approach uses a single set of policy parameters invariant to team size due to its distributed structure, unlike other centralized-training decentralized-execution approaches.",doc_6_81,How does the approach differ in terms of policy parameters?,How do other centralized-training decentralized-execution approaches handle policy parameters?,What are the specific differences between this approach and others in managing policy parameters?
What is the name of the physics engine used for validation on a realistic robot platform?, MuJoCo,doc_6_82,What is the name of the physics engine?,How is it used for validation?,On which realistic robot platform is it used?
In which environment was pH-MARL evaluated using TRPO?, The 6x1-Half Cheetah environment.,doc_6_82,In which environment was pH-MARL evaluated?,What algorithm was used for evaluation?,Was TRPO the only algorithm used?
What is the unit of measurement for the input to each joint in the 6x1-Half Cheetah model?, The unit of measurement for the input to each joint in the 6x1-Half Cheetah model is [Nm].,doc_6_83,What are the units of measurement for the input to each joint?,How many joints are there in the 6x1-Half Cheetah model?,What is the significance of the '6x1' in the 6x1-Half Cheetah model?
How does the policy design in the provided method differ from those in state-of-the-art methods like HATRPO and HAPPO?," The policy design in the provided method depends on neighboring information and enforces a ring topology, unlike state-of-the-art methods like HATRPO and HAPPO which depend on the global observation vector.",doc_6_83,How does the policy design in the provided method compare to HATRPO?,How does the policy design in the provided method compare to HAPPO?,"What are the key differences between the policy designs of the provided method, HATRPO, and HAPPO?"
What is the unit of measurement for the input to each joint?, The input to each joint is a torque with [Nm] units.,doc_6_84,What are the inputs to each joint?,How is the measurement of these inputs defined?,What is the specific unit used for this measurement?
Which physical properties of the joints are mentioned in the text?," The physical properties of the joints mentioned are angle, angular velocity, linear velocity, angular acceleration, and linear acceleration.",doc_6_84,Which joints are mentioned in the text?,What physical properties of these joints are described?,Are there any specific measurements or values given for these properties?
What is the impact of increasing the number of robots (n) on travel time and success rate in the pH-MARL policy for multi-robot navigation?, Increasing n increases travel time and decreases success rate.,doc_6_85,What is the impact of increasing n on travel time in the pH-MARL policy for multi-robot navigation?,What is the impact of increasing n on success rate in the pH-MARL policy for multi-robot navigation?,How does increasing n affect both travel time and success rate in the pH-MARL policy for multi-robot navigation?
"How does imperfect communication affect the qualitative results of the pH-MARL policy, as depicted in Fig. 10?"," Imperfect communication in Fig. 10 leads to delays (magenta links), packet loss (red links), and disturbances (yellow links) which negatively impact travel time and success rate compared to perfect communication.",doc_6_85,How does imperfect communication impact the performance of the pH-MARL policy?,What specific aspects of the qualitative results are affected by imperfect communication in Fig. 10?,Are there any noticeable trends or patterns in how imperfect communication influences the outcomes depicted in Fig. 10?
How does the sample efficiency of the method change with increasing network connectivity?, The sample efficiency of the method decreases as network connectivity increases.,doc_6_86,How does sample efficiency change with low network connectivity?,How does sample efficiency change with moderate network connectivity?,How does sample efficiency change with high network connectivity?
What is the advantage of the method in terms of using the available acceleration information?, Our method leverages available acceleration information to improve sample efficiency and final average episode reward.,doc_6_86,How does the method utilize acceleration information?,What specific advantages are gained from using this information?,In what ways is the method improved by incorporating acceleration data?
How does the connectivity of the network affect the performance achieved by distributing the policy according to the imposed ring topology?, The performance achieved by distributing the policy according to the imposed ring topology is reduced when the connectivity of the network increases.,doc_6_87,How does the connectivity of the network impact the distribution of the policy?,What are the effects of the imposed ring topology on performance?,How do these factors interact to influence overall performance?
What is the impact on sample efficiency when the topology changes from a fully connected graph to a ring topology?," The ring topology improves sample efficiency by restricting the neighborhood of joints, while a fully connected graph reduces it due to the need to compute multiple centralized policies.",doc_6_87,What is the sample efficiency in a fully connected graph?,What is the sample efficiency in a ring topology?,How does changing from a fully connected graph to a ring topology affect sample efficiency?
What is the goal of the validation using the Georgia Tech Robotarium?, The goal of validation using the Georgia Tech Robotarium is to test how pH-MARL policies trained in a simulated environment handle real-world conditions with imperfect communication and actuation.,doc_6_88,What is the goal of validation in this context?,What role does the Georgia Tech Robotarium play in this validation?,How does using the Georgia Tech Robotarium contribute to achieving the goal of validation?
How does the navigation problem in the real multi-robot setting differ from the one used for ablations in Section VI-A?, The navigation problem in the real multi-robot setting differs from the one used for ablations in Section VI-A due to imperfect communication channels and physical radius of agents.,doc_6_88,How does the navigation problem in the real multi-robot setting differ from the one used for ablations?,What are the key differences between the real multi-robot setting and the one used for ablations in Section VI-A?,In what ways does the navigation problem in the real multi-robot setting contrast with the one used for ablations in Section VI-A?
What is the size of the space over which the pH-MARL navigation policy is trained?, The pH-MARL navigation policy is trained over a 3.2×2m space.,doc_6_89,What is the pH-MARL navigation policy?,Over which space is the pH-MARL navigation policy trained?,What is the size of that space?
What are the two settings evaluated for the pH-MARL policy in the Robotarium simulator?, The two settings evaluated for the pH-MARL policy in the Robotarium simulator are perfect communications with rcomm = 0.75m and realistic communication with packet losses and disturbances.,doc_6_89,What are the two settings evaluated in the Robotarium simulator?,What is the pH-MARL policy?,How are the two settings evaluated for the pH-MARL policy?
What is the probability of a message being distorted by additive zero-mean Gaussian noise with variance 0.05I?, Messages sent through a communication channel have a probability of 0.1 of being distorted by an additive zero-mean Gaussian noise with variance 0.05I.,doc_6_90,What is the variance of the additive zero-mean Gaussian noise?,What is the probability distribution of the message before noise addition?,How does the additive zero-mean Gaussian noise with variance 0.05I affect the message?
How does the travel time for the pH-MARL policy compare under perfect and imperfect communication?," The travel time for the pH-MARL policy under imperfect communication is almost constant, similar to perfect communication.",doc_6_90,How does the travel time for the pH-MARL policy compare under perfect communication?,How does the travel time for the pH-MARL policy compare under imperfect communication?,What is the difference in travel time for the pH-MARL policy between perfect and imperfect communication?
"What is the maximum team size that the pH-MARL policy can scale to, as stated in the text?", The pH-MARL policy can scale to teams up to 4 times larger than the one used for training.,doc_6_91,What is the pH-MARL policy?,What does it mean for a policy to scale in this context?,What are the stated limitations or conditions for scaling as per the text?
"According to the text, what is the success rate achieved by the pH-MARL policy?", The success rate achieved by the pH-MARL policy is always above 95%.,doc_6_91,What is the pH-MARL policy?,What are the criteria for success in this context?,What rate of success has been achieved?
What is the success rate of the pH-MARL policy in the real Robotarium arena under imperfect communication?, The success rate of the pH-MARL policy in the real Robotarium arena under imperfect communication is 100%.,doc_6_92,What are the imperfect communication conditions in the real Robotarium arena?,How is the pH-MARL policy implemented in the real Robotarium arena?,What metrics define the success rate of the pH-MARL policy in the real Robotarium arena?
How does the travel distance and time change with an increasing number of robots in the real Robotarium arena?," As the number of robots increases in the real Robotarium arena, the travel distance and time remain consistent, even with 12 and 16 robots making the space tighter.",doc_6_92,How does travel distance change with an increasing number of robots in the real Robotarium arena?,How does travel time change with an increasing number of robots in the real Robotarium arena?,What is the relationship between travel distance and time as the number of robots increases in the real Robotarium arena?
What is the main advantage of the proposed reinforcement learning formulation compared to other multi-agent reinforcement learning approaches?," The main advantage of the proposed reinforcement learning formulation is that it explicitly considers potential networked interactions among agents, going beyond the classical assumptions of independent execution found in other multi-agent reinforcement learning approaches. Additionally, this formulation avoids non-stationarity issues found during training in other multi-robot learning settings.",doc_6_93,What are the other multi-agent reinforcement learning approaches?,How does the proposed formulation compare to these approaches?,What is the main advantage of this comparison?
How did the pH-MARL policy perform when deployed in teams with different numbers of robots after being trained with n = 4 robots?, The pH-MARL policy performed well when deployed in teams with different numbers of robots after being trained with n = 4 robots.,doc_6_93,How did the pH-MARL policy perform in teams with fewer than 4 robots?,How did the pH-MARL policy perform in teams with exactly 4 robots?,How did the pH-MARL policy perform in teams with more than 4 robots?
What is the value of n for which the navigation policy was initially trained?, The navigation policy was initially trained with n = 4 robots.,doc_6_94,What policy was initially trained?,What is the value of n?,For which navigation was the policy trained?
How does the proposed control policy ensure scalability and distributed control?," The proposed control policy ensures scalability and distributed control by deploying a navigation policy trained with n=4 robots to teams of up to 16 robots, demonstrating safe navigation even in tight spaces. Additionally, it uses a soft actor-critic algorithm that learns homogeneous distributed control policies while respecting k-hop factorization and robot correlation, exploiting collective knowledge during training.",doc_6_94,How does the proposed control policy ensure scalability?,What mechanisms are in place for distributed control within the proposed policy?,How do these mechanisms contribute to ensuring both scalability and distributed control?
What is the basis of the proposed control policy?, The basis of the proposed control policy is an interconnection and damping passivity-based approach using a port-Hamiltonian description of multi-robot dynamics.,doc_6_95,What are the principles behind the proposed control policy?,What is the foundation of the proposed control policy?,What serves as the basis for the proposed control policy?
In which scenarios were the simulations conducted?, The simulations were conducted in seven scenarios covering a variety of cooperative and competitive behaviors.,doc_6_95,What were the scenarios?,Where were the simulations conducted?,In which contexts were the simulations conducted?
What is the primary advantage of the proposed approach as compared to other methods?, The primary advantage of the proposed approach is its superior performance in terms of cumulative reward per robot and scalability compared to other methods.,doc_6_96,What are the other methods?,What is the proposed approach?,How does the proposed approach compare to these other methods?
Which aspect of the environment did the authors identify as needing further improvement for better generalization?, stage size,doc_6_96,Which aspect of the environment did the authors identify?,What needs further improvement for better generalization?,How can this improvement be achieved?
What is the purpose of utilizing physics-informed port-Hamiltonian parameterization in the control policies for multi-robot problems?, The purpose of utilizing physics-informed port-Hamiltonian parameterization in control policies for multi-robot problems is to provide performance or safety guarantees.,doc_6_97,What are the benefits of utilizing physics-informed port-Hamiltonian parameterization in control policies?,How does physics-informed port-Hamiltonian parameterization enhance control policies for multi-robot problems?,What challenges might arise when applying physics-informed port-Hamiltonian parameterization to control policies for multi-robot problems?
How can the computation and implementation bottleneck related to ∂Hθ(x)/∂xj be addressed?, The bottleneck related to computing ∂Hθ(x)/∂xj can be addressed by exploring how to bypass the three-message passing scheme and rely on single-message broadcasting protocols or perception cues.,doc_6_97,What are the primary causes of the computation bottleneck related to ∂Hθ(x)/∂xj?,How can the computational efficiency of ∂Hθ(x)/∂xj be improved?,What implementation strategies can mitigate the bottlenecks associated with ∂Hθ(x)/∂xj?
What is the architecture of the variance network used in ph-MARL?, The variance network in ph-MARL uses the same architecture as [Rθ]ij but with h1 = nx+nu and dW = 2.,doc_6_98,What are the components of the variance network in ph-MARL?,How do these components interact within the network?,What is the overall structure or layout of the variance network?
How does the MSA policy differ from the MLP policy?," The MSA policy uses a self-attention layer after a linear output from an MLP, while the MLP policy does not include this self-attention layer.",doc_6_98,What are the key features of the MSA policy?,What are the key features of the MLP policy?,How do these features compare and contrast?
What is the size of the first multi-layer perceptron in the variance network for MSA?," The size of the first multi-layer perceptron in the variance network for MSA is [n(nx + nu), n × nu].",doc_6_99,What is the variance network for MSA?,What is a multi-layer perceptron in this context?,What does 'size' refer to in this question?
"How is the QΠθ(st, at) function parameterized?"," The QΠθ(st, at) function is parameterized as a multi-layer perceptron with layers of size [n(nx + nu), 2n(nx + nu), n(nx + nu), (nx + nu), 1] and swish activations except for the last linear layer.",doc_6_99,How is the function Q parameterized?,What does θ represent in the context of this function?,"What are the inputs st and at, and how do they relate to the function?"
What is the size of the self-attention layer used in the neural network?, The self-attention layer used in the neural network has a size of 2.,doc_6_100,What type of self-attention layer is used?,How many layers are there in the neural network?,What are the dimensions of each layer?
Which activation function is used in the first multi-layer perceptron?, The first multi-layer perceptron uses a swish activation function.,doc_6_100,Which multi-layer perceptron is being referred to?,What are the possible activation functions that could be used in this context?,Is there any specific information provided about the activation function used?
What is the value of the optimizer parameter for all scenarios?, The optimizer parameter for all scenarios is Adam.,doc_6_101,What is the optimizer parameter?,What are all scenarios?,How does the optimizer parameter value change across these scenarios?
How many parallel environments are used in the sampling scenario?," In the sampling scenario, 96 parallel environments are used.",doc_6_101,How are the parallel environments used in the sampling scenario?,What is the purpose of using parallel environments in the sampling scenario?,Are there any limitations to using multiple parallel environments in the sampling scenario?
"What is the title of the paper by Laurent, Le Fort-Piat, and Munikoti et al.?"," The title of the paper by Munikoti et al. is ""Challenges and opportunities in deep reinforcement learning with graph neural networks: A comprehensive review of algorithms and applications.""",doc_6_105,What is the title of the paper?,Who are the authors of the paper?,What are their last names?
In which year was the conference proceeding by Matignon et al. published?, The conference proceeding by Matignon et al. was published in 2012.,doc_6_105,What is the title of the conference proceeding by Matignon et al.?,Which conference was the proceeding published in?,Who are the authors of the conference proceeding?
What is the title of the paper by E. Sebastián et al. presented at the IEEE International Conference on Robotics and Automation in 2023?," ""LEMURS: Learning Distributed Multi-Robot Interactions""",doc_6_107,What is the title of the paper by E. Sebastián et al.?,Where was the paper presented in 2023?,Which conference did the authors present their work at?
Which conference did T. X. Nghiem et al. present their paper 'Physics-informed machine learning for modeling and control of dynamical systems' at in 2023?, IEEE American Control Conference,doc_6_107,Which conference did T. X. Nghiem et al. present their paper at in 2023?,What was the title of the paper presented by T. X. Nghiem et al.?,Who were the authors of the paper 'Physics-informed machine learning for modeling and control of dynamical systems'?
"What is the title of the paper by S. Singh, S. Levine, and C. Finn?"," The title of the paper by S. Singh, S. Levine, and C. Finn is ""Robonet: Large-scale multi-robot learning.""",doc_6_110,What is the title of the paper?,Who are the authors of the paper?,What are their names?
In which conference was the paper by I. Gharbi et al. presented?, The paper by I. Gharbi et al. was presented at the IEEE International Conference on Robotics and Automation in 2023.,doc_6_110,What is the title of the paper by I. Gharbi et al.?,Who are the authors of the paper presented at the conference?,In which year was the conference held?
What is the title of the paper by Parnika et al. presented at the International Conference on Autonomous Agents and Multiagent Systems in 2021?," ""Attention actor-critic algorithm for multi-agent constrained co-operative reinforcement learning""",doc_6_112,What is the title of the paper presented by Parnika et al.?,At which conference was the paper by Parnika et al. presented in 2021?,In what year was the International Conference on Autonomous Agents and Multiagent Systems held?
"Which conference did Li et al.'s paper on 'Generative attention networks for multi-agent behavioral modeling' appear in, and what was its volume and issue number?"," 'Generative attention networks for multi-agent behavioral modeling' appeared in Proceedings of the AAAI Conference on Artificial Intelligence, volume 34, issue 05.",doc_6_112,Which conference did Li et al.'s paper appear in?,What was the volume number of the conference proceedings where Li et al.'s paper was published?,What was the issue number of the conference proceedings where Li et al.'s paper was published?
What is the focus of the paper by Otti and Giordano?," The focus of the paper by Otti and Giordano is ""On the stability of gated graph neural networks.""",doc_6_113,What are the main topics discussed in the paper by Otti and Giordano?,What is the primary subject matter of the paper by Otti and Giordano?,What is the central theme of the research presented in the paper by Otti and Giordano?
Which conference did Khan et al. present their work on graph policy gradients for large scale robot control?, A. Khan et al. presented their work on graph policy gradients for large scale robot control at the Conference on Robot Learning in 2020.,doc_6_113,Which conference did Khan et al. present their work at?,What was the topic of Khan et al.'s presentation?,What was the scale of robot control discussed by Khan et al.?
Which year was the paper 'Multi-agent reinforcement learning: An overview' published?, The paper 'Multi-agent reinforcement learning: An overview' was published in 2010.,doc_6_115,What is the title of the paper?,Who are the authors of the paper?,In which journal or conference was the paper published?
What is the title of the paper by O. Vinyals et al. that discusses a new challenge for reinforcement learning?," ""Starcraft ii: A new challenge for reinforcement learning""",doc_6_115,What is the title of the paper by O. Vinyals et al.?,Which challenge for reinforcement learning does this paper discuss?,Is this challenge new?
What is the title of the paper by D. Hajinezhad?," ""A review of cooperative multi-agent deep reinforcement learning""",doc_6_116,What is the title of the paper?,Who is the author of the paper?,Is the author's name D. Hajinezhad?
"In which journal was the paper by L. Matignon, G. J. Laurent, and N. Le Fort-Piat published?"," The paper by L. Matignon, G. J. Laurent, and N. Le Fort-Piat was published in ""The Knowledge Engineering Review"".",doc_6_116,Who are the authors of the paper?,What is the title of the paper?,In which year was the paper published?
What is the main focus of the paper by P. Abbeel et al.?," The main focus of the paper by P. Abbeel et al. is on ""Soft actor-critic algorithms and applications.""",doc_6_117,What are the key topics discussed in the paper by P. Abbeel et al.?,What is the primary objective of the research presented in this paper?,How does the paper contribute to its field of study?
Which conference did the paper by C. Yu et al. appear in?," The paper by C. Yu et al. appeared in ""Advances in Neural Information Processing Systems"".",doc_6_117,What is the title of the paper by C. Yu et al.?,Who are the authors of the paper?,In which year did the conference take place?
"What is the title of the paper by Bettini, Prorok, and Moens?"," The title of the paper by Bettini, Prorok, and Moens is ""BenchMARL: Benchmarking multi-agent reinforcement learning"".",doc_6_118,What is the title of the paper?,Who are the authors of the paper?,Which names are mentioned as authors?
In which conference was the paper by Kuba et al. presented?, The paper by Kuba et al. was presented at the International Conference on Learning Representations in 2021.,doc_6_118,What is the title of the paper by Kuba et al.?,Who are the authors of the paper presented at the conference?,Which conference did Kuba et al. present their paper at?
"What is the title of the paper by Wang, Xie, and Atanasov published in 2022?"," ""DARL1N: Distributed multi-agent reinforcement learning with one-hop neighbors""",doc_6_119,What is the title of the paper?,Who are the authors of the paper?,In which year was the paper published?
In which conference was the paper 'Interpretability for conditional co-ordinated behavior in multi-agent reinforcement learning' presented?, The paper 'Interpretability for conditional co-ordinated behavior in multi-agent reinforcement learning' was presented at the IEEE International Joint Conference on Neural Networks.,doc_6_119,In which conference was the paper 'Interpretability for conditional co-ordinated behavior in multi-agent reinforcement learning' presented?,What is the title of the paper?,What is the topic of the paper?
"What is the title of the paper by Hu, Fu, and Wen?"," ""Graph soft actor-critic reinforcement learning for large-scale distributed multirobot coordination""",doc_6_120,What is the title of the paper?,Who are the authors of the paper?,What are their last names?
In which conference was the paper by Zhao and Liu presented?," The paper by P. Zhao and Y. Liu was presented in ""IEEE Transactions on Intelligent Transportation Systems"".",doc_6_120,Who are the authors of the paper?,What is the title of the paper?,In which year was the paper presented?
What is the primary scientific driver mentioned for the next generation of ground-based telescopes?, Direct imaging of Earth-like exoplanets.,doc_7_0,What are the scientific drivers mentioned for the next generation of ground-based telescopes?,Which driver is considered primary among those mentioned?,How does this primary driver influence the design and objectives of these telescopes?
Which institutions are associated with the authors of this paper?," The authors are affiliated with LUT University, European Southern Observatory, University of Helsinki, ETH Zurich, DOTA, ONERA, Aix Marseille Univ, CNRS, CNES, LAM, and Aalto University.",doc_7_0,Which authors are associated with this paper?,What institutions are mentioned in the paper?,Are there any affiliations listed for the authors?
What is the primary challenge mentioned in detecting Earth-like exoplanets?, The primary challenge in detecting Earth-like exoplanets is their small angular separation from host stars.,doc_7_1,What are the challenges in detecting exoplanets?,Which exoplanets are considered Earth-like?,Why is it important to detect Earth-like exoplanets?
How can model-based reinforcement learning (MBRL) improve adaptive optics control?, Model-based reinforcement learning (MBRL) can improve adaptive optics control by coping with both temporal and misregistration errors.,doc_7_1,How does MBRL handle the complex dynamics of adaptive optics?,What specific aspects of control can MBRL improve in adaptive optics?,Are there any challenges or limitations of applying MBRL to adaptive optics control?
What is the name of the RL method implemented and adapted to the GHOST test bench?, The RL method implemented and adapted to the GHOST test bench is called Policy Optimization for AO (PO4AO).,doc_7_2,What RL method was implemented?,What was the test bench used for this implementation?,How was the RL method adapted to the GHOST test bench?
How much additional latency does the new implementation on GHOST introduce?, The new implementation on GHOST introduces around 700 µs of additional latency.,doc_7_2,What is the latency of the new implementation on GHOST?,What is the latency of the old implementation on GHOST?,How do these two latencies compare?
What are the key sources of latency discussed in the paper?," The paper discusses hardware, pipeline, and Python interface latency.",doc_7_3,What are the primary sources of latency mentioned in the paper?,Are there any secondary or tertiary causes of latency discussed?,How do these sources impact overall performance according to the paper?
Which hyperparameters of the method are mentioned as important and how do they affect the method?, The important hyperparameters of the method and how they affect it are discussed in the document.,doc_7_3,Which hyperparameters of the method are mentioned as important?,How do these hyperparameters affect the performance of the method?,Are there any interactions or dependencies between these hyperparameters?
What is the primary limiting factor in achieving high sensitivity when directly imaging exoplanets close to their host star?, The primary limiting factor in achieving high sensitivity when directly imaging exoplanets close to their host star is the performance of the XAO system.,doc_7_4,What are the factors that limit sensitivity when directly imaging exoplanets?,How does proximity to the host star affect these factors?,Which of these factors is primary in achieving high sensitivity?
"According to the text, what are the main performance limitations of a well-tuned adaptive optics system controlled with a common integrator controller in HCI?", The main performance limitations of a well-tuned adaptive optics system controlled with a common integrator controller in HCI are photon noise and temporal error.,doc_7_4,What are the main performance limitations of a well-tuned adaptive optics system in HCI?,"According to the text, what are the limitations of an adaptive optics system controlled with a common integrator controller in HCI?",What are the main performance limitations of a well-tuned adaptive optics system controlled with a common integrator controller?
What are the two ways mentioned to mitigate the adverse effect of the temporal delay error for HCI?, Increasing the operating frequency of the AO system or implementing predictive control.,doc_7_5,What are the ways mentioned to mitigate the adverse effect of temporal delay error?,How many ways are mentioned to mitigate the adverse effect of temporal delay error?,What is the domain of HCI?
"How can the acceleration of the AO system be accomplished, according to the text?"," The acceleration of the AO system can be accomplished by adding a second stage downstream from a classical first-stage AO system. This second-stage system observes the residual from the first-stage AO system and operates independently, employing DMs that can handle fast AO loops.",doc_7_5,What methods are suggested for accelerating the AO system?,How does the text describe the process of increasing the speed of the AO system?,Are there any specific techniques mentioned in the text for enhancing the AO system's acceleration?
What is the expected enhancement provided by SPHERE+?, SPHERE+ is expected to provide a considerable enhancement in raw point-spread function (PSF) contrast close to the star.,doc_7_6,What are the specific enhancements offered by SPHERE+?,How do these enhancements compare to previous versions or competitors?,What is the expected impact of these enhancements on performance and usability?
What are the two strategies mentioned for improving AO performance?, The two strategies mentioned for improving AO performance are upgrading hardware like SPHERE to SPHERE+ and using predictive control algorithms.,doc_7_6,What is the first strategy mentioned for improving AO performance?,What is the second strategy mentioned for improving AO performance?,Are there any additional strategies mentioned for improving AO performance?
"What is the main advantage of implementing fully data-driven control, such as PO4AO?", One main advantage of implementing fully data-driven control like PO4AO is that it continuously learns a system model from the data rather than relying on static calibration or synthetic models. This approach makes it less affected by pseudo-open-loop reconstruction errors such as misregistration or optical gain effects.,doc_7_7,What are the advantages of implementing fully data-driven control?,How does PO4AO exemplify fully data-driven control?,What is the main advantage of using PO4AO in particular?
What are the two contributions presented in the paper?, The paper presents a laboratory demonstration of a data-driven predictive control algorithm called PO4AO and an open-source Python-based implementation of it.,doc_7_7,What is the first contribution presented in the paper?,What is the second contribution presented in the paper?,Are there any other contributions mentioned in the paper?
What is the purpose of Section 7.1 mentioned in the text?, The purpose of Section 7.1 is to detail the testing of PO4AO's performance and robustness in a laboratory setup under various conditions.,doc_7_8,What topic does Section 7.1 cover?,Why is this section included in the text?,How does Section 7.1 contribute to the overall theme of the text?
Where can the codes used in this paper be found?, The codes used in this paper are available on our GitHub repository [https://github.com/jnousi/PO4AO.git].,doc_7_8,What repository contains the codes?,Is there a link to access the codes?,Are the codes publicly available?
"What is the potential of NNs for predictive control, especially in AO systems with a high number of degrees of freedom and noisy conditions?", Neural networks show potential for predictive control in AO systems with a high number of degrees of freedom and noisy conditions.,doc_7_10,What are the potential benefits of NNs for predictive control in AO systems?,How do NNs perform in AO systems with a high number of degrees of freedom?,Can NNs effectively handle noisy conditions in AO systems?
How does PO4AO differ from other RL methods in AO literature?," PO4AO uses model-based RL instead of model-free RL, which differs from other RL methods in AO literature.",doc_7_10,What are the key features of PO4AO?,How do other RL methods in AO literature compare to each other?,In what specific ways does PO4AO differ from these other RL methods?
What is the purpose of the transformation matrix Bm mentioned in the text?, The transformation matrix Bm maps DM actuator voltages to the first m modal coefficients.,doc_7_12,What is the transformation matrix Bm?,Why is it called a 'transformation' matrix?,What purpose does it serve in the context mentioned?
"How does the number of modes m affect the stability and resolution of the reconstruction, according to the text?", The number of modes m affects stability and resolution such that a smaller m increases stability but decreases resolution.,doc_7_12,"How does the number of modes m affect the stability of the reconstruction, according to the text?","How does the number of modes m affect the resolution of the reconstruction, according to the text?","What is the relationship between the number of modes m and both the stability and resolution of the reconstruction, according to the text?"
What is the purpose of introducing a leakage term l in the DM commands?, The purpose of introducing a leakage term l in the DM commands is to remove modes outside the control radius and increase robustness.,doc_7_13,What does the term 'leakage' refer to in this context?,How is the leakage term l introduced in DM commands?,What purpose does the introduction of the leakage term serve?
How does the leaky integrator obtain the new control voltages ˜vt at time step t?," The leaky integrator obtains the new control voltages ˜vt at time step t from ˜vt = l˜vt−1 + gCm∆wt, where g is the integrator gain and l is the leakage term.",doc_7_13,What is the process by which the leaky integrator updates control voltages?,How does the leaky integrator calculate new control voltages at each time step?,What factors influence the calculation of ˜vt in the leaky integrator?
What is the difference between the full state of the system and the observed WFS data in the context of AO control?," In AO control, instead of observing the full state of the system (like exact DM shape and atmosphere profile), we only observe WFS data that represents partial information.",doc_7_14,What is the full state of the system in AO control?,What are the observed WFS data in AO control?,How do these two differ in the context of AO control?
Why is it necessary to expand the state space to include a history of WFS measurements and DM control voltages?," It is necessary to expand the state space to include a history of WFS measurements and DM control voltages because we treat the AO control loop as a Markov decision process, where optimal decisions should consider past observations. This expansion ensures approximately Markovian statistics and allows us to take optimal decisions directly from the previous state formulation.",doc_7_14,Why include a history of WFS measurements?,Why include a history of DM control voltages?,What is the necessity to expand the state space?
What is the structure of the neural networks used for both the policy and dynamics model?, Both neural networks are Fully Convolutional NN with three layers.,doc_7_18,What is the structure of the neural networks used for the policy model?,What is the structure of the neural networks used for the dynamics model?,How are the neural networks structured for both the policy and dynamics models?
What is the purpose of the warm-up phase in the method described?," The warm-up phase in the method described involves collecting an initial dataset by injecting random control signals into the system, followed by training the neural network models. This phase aims to provide rough estimates of the policy and dynamics NN, thereby stabilizing the subsequent training process.",doc_7_18,What does the warm-up phase prepare for?,How long is the warm-up phase in relation to other phases?,What specific activities or steps are included in the warm-up phase?
What is the purpose of the warm-up phase in the training procedure?," The warm-up phase in the training procedure aims to ensure rough estimates of policy and dynamic NN models, thereby stabilizing the training process at the beginning.",doc_7_19,What role does the warm-up phase play in training?,How does the warm-up phase contribute to the overall training procedure?,Why is a warm-up phase necessary in the training process?
Which phases are run in parallel during the iterative process described?, Phases one and two are run in parallel.,doc_7_19,Which phases are involved in the iterative process?,What does it mean for phases to run in parallel?,How are these phases managed during the iterations?
What is the role of ω in the parametrization of the ensemble?, ω represents the weights and biases of the networks in the ensemble.,doc_7_20,What does ω represent in the context of ensemble parametrization?,How is ω used to define the parameters of the ensemble?,What impact does ω have on the overall behavior of the ensemble?
"How is the policy mapping πθ constructed, and what are the components of this construction?"," The policy mapping πθ is constructed as a fully CNN followed by a modal filter layer, i.e., πθ(st) = PmFθ(st), where Pm is the projection map and Fθ is a fully CNN with output vectorized.",doc_7_20,How is the policy mapping πθ constructed?,What are the components of this construction?,What does each component represent in the policy mapping πθ?
What is the objective of Step 3 in the process described?, The objective of Step 3 is to find policy parameters that maximize expected reward within a predefined time horizon using the dynamics model.,doc_7_21,What is Step 3 in the process?,What does Step 3 involve?,Why is Step 3 important?
Which algorithm is used to optimize the parameters in Step 2?, The Adam algorithm,doc_7_21,Which step involves parameter optimization?,What is the purpose of optimizing parameters in this context?,What are the possible algorithms that could be used for parameter optimization?
What is the purpose of reducing σ in step 7?, The purpose of reducing σ in step 7 is to gradually decrease the noise in the control process.,doc_7_22,What does σ represent in this context?,Why is reducing σ important in step 7?,How does reducing σ affect the outcome of step 7?
How are the policy and dynamics model parameters initialized according to Algorithm 1?," According to Algorithm 1, policy and dynamics model parameters are initialized randomly.",doc_7_22,How are the policy parameters initialized according to Algorithm 1?,How are the dynamics model parameters initialized according to Algorithm 1?,What is the process of initializing both policy and dynamics model parameters according to Algorithm 1?
What is the purpose of reducing σ in the given algorithm?, Reducing σ in the given algorithm helps to gradually decrease the noise level in the data recording process.,doc_7_23,What does σ represent in the given algorithm?,How is σ reduced in the given algorithm?,What are the implications of reducing σ on the output or performance of the given algorithm?
"How many frames are typically included in an episode, as mentioned in section 6.1?", The episode length (T in the pseudo codes) is typically 500 frames.,doc_7_23,What is the typical number of frames in an episode?,Where is this information mentioned?,Is there a specific range or average mentioned for the frames?
What is the frequency on which the policy NN is updated?, The policy NN is updated after each episode.,doc_7_24,What is the policy NN?,What does it mean to update a policy NN?,How often is the update performed?
How many frames are in an episode on GHOST 11?, The episode length (T in the pseudo codes) is 500 frames on GHOST 11.,doc_7_24,How many frames are in an episode?,What is GHOST 11?,Is there a standard number of frames per episode on GHOST 11?
What is the maximum speed at which PO4AO can adapt to changing conditions?, The episode length determines the maximum speed at which PO4AO can adapt to changing conditions.,doc_7_25,What factors influence PO4AO's adaptation speed?,Under what conditions does PO4AO adapt most efficiently?,Are there any limitations to PO4AO's maximum adaptation speed?
How many episodes are run with the noisy integrator if the warm-up length is 20?, The first 20 episodes are run with the noisy integrator.,doc_7_25,How many episodes are run in total?,What is the warm-up length used?,Is the noisy integrator being used?
What percentage of the full range of the DM was used initially?, We use 1% of the full range of the DM.,doc_7_26,What is the full range of the DM?,What was used initially?,What percentage does this represent?
How many episodes were used for warm-up?, 20 episodes,doc_7_26,How many episodes were used?,What was the purpose of warm-up?,Were any episodes excluded from warm-up?
What is the size of the replay buffer used for training?, The replay buffer size used for training is 20 episodes.,doc_7_27,What type of buffer is used for training?,How is the size determined for the replay buffer?,Is there a specific range or value for the size of the replay buffer?
How many gradient steps are taken during optimization of the policy after warm-up?, 150 gradient steps,doc_7_27,How many gradient steps are taken?,During which phase of optimization are these steps taken?,What is the duration or number of iterations for this phase?
"What is the purpose of the warm-up phase in training, and how can it be avoided?", The warm-up phase in training can be avoided by using a pre-trained model or by doing the warm-up training in parallel to warm-up control.,doc_7_28,What is the purpose of the warm-up phase in training?,Is it possible to avoid the warm-up phase in training?,"If so, how can it be avoided?"
How does the suspension of the loop after the warm-up phase affect the implementation of the training procedure?, The suspension of the loop after the warm-up phase allows for a separate first training procedure on the warm-up data before closing the loop with policy and starting parallel training.,doc_7_28,How does suspending the loop after the warm-up phase impact training efficiency?,What are the potential benefits of suspending the loop during the implementation of the training procedure?,Are there any drawbacks to suspending the loop after the warm-up phase in the context of training procedures?
What is the recommended maximum duration for the training procedure relative to an episode length of 1.4 seconds?, The recommended maximum duration for the training procedure relative to an episode length of 1.4 seconds is also 1.4 seconds.,doc_7_29,What is the recommended maximum duration for the training procedure?,How does this relate to an episode length of 1.4 seconds?,Are there any specific guidelines for adjusting the training duration based on episode length?
How are data points selected for calculating a single gradient step during training?," Data points are randomly sampled from the dataset (i.e., Replay buffer or warm-up buffer) to calculate a single gradient step during training.",doc_7_29,What are the criteria for selecting data points?,How many data points are typically used in a single gradient step?,What is the process of calculating a single gradient step during training?
What are the advantages of using a long history horizon compared to a short one?," A long history horizon can effectively average measurement noise and predict low-order vibrations, but it increases computational burden and complicates training.",doc_7_30,What are the specific benefits of using a long history horizon?,How does a long history horizon compare to a short one in terms of performance?,In what scenarios is a long history horizon more advantageous than a short one?
How does the choice of the number of history frames affect the computational burden and training process?, A longer history horizon increases computational burden and complicates training due to more free parameters.,doc_7_30,How does the choice of the number of history frames affect computational burden?,How does the choice of the number of history frames affect the training process?,What is the relationship between the number of history frames and both computational burden and training process?
"What is the typical choice of the planning horizon, H, based on the expected time delay of the system?"," The planning horizon, H, is typically 1-2 frames longer than the expected time delay of the system.",doc_7_31,"What factors influence the choice of planning horizon, H?","How does the expected time delay of the system affect the planning horizon, H?","Are there typical ranges or values for the planning horizon, H, based on different expected time delays?"
How many episodes are usually saved in the warm-up buffer?," The warm-up buffer size is usually set to the length of the warm-up phase, that is, in this case, 20 episodes.",doc_7_31,What is the warm-up buffer?,How many episodes are typically used for training?,What is the purpose of saving episodes in a buffer?
What is the purpose of adding relatively large Gaussian noise to the actions in the warmup buffer data?," The purpose of adding relatively large Gaussian noise to the actions in the warmup buffer data is to remind the policy of ""bad"" actions and prevent it from forgetting about actions outside the good control regime.",doc_7_32,What are the effects of adding relatively large Gaussian noise to actions in the warmup buffer data?,How does the addition of relatively large Gaussian noise impact the performance of the model during training?,Why is it important to include a warmup buffer with noisy actions in the training process?
How does the length of the replay buffer affect the method's ability to adapt to changing conditions?, The length of the replay buffer affects the method's ability to adapt to changing conditions. A short replay buffer will react quickly to changes but may overfit during training.,doc_7_32,How does a short replay buffer affect the method's ability to adapt?,How does a long replay buffer affect the method's ability to adapt?,What is the optimal length of the replay buffer for adaptation?
"What is the length of the replay buffer used for testing, and why was this length chosen?", The replay buffer length for testing was 20 episodes.,doc_7_33,What is the length of the replay buffer used for testing?,Why was this length chosen for the replay buffer?,How does the chosen length of the replay buffer impact testing?
Which specific conditions were explored in the experiments with PO4AO on GHOST?," The experiments explored the impact of temporal delay, robustness at low S/N, ability to cope with misregistration, and the effect of history length on performance.",doc_7_33,What were the specific conditions explored?,Which experiments with PO4AO were conducted on GHOST?,What were the outcomes of these experiments?
What is the purpose of the GHOST laboratory AO system?," The purpose of the GHOST laboratory AO system is to evaluate new adaptive optics control techniques, specifically predictive control, for the ELT Planetary Camera and Spectrograph (PCS).",doc_7_34,What does the AO system in the GHOST laboratory do?,How does the AO system contribute to the purpose of the GHOST laboratory?,What specific functions does the AO system perform in the GHOST laboratory?
Which parameter was adjusted in the PO4AO compared to the integrator?, The gain was adjusted in the integrator.,doc_7_34,What was adjusted in the PO4AO?,What parameter was changed?,How does this compare to the integrator?
What is the diameter of the Lyot mask used in the classical Lyot coronagraph?, The diameter of the Lyot mask used in the classical Lyot coronagraph is 4 λ/D.,doc_7_35,What is the purpose of the Lyot mask in the classical Lyot coronagraph?,How does the Lyot mask contribute to the functionality of the classical Lyot coronagraph?,What are the typical dimensions or characteristics of the Lyot mask used in this context?
What is the intensity of the brightest satellite spot relative to the central PSF with the Lyot mask removed?, The brightest satellite spot is about 8e-4 of the intensity of the central PSF with the Lyot mask removed.,doc_7_35,What is the intensity of the brightest satellite spot?,What is the intensity of the central PSF with the Lyot mask removed?,How does the intensity of the brightest satellite spot compare to the intensity of the central PSF with the Lyot mask removed?
What are the two threads in the Python script that runs the PO4AO called?, The two threads in the Python script that runs the PO4AO are called the control thread and the training thread.,doc_7_38,What is the Python script called?,What are the threads in the Python script?,How many threads run the PO4AO?
Which part of the system writes the 'delta volts' to the shared memory buffer?, The control thread writes the 'delta volts' to the shared memory buffer.,doc_7_38,Which part of the system writes to the shared memory buffer?,What are 'delta volts' in this context?,How is the data written to the shared memory buffer?
What is the role of the shared memory buffer in the PO4AO algorithm?," The shared memory buffer in the PO4AO algorithm interfaces with the COSMIC pipeline, allowing it to read and write delta voltages.",doc_7_39,What does the shared memory buffer store in the PO4AO algorithm?,How is the shared memory buffer accessed or modified in the PO4AO algorithm?,Why is a shared memory buffer used in the PO4AO algorithm?
How are the delta voltages used by the policy NN to determine the action?, The policy NN uses the new delta voltages and the memory of past delta voltages and actions to determine the action.,doc_7_39,What are the delta voltages in this context?,How does the policy NN receive or calculate these delta voltages?,What is the process by which the policy NN uses these delta voltages to determine an action?
What is the size of the deformable mirror (DM) used in the simulation?, The DM used in the simulation is 41x41.,doc_7_40,What type of deformable mirror is used in the simulation?,What are the dimensions of the deformable mirror?,Is there any specific model or brand mentioned for the deformable mirror?
How many layers of atmospheric turbulence were simulated?, Nine layers of atmospheric turbulence were simulated.,doc_7_40,How many layers were simulated?,What type of atmospheric phenomenon was simulated?,Were the simulations specific to any particular region or global?
What is the Fried parameter of the simulated system?, The Fried parameter of the simulated system is 15 cm at 550 nm wavelength.,doc_7_41,What are the parameters of the simulated system?,How is the Fried parameter defined in this context?,Has the Fried parameter been calculated or measured for this system?
How many actuators are used across the pupil in the first-stage simulation?, 41 actuators are used across the pupil in the first-stage simulation.,doc_7_41,How many actuators are used in the first-stage simulation?,What is the distribution of actuators across the pupil in the first-stage simulation?,Are there any specific patterns or arrangements of actuators used across the pupil in the first-stage simulation?
What is the sampling frequency of the WFS camera in real-time?, The sampling frequency of the WFS camera in real-time is 350 Hz.,doc_7_42,What is the sampling frequency of the WFS camera?,Is the sampling frequency in real-time?,"If not, what is the difference between the real-time and recorded sampling frequencies?"
How many layers are used to model the atmosphere in this setup?, Nine layers are used to model the atmosphere in this setup.,doc_7_42,How many layers are used in the model?,What is the purpose of each layer in the model?,Are there any additional components or parameters included in the model besides the layers?
What is the total delay experienced by the GHOST system when operating at a frame rate of 350 Hz?, The total delay experienced by the GHOST system when operating at a frame rate of 350 Hz is around 1.3 frames.,doc_7_43,What is the delay experienced by the GHOST system per frame at a frame rate of 350 Hz?,How many frames are processed in one second at a frame rate of 350 Hz?,What is the total delay experienced by the GHOST system when operating at this frame rate?
How many extra frames should be added to the GHOST system to replicate the scenario encountered in systems like SPHERE?, An extra frame should be added to the GHOST system.,doc_7_43,What are the characteristics of the scenario encountered in systems like SPHERE?,How many frames does the GHOST system currently have?,What is the frame rate or frequency at which the GHOST system operates?
What is the total delay experienced by the SPHERE system when operating at its maximum frame rate?, The total delay experienced by the SPHERE system when operating at its maximum frame rate is approximately 2.4 frames.,doc_7_44,What is the maximum frame rate of the SPHERE system?,What are the individual delays experienced by the SPHERE system when operating at its maximum frame rate?,How do these individual delays sum up to form the total delay?
How does the total delay change when the system is run at a slower speed compared to the maximum frame rate?," When the SPHERE camera operates at its maximum frame rate (around 1380 Hz), the total delay is approximately 2.4 frames. If run at a slower speed where the readout time is less than one frame, the total delay is reduced accordingly.",doc_7_44,What is the total delay at the maximum frame rate?,What is the total delay when the system is run at a slower speed?,How do these two delays compare?
What is the range of additional frames of delay used in the test runs?, The range of additional frames of delay used in the test runs is 0 to 21.,doc_7_45,What are the additional frames of delay used in the test runs?,What is the minimum value of these additional frames of delay?,What is the maximum value of these additional frames of delay?
How are the performance comparisons between PO4AO and the integrator made?, Performance comparisons between PO4AO and the integrator are made by comparing their reward (residual variance of WFS measurements) and science camera images.,doc_7_45,What metrics are used to compare performance between PO4AO and the integrator?,How is data collected for these comparisons?,What methodologies are employed in the comparison process?
What is the standard deviation of camera counts/frame mentioned in the text?, The standard deviation of camera counts/frame mentioned in the text is 214.,doc_7_46,What are the camera counts/frame mentioned in the text?,Are there any statistics provided for the camera counts/frame?,"If statistics are provided, what is the measure of dispersion used?"
After how many episodes does the PO4AO performance converge?, The PO4AO performance converges at around 80 episodes.,doc_7_46,What is the PO4AO performance trend over episodes?,How does the PO4AO performance change after each episode?,At what point does the PO4AO performance stabilize?
What is the observed improvement factor in contrast for the PO4AO system compared to the open-loop PSF contrast?," The observed improvement factor in contrast for the PO4AO system compared to the open-loop PSF contrast is 1.5 - 3, depending on angular separation and time delay.",doc_7_47,What is the observed improvement factor in contrast for the PO4AO system?,What is the open-loop PSF contrast?,How does the PO4AO system compare to the open-loop PSF contrast?
What was the flux level used in the time-delay experiment with the internal light source?, The flux level used in the time-delay experiment with the internal light source was 187k.,doc_7_47,What was the flux level?,What experiment was conducted with the internal light source?,Was time delay involved in the experiment?
What is the typical overall delay mentioned in the experiment?, The typical overall delay is slightly over two frames.,doc_7_48,What is the typical overall delay?,What is mentioned in the experiment regarding delay?,Is there any specific mention of a typical overall delay in the experiment?
How many episodes were run for the low flux experiment?, The low flux experiment ran for 140 episodes.,doc_7_48,What was the flux level for the experiment?,Which experiment is being referred to as 'low flux'?,How many episodes were run in total?
What is the typical overall delay introduced by the algorithm?, The typical overall delay introduced by the algorithm is slightly over two frames.,doc_7_49,What are the key factors that contribute to the overall delay?,How does the algorithm's complexity affect this delay?,Are there any optimizations or variations of the algorithm that reduce this delay?
How does PO4AO affect the photon flux inside the control radius?, PO4AO reduces the photon flux inside the control radius.,doc_7_49,How does PO4AO influence the intensity of photons within the control radius?,What is the effect of PO4AO on the distribution of photon flux inside the control radius?,Does PO4AO alter the directionality or scattering of photons within the control radius?
What was the control delay set to for this test?, The control delay was set to one extra frame.,doc_7_50,What was the delay set to?,Was there a control in this test?,What type of delay was used for the control?
How did the rewards change compared to the original wind profile due to the malfunctioning SLM?, The rewards were lower due to the slower simulated wind profile caused by the malfunctioning SLM.,doc_7_50,How did the rewards change due to the malfunctioning SLM?,What was the original wind profile?,How does the changed wind profile compare to the original?
What is the correction area of the numerically simulated 1st-stage DM?, The correction area of the numerically simulated 1st-stage DM is around 18 λ/D.,doc_7_52,What are the numerical simulations of the 1st-stage DM?,What is meant by 'correction area' in this context?,How does one determine the correction area from these simulations?
"Which method, integrator or PO4AO, provides better contrast inside the 2nd-stage control radius for all time delays?", PO4AO provides better contrast inside the 2nd-stage control radius for all time delays.,doc_7_52,Which method provides better contrast inside the 2nd-stage control radius?,How does integrator compare to PO4AO in terms of contrast within the 2nd-stage control radius for all time delays?,What are the differences in performance between integrator and PO4AO within the specified region and time delays?
What is the cause of the increase in PSD towards the Nyquist limit?, The PSD increases towards the Nyquist limit due to the intersampling signal of the 1st stage.,doc_7_53,What factors contribute to the increase in PSD?,How does the Nyquist limit relate to this increase?,Are there specific mechanisms causing this phenomenon?
How does the number of history frames used by PO4AO affect the dampening of the vibration spike at 16Hz?," The number of history frames used by PO4AO affects the dampening of the vibration spike at 16Hz; with 128 history frames, the spike is dampened, while with fewer frames (4, 32, or 64), it is not fully dampened.",doc_7_53,How does increasing the number of history frames affect the dampening of the vibration spike at 16Hz?,What is the impact of decreasing the number of history frames on the dampening of the vibration spike at 16Hz?,At what point does changing the number of history frames no longer significantly affect the dampening of the vibration spike at 16Hz?
What is the effect of increasing the number of history frames on dampening the spike in PO4AO?, Increasing the number of history frames dampens the spike in PO4AO more effectively.,doc_7_54,How does increasing the number of history frames affect the spike in PO4AO?,What is the relationship between the number of history frames and dampening the spike in PO4AO?,In what ways does increasing the number of history frames influence the dampening of the spike in PO4AO?
How does the system's performance change with different degrees of misregistration?, The system's performance degrades with increasing degrees of misregistration.,doc_7_54,How does the system's performance change with slight misregistration?,How does the system's performance change with moderate misregistration?,How does the system's performance change with severe misregistration?
"What is the relationship between history length and cumulative reward after each episode, as shown in Fig 9?"," The longer the history length, the better the cumulative reward after each episode.",doc_7_55,What is the history length in Fig 9?,What is the cumulative reward after each episode in Fig 9?,How do they relate to each other?
"How does the temporal PSD of mode #1 (tip) change with different history lengths, according to Fig 10?"," According to Fig 10, as history length increases from 4 to 128, the temporal PSD of mode #1 (tip) decreases.",doc_7_55,"How does the temporal PSD of mode #1 change with short history lengths, according to Fig 10?","How does the temporal PSD of mode #1 change with medium history lengths, according to Fig 10?","How does the temporal PSD of mode #1 change with long history lengths, according to Fig 10?"
What is the percentage shift of the DM actuator spacing when the mirror is shifted by 40 µm?, The DM actuator spacing shifts by 40% when the mirror is shifted by 40 µm.,doc_7_56,What is the initial spacing of the DM actuator?,What is the final spacing of the DM actuator after the mirror shift?,How does the percentage change in spacing relate to the 40 µm mirror shift?
How does PO4AO perform compared to the re-calibrated integrator in terms of stability and performance?," PO4AO maintains stability and performance with dynamic misregistration, while the integrator becomes unstable. However, PO4AO initially shows some instability but recovers automatically.",doc_7_56,How does PO4AO perform in terms of stability?,How does the re-calibrated integrator perform in terms of stability?,How do PO4AO and the re-calibrated integrator compare in terms of performance?
What is the most significant amount of time spent on during the CNN forward pass?, The most significant amount of time spent during the CNN forward pass is 500 µs.,doc_7_59,What are the primary operations performed during a CNN forward pass?,Which of these operations is the most time-consuming?,Why is this operation the most significant in terms of time spent?
How much time is spent on image-to-vector modifications?, The remaining ≈200 µs is spent on image-to-vector modifications.,doc_7_59,What are the image-to-vector modifications?,How often do these modifications occur?,What is the duration of each modification process?
What is the jitter std. for CNN 32?, The jitter std. for CNN 32 is 73 µs.,doc_7_60,What is the jitter for CNN 32?,What does std. mean in this context?,Is there a specific method used to calculate the jitter std. for CNN 32?
How much faster is the integrator compared to CNN 64?, The integrator is around 500 µs faster than CNN 64.,doc_7_60,What is the speed of the integrator?,What is the speed of CNN 64?,How do these speeds compare?
How does the integrator's performance compare to the loop latency when using a longer state history?, The integrator's performance is around 500 µs faster than loop latency when using a longer state history.,doc_7_61,How does the integrator's performance change with a longer state history?,What is the effect of loop latency on the system when using a longer state history?,How do the integrator's performance and loop latency compare to each other in this scenario?
What is the impact of adding more telemetry frames on the training time and episode length?, The training time increases when more telemetry frames are added.,doc_7_61,What is the impact of adding more telemetry frames on training time?,How does adding more telemetry frames affect episode length?,What are the combined effects of increased telemetry frames on both training time and episode length?
What are the critical error terms that reinforcement learning is shown to mitigate in XAO control?," Reinforcement learning mitigates critical error terms in XAO control such as misregistration, photon noise, and temporal error.",doc_7_62,What are the critical error terms in XAO control?,How does reinforcement learning mitigate these error terms?,What specific aspects of reinforcement learning are shown to be effective in this mitigation?
"How does PO4AO adapt to changing conditions, and what factors can affect its performance?"," PO4AO adapts to changing conditions like noise level, misregistration, and wind profile automatically. Its performance can be affected by the choice of hyperparameters, with tuning required for optimal results.",doc_7_62,How does PO4AO adapt to changing conditions?,What factors can affect PO4AO's performance?,How do these factors impact PO4AO's adaptation to changing conditions?
What is the maximum number of KL modes that the integrator was stable to?, The integrator was stable to approximately 350 KL modes.,doc_7_63,What are KL modes?,How does the integrator work?,What is the maximum number of modes the integrator can handle?
How many GPUs are required for the open-source implementation of PO4AO?, The open-source implementation of PO4AO requires a minimum of two GPUs.,doc_7_63,What is the open-source implementation of PO4AO?,How many GPUs are typically used in similar implementations?,Are there any specific hardware requirements for running PO4AO?
What is the primary memory bottleneck for bigger neural network structures according to the text?, The primary memory bottleneck for bigger neural network structures is the training GPU RAM.,doc_7_64,What are the primary memory bottlenecks mentioned in the text?,How do these bottlenecks affect bigger neural network structures?,Which specific aspects of bigger neural networks are most impacted by these bottlenecks?
Which technique mentioned in the text can improve data processing by handling control voltage images instead of vectors?, Streamlining the pipeline to handle control voltage images instead of vectors can improve data processing.,doc_7_64,Which technique mentioned in the text handles control voltage images?,How does this technique improve data processing?,What is the difference between handling control voltage images and vectors?
What is the expected improvement in latency after optimizing the code?," Once optimized, we expect significant gains in latency.",doc_7_65,What is the current latency of the code?,What are the specific optimizations being applied to the code?,How will these optimizations reduce the latency?
Which file contains the main function that starts the warm-up phase and training procedure?, The main function that starts the warm-up phase and training procedure is in po4ao.py.,doc_7_65,Which file contains the main function?,What starts the warm-up phase?,What starts the training procedure?
What is the purpose of the step-function mentioned in the text?, The step-function interfaces Python code to the RTC pipeline and is specific to that pipeline.,doc_7_66,What does the step-function do?,Why is it mentioned in the text?,How does it contribute to the overall purpose?
Which file contains the NN models and utility functions as described?, The file po4ao_models.py contains the NN models: the policy and the dynamics.,doc_7_66,Which file contains the NN models?,Which file contains the utility functions?,Are these described in the same file?
What is the purpose of setting the parameter 'integrator' to True in the PO4AO method?," Setting 'integrator' to True in the PO4AO method runs it in integrator mode, where data collection and model training occur, but control is managed by an integrator controller.",doc_7_67,What does the parameter 'integrator' control in the PO4AO method?,Why is it important to set parameters like 'integrator' in numerical methods?,How does setting 'integrator' to True affect the output of the PO4AO method?
How do the 'leakages' and 'number of modes' parameters affect the internal integrator controller of PO4AO?, The 'leakages' and 'number of modes' parameters set the leakages and degrees of freedom (DoF) of the internal integrator controller in PO4AO.,doc_7_67,How does the 'leakages' parameter affect the internal integrator controller of PO4AO?,How does the 'number of modes' parameter affect the internal integrator controller of PO4AO?,What is the interaction between the 'leakages' and 'number of modes' parameters in affecting the internal integrator controller of PO4AO?
What is the architecture of the neural network models used for the Policy and dynamics NNs?," The architecture of the Policy and dynamics NNs are generic 3-layer fully convolutional without any up- or down-sampling, sharing the same structure except for the output layer.",doc_7_68,What are the architecture details of the Policy NN?,What are the architecture details of the dynamics NN?,How do these architectures differ or relate to each other?
What is the purpose of the control delay parameter in the code?," The control delay parameter sets an additional control delay on top of natural loop latency, deciding how many frames a control signal is suspended. It's used to test behavior under different time delays and should be set to zero for real systems.",doc_7_68,What does the control delay parameter represent in the code?,How is the control delay parameter used within the code?,Why might the control delay parameter be necessary for the code's functionality?
Which organizations provided financial support for the work of J.N. and T.H.?," The work of J.N. and T.H. was supported by the Academy of Finland (decisions 326961, 345720, and 353094) and an ETH Zurich Research Grant.",doc_7_69,Which organizations supported J.N.?,Which organizations supported T.H.?,What financial support did these organizations provide?
Where can the codes used in this paper be found?, The codes used in this paper are available on GitHub repository [https://github.com/jnousi/PO4AO.git].,doc_7_69,What platform hosts the codes?,Is there a link provided in the paper?,Are the codes available on an external repository?
What is the URL of the GitHub repository where the codes used in this paper are available?, The codes used in this paper are available on GitHub repository https://github.com/jnousi/PO4AO.git,doc_7_70,What paper are you referring to?,Which codes used in the paper are you interested in?,Where can I find the GitHub repository for these codes?
Which journal published the paper by C. Marois et al. titled 'Images of a fourth planet orbiting hr 8799'?, The paper by C. Marois et al. titled 'Images of a fourth planet orbiting hr 8799' was published in Nature.,doc_7_70,Which journal published the paper by C. Marois et al.?,What is the title of the paper by C. Marois et al.?,Who are the authors of the paper titled 'Images of a fourth planet orbiting hr 8799'?
"What is the title of the paper by J. Nousiainen, C. Rajani, M. Kasper, et al., published in Optics Express?"," ""Adaptive optics control using model-based reinforcement learning""",doc_7_73,What is the title of the paper?,Who are the authors of the paper?,In which journal was the paper published?
In which year was the paper 'Linear quadratic gaussian control of a deformable mirror adaptive optics system with time-delayed measurements' by R. N. Paschall and D. J. Anderson published?, The paper 'Linear quadratic gaussian control of a deformable mirror adaptive optics system with time-delayed measurements' by R. N. Paschall and D. J. Anderson was published in 1993.,doc_7_73,What is the title of the paper by R. N. Paschall and D. J. Anderson?,Who are the authors of the paper 'Linear quadratic gaussian control of a deformable mirror adaptive optics system with time-delayed measurements'?,In which year was the paper published?
"What is the primary focus of the paper by Dessenne, Madec, and Rousset in 1998?"," The primary focus of the paper by Dessenne, Madec, and Rousset in 1998 is on optimizing a predictive controller for closed-loop adaptive optics.",doc_7_76,What are the main topics discussed in the paper?,Who are the authors of the paper?,In which year was the paper published?
"How does the presence of non-stationary turbulence affect the performance of AO predictive control, as discussed in the 2017 and 2019 papers by van Kooten et al.?"," The presence of non-stationary turbulence can degrade the performance of AO predictive control by introducing errors in wavefront prediction, as discussed in van Kooten et al.'s 2017 and 2019 papers.",doc_7_76,"How does non-stationary turbulence impact the performance of AO predictive control, as discussed in the 2017 paper by van Kooten et al.?","What are the effects of non-stationary turbulence on AO predictive control, according to the 2019 paper by van Kooten et al.?",How do the findings from the 2017 and 2019 papers by van Kooten et al. compare regarding the influence of non-stationary turbulence on AO predictive control performance?
"What is the title of the paper by F. Archinuk, R. Hafeez, S. Fabbro, et al., and what journal did it appear in?"," ""Mitigating the non-linearities in a pyramid wavefront sensor,"" arXiv preprint arXiv:2305.09805 (2023).",doc_7_79,"What is the title of the paper by F. Archinuk, R. Hafeez, S. Fabbro, et al.?",Who are the authors of the paper?,In which journal did the paper appear?
"Which authors developed a deep learning wavefront sensing method for Shack-Hartmann sensors with sparse sub-apertures, and where was this work published?"," Y. He, Z. Liu, Y. Ning, et al., ""Deep learning wavefront sensing method for shack-hartmann sensors with sparse sub-apertures,"" Optics Express 29(11), 17669–17682 (2021).",doc_7_79,Which authors developed a deep learning wavefront sensing method for Shack-Hartmann sensors?,What is the name of the deep learning technique used in this method?,Where was this work published?
What is the name of the journal where the article was published?," ""Journal of Astronomical Telescopes, Instruments, and Systems""",doc_7_82,What article are you referring to?,In which field was the article published?,Who is the author of the article?
Who was the principal investigator of the ELT/EPICS phase-A study?, Markus Kasper,doc_7_82,Who was the principal investigator?,What was the study called?,Which phase of the study was it?
What was the name of the project leader for VLT-SPHERE?, GS,doc_7_83,Who was the project leader for VLT-SPHERE?,What is VLT-SPHERE?,What does SPHERE stand for in VLT-SPHERE?
Which figure shows neural network architectures?, Figure 1 shows neural network architectures.,doc_7_83,Which figure shows neural networks?,Which figure displays architectures?,Which figure combines both neural networks and architectures?
What is the size of the input and output images for the GHOST system?, The input and output images for the GHOST system are 24x24 pixels.,doc_7_84,What is the size of the input images for the GHOST system?,What is the size of the output images for the GHOST system?,Are there any specific dimensions or resolutions required for the input and output images in the GHOST system?
Which component in the pipeline preprocesses the raw WFS data?, The COSMIC pipeline preprocesses the raw WFS data.,doc_7_84,Which component preprocesses the raw data?,What is the role of the pipeline in processing WFS data?,How does the pipeline handle raw WFS data?
"What is the duration of a single episode, as mentioned in the text?", A single episode is 500 frames.,doc_7_85,What is the duration of an episode?,Is the duration mentioned in the text?,How long does a single episode last?
How does the performance of PO4AO compare to that of the integrator after the warm-up period?," After the warm-up period, PO4AO outperforms the integrator.",doc_7_85,How does the performance of PO4AO compare to that of the integrator?,What is the warm-up period for both PO4AO and the integrator?,"After the warm-up period, how do their performances differ?"
What is the difference between the performance of the integrator and PO4AO based on the temporal PSD of mode # 1?," The integrator and PO4AO show different performance in temporal PSD of mode #1, with longer history lengths improving performance for both.",doc_7_87,What is the performance of the integrator based on the temporal PSD of mode # 1?,What is the performance of PO4AO based on the temporal PSD of mode # 1?,How do these performances differ?
How does the cumulative reward change with different history lengths during the warm-up phase?, The cumulative reward improves with longer history lengths during the warm-up phase.,doc_7_87,How does the cumulative reward change with short history lengths during the warm-up phase?,How does the cumulative reward change with medium history lengths during the warm-up phase?,How does the cumulative reward change with long history lengths during the warm-up phase?
What is the difference between the red line and the green line in the context of the experiment?," The red line represents the PO4AO calibrated and pre-trained with centered DM, while the green line is the well-tuned integrator calibrated with DM 120 microns off-axis.",doc_7_88,What are the characteristics of the red line in the context of the experiment?,What are the characteristics of the green line in the context of the experiment?,How do the characteristics of the red line differ from those of the green line in the context of the experiment?
"When was the DM manually shifted, as indicated by the dashed black lines?", The dashed black lines indicate the moment when DM was manually shifted.,doc_7_88,When was the DM manually shifted?,What do the dashed black lines indicate?,How many times was the DM manually shifted?
What is the notable challenge in RLHF mentioned in the text?, The notable challenge in RLHF mentioned is overoptimization.,doc_8_0,What are the notable challenges in RLHF?,Which challenge is mentioned in the text?,Is there more than one notable challenge mentioned?
What does the acronym LoRA stand for in the context of this text?, LoRA stands for low-rank adaptation.,doc_8_0,What does the acronym LoRA stand for?,In what context is this text referring to LoRA?,Can you provide a definition or explanation of LoRA in this context?
What is the proposed method to enhance uncertainty quantification abilities for reward models?," To enhance uncertainty quantification abilities for reward models, we propose a diverse low-rank adaptation (LoRA) ensemble by maximizing the nuclear norm of LoRA matrix concatenations.",doc_8_1,What are the current methods for uncertainty quantification in reward models?,How do these current methods fall short?,What specific enhancements are proposed to address these shortcomings?
How does uncertainty regularization in UP-RLHF contribute to overall performance?, Uncertainty regularization in UP-RLHF mitigates overoptimization and enhances overall performance.,doc_8_1,How does uncertainty regularization impact the learning process in UP-RLHF?,What specific aspects of performance are enhanced by uncertainty regularization in UP-RLHF?,In what ways does uncertainty regularization contribute to the stability and robustness of UP-RLHF?
What are the potential issues that LLMs can produce when trained on vast corpora of internet data?," LLMs trained on vast internet data can produce fabricated facts, biased or toxic text, and even harmful content.",doc_8_2,What are the potential issues that LLMs can produce?,"When trained on vast corpora of internet data, what are the potential issues?",What are the potential issues with training LLMs on vast corpora of internet data?
How does UP-RLHF differ from RLHF according to the text?, UP-RLHF differs from RLHF by training a diverse reward LoRA ensemble in Step 2 and adding uncertainty regularization in Step 3.,doc_8_2,What are the key differences between UP-RLHF and RLHF?,How does UP-RLHF improve upon traditional RLHF methods?,In what specific ways does UP-RLHF differ from RLHF according to the text?
What is the purpose of Step 3 in the RLHF process?," The purpose of Step 3 in the RLHF process is to optimize LLMs as policy models using reinforcement learning algorithms like REINFORCE, A2C, and PPO.",doc_8_3,What does Step 3 involve in the RLHF process?,How does Step 3 contribute to the overall goal of RLHF?,Why is Step 3 necessary in the RLHF process?
"According to the text, what are some of the challenges faced during the RLHF process?"," RM overoptimization (Gao et al., 2023) is a significant challenge in RLHF.",doc_8_3,What are some challenges faced during the reinforcement learning process in RLHF?,How do these challenges impact the overall effectiveness of RLHF?,Are there any specific strategies mentioned to address these challenges?
What is one of the main causes of RM overoptimization according to the text?," The main cause of RM overoptimization is an overconfident RM trained on limited datasets, which wrongly assigns high rewards to out-of-distribution samples.",doc_8_4,What are the main causes of RM overoptimization?,"According to the text, what is one of the main causes of RM overoptimization?",What does the text say about the main causes of RM overoptimization?
Can you provide an example of how LLMs can be misled by an overconfident RM?, LLMs can be misled by an overconfident RM into generating hallucinating information or overly wordy responses.,doc_8_4,What is an example of an LLM?,What does it mean for an RM to be overconfident?,How can an overconfident RM mislead an LLM?
What is the main issue that KL regularization aims to address in RLHF?, KL regularization in RLHF aims to address the overoptimization issue by regulating the output deviation of policy models from the SFT model.,doc_8_5,What is KL regularization?,What is the main issue in RLHF?,How does KL regularization address this issue?
"According to the text, what are some alternative approaches mentioned for mitigating overoptimization besides KL regularization?", Enlarging the parameter or training data size of RM and composite RM in terms of different aspects.,doc_8_5,What are some alternative approaches mentioned for mitigating overoptimization?,"Besides KL regularization, what other methods are mentioned for mitigating overoptimization?","According to the text, what are some additional techniques besides KL regularization for addressing overoptimization?"
What is the purpose of penalizing rewards with estimated uncertainties in UP-RLHF?, The purpose of penalizing rewards with estimated uncertainties in UP-RLHF is to prevent LLMs from outputting high-uncertainty low-quality contents and mitigate overoptimization.,doc_8_7,What are estimated uncertainties in UP-RLHF?,How does penalizing rewards impact the learning process in UP-RLHF?,Why is it important to consider uncertainties when penalizing rewards in UP-RLHF?
How do LoRA ensembles contribute to the training of uncertainty-aware reward models?," LoRA ensembles contribute to training uncertainty-aware reward models by enabling them to quantify uncertainty efficiently. This approach mitigates overoptimization through KL and uncertainty regularization, preventing LLMs from outputting high-uncertainty low-quality content.",doc_8_7,How does LoRA contribute to the training of uncertainty-aware reward models?,What is the role of ensembles in the training process of these models?,How do LoRA ensembles specifically address or incorporate uncertainty in the training of reward models?
What is the purpose of the reward modeling phase in the RLHF pipeline?," The purpose of the reward modeling phase in the RLHF pipeline is to train a model that can predict human preferences using a preference dataset with the form (x, yw, yl), where yw is favored and yl is less favored.",doc_8_8,What does the reward modeling phase involve in the RLHF pipeline?,How is the reward modeling phase implemented in the RLHF pipeline?,Why is the reward modeling phase necessary in the RLHF pipeline?
How does the UP-RLHF method improve performance in terms of gold reward?, The UP-RLHF method improves performance in terms of gold reward by eliminating overoptimization.,doc_8_8,What are the key components of the UP-RLHF method?,How does each component contribute to performance improvement?,What specific aspects of gold reward are enhanced by the UP-RLHF method?
What is the purpose of the KL penalty term β log(πθ(y|x)/πSFT(y|x)) in the given objective function?," The KL penalty term β log(πθ(y|x)/πSFT(y|x)) in the given objective function regulates the deviation from the SFT model, with β controlling its strength.",doc_8_10,What is the purpose of the KL penalty term in the given objective function?,What does β log(πθ(y|x)/πSFT(y|x)) represent in this context?,How does the KL penalty term impact the optimization process?
"How does LoRA update pre-trained models during fine-tuning, as described by equation (3)?"," LoRA updates pre-trained models during fine-tuning by adding low-rank adaptations through up-down projection matrices A and B, as shown in equation (3).",doc_8_10,What does LoRA stand for in the context of fine-tuning pre-trained models?,How is equation (3) used to describe the update process during fine-tuning with LoRA?,What specific changes does LoRA make to pre-trained models during the fine-tuning process?
What is the purpose of the term 'LoRA' mentioned in the text?," LoRA introduces significantly fewer trainable parameters, often less than 1% of the original model size.",doc_8_11,What does 'LoRA' stand for?,In what context is 'LoRA' used in the text?,Why is 'LoRA' mentioned specifically?
How are the matrices A and B initialized during the training process described in the text?," During training initiation, A is initialized with random Gaussian values while B is set to zero.",doc_8_11,How is matrix A initialized during the training process?,How is matrix B initialized during the training process?,What is the described training process in the text?
What is the objective function that maximizes the expected trajectory-wise reward?," The objective function that maximizes the expected trajectory-wise reward is arg max πθ E(x,y)∼ρπθ r(y|x), where ρπθ is the occupancy measure which depends on the policy πθ.",doc_8_12,What is the objective function?,How does it maximize the expected reward?,What is the trajectory-wise context in this scenario?
How does the constraint in Equation 5 ensure that the new policy remains close to the data distribution of the behavior policy?, The constraint in Equation 5 ensures that the new policy remains close to the data distribution of the behavior policy by limiting the KL divergence between the two policies.,doc_8_12,What is the constraint in Equation 5?,How does this constraint relate to the data distribution of the behavior policy?,In what way does this constraint ensure that the new policy remains close to the data distribution?
What is the expression for the optimal policy π⋆(y|x) as derived from the loss function?, The expression for the optimal policy π⋆(y|x) as derived from the loss function is given by π⋆(y|x) = 1 / Z(x) * πD(y|x) * exp(-1/β * (r(y|x))) where Z(x) is the partition function or normalizing constant.,doc_8_13,What is the expression for the optimal policy π*?,How is it derived from the loss function?,What is the dependency of π* on y and x?
"How does minimizing DKL(πθ, π⋆) relate to the objective according to Equation 8?"," Minimizing DKL(πθ, π⋆) relates to the objective according to Equation 8 by coinciding with it.",doc_8_13,"What is the relationship between DKL(πθ, π⋆) and the objective?","How does minimizing DKL(πθ, π⋆) affect the objective?",What role does Equation 8 play in this relationship?
What is the objective function that needs to be maximized according to Equation 9?, The objective function to be maximized according to Equation 9 is arg max πθ Ex∼DEy∼πθ(y|x) [r(y|x)− β log(πθ(y|x)/πD(y|x))].,doc_8_14,What is the objective function?,According to what equation does it need to be maximized?,Which equation is referred to as Equation 9?
Why might the KL penalty in Equation 2 become weaker or even negative during RL training?, The KL penalty in Equation 2 can become weaker or even negative during RL training due to sampling low-quality answers with small generation probabilities. This issue is exacerbated when the reward model wrongly assigns high rewards to these out-of-distribution samples.,doc_8_14,What factors could cause the KL penalty in Equation 2 to weaken during RL training?,Under what conditions might the KL penalty in Equation 2 become negative during RL training?,How does the behavior of the KL penalty in Equation 2 change over the course of RL training?
What is the purpose of introducing the penalty term in equation 9?, The purpose of introducing the penalty term in equation 9 is to prevent overoptimization for out-of-distribution (OOD) low-quality samples by increasing the penalty as the sample becomes more OOD.,doc_8_15,What effect does the penalty term have on the solution of equation 9?,Why is it necessary to include a penalty term in equation 9?,How does the penalty term influence the optimization process described by equation 9?
How does the ensemble approach help in estimating the reward uncertainty u(y|x)?, The ensemble approach helps in estimating reward uncertainty u(y|x) by enhancing the uncertainty of deep learning methods for reward models.,doc_8_15,How does the ensemble approach estimate reward uncertainty?,What is the role of y in estimating u(y|x)?,How does x influence the estimation of u(y|x)?
What is the formulation of the forward pass for LoRA ensembles as described in the text?," The forward pass for LoRA ensembles as described in the text is formulated as zout = 1/N * ∑(W(0)x + ∆Wnzin) = 1/N * ∑(W(0)x + BnAnzin), where ∆Wn are different LoRAs of the ensemble.",doc_8_16,What are the steps involved in the forward pass for LoRA ensembles?,How is the input processed during the forward pass in LoRA ensembles?,What is the output of the forward pass for LoRA ensembles?
Why do LoRA ensembles struggle with uncertainty quantification according to the text?, LoRA ensembles struggle with uncertainty quantification due to a lack of diversity between ensemble members.,doc_8_16,What are LoRA ensembles?,What is uncertainty quantification in this context?,Why do LoRA ensembles struggle with uncertainty quantification?
What is the purpose of using the nuclear norm as an approximation for matrix rank in this context?, The nuclear norm is used as a computationally efficient approximation of matrix rank due to the NP-hard nature of the rank optimization problem.,doc_8_18,Why use the nuclear norm?,How does it approximate matrix rank?,What is its purpose in this context?
How does the diversity regularization term in the loss function help control the value of weights during training?, The diversity regularization term in the loss function helps control the value of weights during training by using the nuclear norm and Frobenius norm to prevent them from becoming too large.,doc_8_18,How does the diversity regularization term affect the weights during training?,What role does the diversity regularization term play in the loss function?,In what ways does the diversity regularization term help control the value of weights?
What is the purpose of using the Frobenius norm of A in training reward models with the diverse LoRA ensemble?, The Frobenius norm of A is used to control the value of weights and prevent them from being too large in training reward models with the diverse LoRA ensemble.,doc_8_19,What is the Frobenius norm of A?,How is the Frobenius norm used in training reward models?,What role does the diverse LoRA ensemble play in this process?
"How does the optimization process for the uncertainty penalized rewards differ from the typical RL objective, as described in the text?", The optimization process for uncertainty penalized rewards differs from the typical RL objective by including an additional penalty term for uncertainty.,doc_8_19,How does the optimization process for uncertainty penalized rewards differ from the typical RL objective?,What are the key differences in the optimization process when considering uncertainty penalized rewards compared to the standard RL approach?,In what ways does the incorporation of uncertainty penalization alter the traditional RL optimization process?
What is the objective function for KL regularization as described in the text?, The objective function for KL regularization as described in the text is: J_KL^θ = −β1*E_x∼DEy∼πθ(y|x)[(log πθ(y|x) − log πSFT(y|x))^2].,doc_8_20,What is the objective function?,What is KL regularization?,How is it described in the text?
How does the uncertainty penalty in UP-RLHF relate to the RLHF pipeline?, The uncertainty penalty in UP-RLHF relates to the RLHF pipeline as a regularization from step 2.,doc_8_20,What is the uncertainty penalty in UP-RLHF?,How does the RLHF pipeline work?,How does the uncertainty penalty fit into the RLHF pipeline?
What are the three primary research questions (RQs) that the authors aim to investigate?," The authors aim to investigate three primary research questions (RQs): RQ1 focuses on how diverse reward LoRA Ensemble improves uncertainty quantification of reward models, RQ2 explores how uncertainty penalization mitigates overoptimization issues, and RQ3 compares UP-RLHF's performance with existing RLHF methods.",doc_8_21,What are the primary research questions?,How many RQs do the authors aim to investigate?,What is the domain of these RQs?
Which datasets and training setups are employed for the summarization task?," For summarization, the ""TL;DR"" dataset by V¨olske et al. (2017) is used.",doc_8_21,Which datasets are employed for the summarization task?,What training setups are used for the summarization task?,How are the datasets and training setups employed for the summarization task?
What dataset is used for the summarization task and what does x represent in this context?," For summarization, the ""TL;DR"" dataset is used where x represents a forum post from Reddit.",doc_8_22,What dataset is used for the summarization task?,What does x represent in this context?,Is there any specific context mentioned for the use of x?
Which models are employed to train the policy model and the reward model for the summarization task?," For summarization, the policy model is OPT-1.3B and the reward model is OPT-350m.",doc_8_22,Which models are employed to train the policy model?,Which models are employed to train the reward model?,What is the summarization task?
What is the proportion of data used for each step of training according to the described method?," 20% for step 1, 40% for step 2, and the remaining 40% for step 3.",doc_8_24,What are the steps of training according to the described method?,How much data is used for each step?,What is the proportion of total data used in each step?
How is the Expected Calibration Error (ECE) defined and calculated in this context?, Expected Calibration Error (ECE) is defined as a metric to assess model miscalibration by comparing assigned probability scores binned into 15 groups with average accuracies within these bins.,doc_8_24,What is the definition of Expected Calibration Error (ECE)?,How is ECE calculated in this context?,What does 'this context' refer to?
What is the value of M used to divide samples into bins for calculating ECE?, M = 15,doc_8_25,What does ECE stand for in this context?,Why is M used to divide samples into bins for calculating ECE?,How many bins are typically created using M?
Which reward models are established and what datasets are they trained on?, Reward models established include OPT-330M on TL;DR and Llama2-7B on Anthropic Helpful dataset.,doc_8_25,Which reward models are established?,What datasets are they trained on?,Are there any specific datasets associated with these reward models?
What is the best-performing training method for reward modeling on the OPT-330M dataset in terms of ECE?, Diverse LoRA Ensemble,doc_8_26,What are the training methods for reward modeling on the OPT-330M dataset?,How do these training methods perform in terms of ECE?,Which of these methods performs best?
How does the performance of the Llama2-7B model with LoRA Ensemble compare to Full FT in terms of accuracy?, The Llama2-7B model with LoRA Ensemble has an accuracy of 0.710 compared to Full FT's 0.685.,doc_8_26,How does the Llama2-7B model with LoRA Ensemble perform in terms of accuracy?,How does Full FT perform in terms of accuracy?,How do the performances of the Llama2-7B model with LoRA Ensemble and Full FT compare to each other?
What metric is used to measure the degree of policy optimization in Figure 3?, KL divergence,doc_8_27,What metric is used?,In what figure is it measured?,For what purpose is the optimization degree being measured?
How does the uncertainty provided by the reward LoRA ensemble compare to that of the diverse reward LoRA ensemble as shown in Figure 3?," The uncertainty provided by the reward LoRA ensemble grows rapidly, making it difficult to distinguish between high gold rewards and over-optimized samples. In contrast, the diverse reward LoRA ensemble provides gradually increased uncertainty, indicating better OOD detection capabilities.",doc_8_27,How does the uncertainty provided by the reward LoRA ensemble compare to that of the diverse reward LoRA ensemble?,What are the key differences in the uncertainties shown in Figure 3 between the two ensembles?,Are there any specific aspects or metrics where one ensemble's uncertainty is significantly different from the other?
How does incorporating uncertainty penalties into rewards affect the overoptimization issue during the optimization process?, Incorporating uncertainty penalties into rewards helps control sample uncertainty within a reasonable range and eliminates overoptimization during the optimization process.,doc_8_28,How does incorporating uncertainty penalties affect the optimization process?,What is the impact of uncertainty penalties on overoptimization during the optimization process?,How do rewards with uncertainty penalties compare to standard rewards in addressing the overoptimization issue?
What impact does uncertainty regularization have on the exploration of OOD output by the policy model?, Uncertainty regularization can limit the exploration of OOD output by the policy model.,doc_8_28,How does uncertainty regularization affect the policy model's exploration of OOD output?,What specific aspects of the policy model's exploration are influenced by uncertainty regularization when dealing with OOD output?,In what ways does uncertainty regularization enhance or hinder the policy model's ability to explore OOD output?
What is the impact of additional uncertainty regularization on the exploration of policy models in this context?," Additional uncertainty regularization may restrict the exploration of policy models, corresponding to the exploration-exploitation dilemma in RL.",doc_8_29,What are the effects of additional uncertainty regularization on policy models?,How does this impact the exploration of these models?,In what context is this analysis being conducted?
How does UP-RLHF compare to existing RLHF methods in terms of gold performance in both summarization and question-answering tasks?, UP-RLHF outperforms existing RLHF methods in both summarization and question-answering tasks based on gold performance.,doc_8_29,How does UP-RLHF perform in summarization tasks compared to existing RLHF methods?,How does UP-RLHF perform in question-answering tasks compared to existing RLHF methods?,What is the gold performance of UP-RLHF and existing RLHF methods in both summarization and question-answering tasks?
What is the percentage of parameters fine-tuned by UP-RLHF for OPT-350M and Llama2-7B compared to RLHF?," UP-RLHF fine-tunes 4.53% of parameters for OPT-350M and 1.25% for Llama2-7B, compared to RLHF's full fine-tuning.",doc_8_30,What is the percentage of parameters fine-tuned by UP-RLHF for OPT-350M?,What is the percentage of parameters fine-tuned by UP-RLHF for Llama2-7B?,How does this percentage compare to RLHF?
"How does the performance of UP-RLHF compare to RLHF in terms of KL divergence cost, particularly in the summarization task?", UP-RLHF outperforms RLHF in summarization tasks with less KL divergence cost.,doc_8_30,How does the performance of UP-RLHF compare to RLHF in terms of KL divergence cost?,What is the impact of using UP-RLHF on KL divergence cost in the summarization task?,How do the differences in performance between UP-RLHF and RLHF manifest specifically in the summarization task?
"What are the advantages of using reward models in RLHF, as mentioned in the text?", Reward models in RLHF show robustness against overfitting and better handle out-of-preference samples compared to methods like DPO.,doc_8_32,What are the advantages of using reward models in RLHF?,How do reward models enhance the training process in RLHF?,What specific benefits does the text mention about using reward models in RLHF?
How does DPO differ from reward-model-based RLHF methods in handling out-of-preference samples?," DPO directly optimizes the policy towards human preferences, while reward-model-based RLHF methods use a proxy to mitigate out-of-preference samples.",doc_8_32,How does DPO handle out-of-preference samples?,How do reward-model-based RLHF methods handle out-of-preference samples?,What are the differences between DPO and reward-model-based RLHF methods in handling out-of-preference samples?
How is uncertainty typically utilized in offline RL?, Uncertainty in offline RL is typically utilized to control prediction errors caused by imperfect dynamics models.,doc_8_34,What are the common methods for incorporating uncertainty in offline RL?,How does uncertainty affect the learning process in offline RL?,What specific challenges arise from utilizing uncertainty in offline RL?
What method do the authors propose to penalize rewards for conservative policy optimization?, The authors propose to penalize rewards with model uncertainty for conservative policy optimization.,doc_8_34,What method do the authors propose?,How does this method penalize rewards?,For what purpose is this method used in conservative policy optimization?
What is the proposed method to diversify reward ensembles?," To diversify reward ensembles, Eisenstein et al. (2023) propose using different seeds in the pre-training phase, while we suggest training diverse LoRA ensembles with NNM for reward modeling, which is more cost-effective and parameter-efficient.",doc_8_35,What are the methods proposed for diversifying reward ensembles?,How does the proposed method aim to increase diversity in reward ensembles?,What is the expected outcome of applying the proposed method to reward ensembles?
How does the text relate KL and uncertainty regularization?, The document mentions that the authors analyze the relations between KL and uncertainty regularization.,doc_8_35,What is the relationship between KL and uncertainty?,How does regularization relate to KL?,How do KL and uncertainty regularization interact?
What is the main challenge of fine-tuning LLMs for ensembles mentioned in the text?, Fine-tuning LLMs for ensembles lacks diversity and is too expensive to scale up.,doc_8_36,What are the challenges of fine-tuning LLMs?,What is mentioned in the text about fine-tuning LLMs for ensembles?,What is the main challenge among those mentioned?
What specific regularization technique does the author propose to encourage diversity between ensemble members?, The author proposes a diversity regularization to encourage diversity between ensemble members.,doc_8_36,What regularization technique does the author propose?,How does this technique encourage diversity between ensemble members?,What specific aspect of the technique promotes this diversity?
"What role does uncertainty regularization play in addressing the overoptimization challenge in the alignment of LLMs, according to the text?", Uncertainty regularization plays a pivotal role in effectively addressing the overoptimization challenge in the alignment of LLMs by leveraging reward uncertainty.,doc_8_37,What role does uncertainty regularization play in addressing the overoptimization challenge?,How does uncertainty regularization help in the alignment of LLMs?,"According to the text, what is the significance of uncertainty regularization in addressing the overoptimization challenge in the alignment of LLMs?"
What is the limitation mentioned regarding the computation of the nuclear norm for concatenated LoRA matrices in the proposed framework?, The limitation mentioned is that the computation of the nuclear norm for concatenated LoRA matrices introduces additional time overhead.,doc_8_37,What limitation is mentioned regarding the computation of the nuclear norm?,How does this limitation apply to concatenated LoRA matrices in the proposed framework?,What specific aspect of the computation process is affected by this limitation?
What is the potential issue with uncertainty regularization mentioned in the text?," Uncertainty regularization may exhibit over-conservatism, particularly in cases involving near-distribution high-quality outputs.",doc_8_38,What is uncertainty regularization?,What potential issue is mentioned in the text regarding uncertainty regularization?,How does this potential issue impact the use of uncertainty regularization?
"According to the text, what is suggested as a future direction for refining the framework’s performance?", Exploring methods to balance KL and uncertainty regularization for specific samples could further refine the framework's performance.,doc_8_38,What are the future directions suggested for refining the framework’s performance?,"According to the text, what is one future direction for improving the framework’s performance?",How does the text suggest refining the framework’s performance in the future?
What is the main topic of the paper by Peng et al.?," The main topic of the paper by Peng et al. is ""Advantage-weighted regression: Simple and scalable off-policy reinforcement learning.""",doc_8_47,What is the title of the paper by Peng et al.?,Who are the authors of the paper?,What is the main subject matter discussed in the paper?
Which conference did the paper by Perez et al. appear in?, The paper by Perez et al. appeared in the Proceedings of the 2022 Conference on Empirical Methods in Natural Language Processing.,doc_8_47,Which paper did Perez et al. publish?,Who are the authors of the paper?,In which conference was the paper presented?
What is the title of the paper presented by Schulman et al. in 2015?, Trust region policy optimization,doc_8_48,Who presented the paper?,When was the paper presented?,What is the title of the paper?
Which conference did Snell et al. present their work on 'Offline rl for natural language generation with implicit language q learning'?, Snell et al. presented their work at The Eleventh International Conference on Learning Representations in 2023.,doc_8_48,Which conference did Snell et al. present their work?,What was the title of Snell et al.'s work?,Who presented the work on 'Offline rl for natural language generation with implicit language q learning'?
What are the two types of LLMs mentioned in the text?," The two types of LLMs mentioned are small-scale encoder-only (e.g., RoBERTa) and larger decoder-based models.",doc_9_0,What are the types of LLMs?,How many types of LLMs are mentioned in the text?,What does LLM stand for?
Why can interpreting TTPs in the MITRE ATT&CK framework be challenging for cybersecurity practitioners?, Interpreting TTPs in the MITRE ATT&CK framework can be challenging for cybersecurity practitioners due to presumed expertise and complex dependencies.,doc_9_0,What are the specific challenges in interpreting TTPs?,How does the MITRE ATT&CK framework contribute to these challenges?,Why might cybersecurity practitioners struggle with this interpretation?
What are the two types of LLMs mentioned in the text and how are they used to comprehend and summarize TTPs?," The two types of LLMs mentioned are small-scale encoder-only (e.g., RoBERTa) and larger decoder-only (e.g., GPT-3.5). They are used to comprehend and summarize TTPs with techniques like SFT for encoder-only models and RAG for decoder-only models, enhancing LLMs with relevant contexts for each cyberattack procedure.",doc_9_1,What are the two types of LLMs mentioned in the text?,How are LLMs used to comprehend TTPs?,How are LLMs used to summarize TTPs?
How do the performance metrics 'Precision' and 'Recall' differ between the decoder-only LLMs with RAG and encoder-only models with SFT?," Decoder-only LLMs with RAG have better performance but may suffer from low 'Precision' while achieving high 'Recall', unlike encoder-only models with SFT.",doc_9_1,How does 'Precision' differ between decoder-only LLMs with RAG and encoder-only models with SFT?,How does 'Recall' differ between decoder-only LLMs with RAG and encoder-only models with SFT?,What are the performance metrics 'Precision' and 'Recall' in the context of decoder-only LLMs with RAG and encoder-only models with SFT?
What are the three tactics associated with DLL search order hijacking according to the ATT&CK framework?," The ATT&CK framework associates 'Privilege Escalation', 'Defense Evasion', and 'Persistence' with DLL search order hijacking.",doc_9_3,What are the tactics associated with DLL search order hijacking according to the ATT&CK framework?,How many tactics are associated with DLL search order hijacking according to the ATT&CK framework?,What is the specific order of the tactics associated with DLL search order hijacking according to the ATT&CK framework?
Why might some analysts argue that the description is more aligned with the ‘Execution’ tactic?, Some analysts might argue that the description is more aligned with the ‘Execution’ tactic because the adversary tries to execute its malicious payload.,doc_9_3,What are the key characteristics of the 'Execution' tactic?,How does the description align with these characteristics?,Why might analysts emphasize this alignment?
What specific tactic does the text mention as being used by an adversary to execute its malicious payload?, The 'Execution' tactic,doc_9_4,What tactic is used by the adversary?,What does the text mention as being used by an adversary?,How does the adversary execute its malicious payload?
Which type of LLM is compared in the text for processing TTPs?," The document compares encoder-only LLMs (e.g., RoBERTa) and decoder-only LLMs for processing TTPs.",doc_9_4,Which types of LLMs are mentioned in the text?,What is TTPs in this context?,How are these LLMs compared?
What is the main difference between encoder-only LLMs and decoder-only LLMs mentioned in the text?," Encoder-only LLMs like RoBERTa excel in sequence classification by generating contextual representations, while decoder-only models like GPT-3.5 are better at generating coherent, contextually relevant text.",doc_9_5,What are encoder-only LLMs?,What are decoder-only LLMs?,What is the main difference between them?
"According to the text, what is one major problem of decoder-only LLMs?", One major problem of decoder-only LLMs is their tendency to hallucinate.,doc_9_5,What are the major problems of decoder-only LLMs?,"According to the text, what is one problem of decoder-only LLMs?",What does the text say about the issues of decoder-only LLMs?
What are the four sets of approaches examined to interpret cyberattack procedures?," The four sets of approaches examined are direct use of d-LLMs (GPT-3.5), SFT of e-LLMs with ATT&CK descriptions, RAG on d-LLMs, and analysis of d-LLM capabilities with specific vs. generic prompts.",doc_9_7,What are the first two sets of approaches examined to interpret cyberattack procedures?,What is the third set of approaches examined to interpret cyberattack procedures?,What is the fourth set of approaches examined to interpret cyberattack procedures?
Which LLM architectures are compared in terms of their benefits and limitations for interpreting TTP descriptions?," The document compares GPT-3.5 and combinations of RoBERTa and SecureBERT with ATT&CK descriptions using SFT and RAG, assessing their effectiveness in interpreting cyberattack procedures.",doc_9_7,Which LLM architectures are compared?,What are the benefits of these LLM architectures for interpreting TTP descriptions?,What are the limitations of these LLM architectures for interpreting TTP descriptions?
What is the main advantage of using RAG-enhanced larger d-LLMs for interpreting TTPs compared to smaller e-LLMs?, The main advantage of using RAG-enhanced larger d-LLMs for interpreting TTPs compared to smaller e-LLMs is that they achieve superior performance when directly relevant information is extracted via RAG.,doc_9_8,What are RAG-enhanced larger d-LLMs?,What are smaller e-LLMs?,How do RAG-enhanced larger d-LLMs compare to smaller e-LLMs for interpreting TTPs?
How do generic prompts differ in their response quality compared to specific prompts when used with d-LLMs?, The document states that generic prompts provide more informative and accurate responses than specific prompts when used with d-LLMs.,doc_9_8,How do generic prompts affect response quality with d-LLMs?,How do specific prompts affect response quality with d-LLMs?,What are the differences in response quality between generic and specific prompts when used with d-LLMs?
What is the primary reason for the advancements in Large Language Models?, The primary reason for advancements in Large Language Models is the adoption of the Transformer architecture.,doc_9_9,What are the primary factors driving advancements in Large Language Models?,How have these factors contributed to the development of Large Language Models?,Which of these factors is considered the most significant for the advancements in Large Language Models?
Which model is specifically fine-tuned with cybersecurity data?, SecureBERT,doc_9_9,Which model is fine-tuned?,What data is used for fine-tuning?,Is the data related to cybersecurity?
"What are the leading examples of decoder-only models, and what are their proficiencies?"," The leading examples of decoder-only models are OpenAI’s GPT-3.5 and Meta’s LLAMA-2, both proficient in generating human-like text and recognizing intricate patterns across various fields.",doc_9_10,What are the leading examples of decoder-only models?,What are their proficiencies in natural language generation?,How do these models perform in tasks that require understanding context?
"How have NLP techniques been used in processing TTP descriptions, and which recent works have utilized e-LLMs for this purpose?"," NLP techniques have been used in processing TTP descriptions by works such as Sauerwein & Pfohl (2022), Husari et al. (2017), and Kim et al. (2022). Recently, e-LLMs like BERT have been utilized for this purpose.",doc_9_10,How have NLP techniques been used in processing TTP descriptions?,Which recent works have utilized e-LLMs for this purpose?,What are the specific NLP techniques and e-LLM models mentioned in these recent works?
What limitation do these models have that is critical in fields requiring high precision?," These models are prone to hallucination and rely on pre-trained knowledge, which can be outdated.",doc_9_13,What are the limitations of these models?,How do these limitations affect fields requiring high precision?,Which specific aspects of these models are critical in fields requiring high precision?
How does RAG ensure responses are both current and contextually grounded without constant fine-tuning?," RAG uses a vector database to store current information and selects relevant data upon receiving a query to enrich the LLM's prompt, ensuring responses are both current and contextually grounded without constant fine-tuning.",doc_9_13,How does RAG ensure responses are current?,How does RAG ensure responses are contextually grounded?,Why doesn't RAG require constant fine-tuning?
What are the four methods compared in this study to assess how well LLMs interpret cyberattack procedure descriptions?," The four methods compared are supervised fine-tuning of e-LLMs with labeled ATT&CK technique/sub-technique descriptions, direct use of d-LLMs, use of RAG for d-LLMs with relevant URLs retrieved by finding the most similar attack procedures, and analysis of d-LLM capabilities using a specific vs. generic prompt.",doc_9_14,What are the methods compared in this study?,How many methods are compared in this study?,What is the domain of the descriptions assessed by these methods?
Why is it challenging to map procedure descriptions into ATT&CK tactic(s) according to the text?," It's challenging because there are no publicly available datasets that map procedure descriptions into ATT&CK tactic(s), and each procedure can map to multiple tactics.",doc_9_14,What are the challenges in understanding procedure descriptions?,How do ATT&CK tactics relate to procedure descriptions?,Why is it difficult to map procedure descriptions directly into ATT&CK tactic(s)?
What is the total number of descriptions obtained from the MITRE ATT&CK framework?, The total number of descriptions obtained from the MITRE ATT&CK framework is 639.,doc_9_15,What are the descriptions in the MITRE ATT&CK framework?,How many types of descriptions are there in the MITRE ATT&CK framework?,Are all descriptions in the MITRE ATT&CK framework counted?
Why are d-LLMs not fine-tuned in this experiment?, d-LLMs are not fine-tuned in this experiment because RAG is used for retrieving relevant information from them.,doc_9_15,Why are d-LLMs not used in this experiment?,What is the purpose of fine-tuning d-LLMs?,How does the absence of fine-tuning affect the results?
What is the total number of procedure descriptions gathered?," In total, we gathered 9,532 procedure descriptions.",doc_9_17,How many procedure descriptions were gathered in total?,What is the count of all procedure descriptions collected?,What is the sum of all procedure descriptions obtained?
Which tactics have higher overlaps with others according to Figure 1?," 'Persistence', 'Privilege- Escalation' and 'Defense-Evasion' tactics have higher overlaps with others.",doc_9_17,Which tactics have overlaps?,What are the higher overlaps according to Figure 1?,How do these tactics compare in terms of overlap?
What models are used for fine-tuning with ATT&CK descriptions?, The SecureBERT and RoBERTa models are used for fine-tuning with ATT&CK descriptions.,doc_9_18,What are the models used for fine-tuning?,How do ATT&CK descriptions relate to these models?,Which specific features of ATT&CK descriptions are utilized in fine-tuning?
"How many nodes does the classification layer have, and what do they correspond to?"," The classification layer has 14 nodes, each corresponding to an ATT&CK tactic.",doc_9_18,How many nodes does the classification layer have?,What do the nodes in the classification layer correspond to?,Are there any specific types of nodes within the classification layer?
What is the purpose of using a Sigmoid activation function in this context?, The Sigmoid activation function is used to calculate the independent probability of each ATT&CK tactic for a given description.,doc_9_19,What does the Sigmoid activation function do?,Why is it used in this context?,What is its purpose compared to other activation functions?
Which loss function was employed and why?, Binary cross-entropy,doc_9_19,Which loss function was used?,What type of loss function was it?,Why was this particular loss function chosen?
What is the value of the temperature parameter set to ensure reproducibility in the GPT-3.5-turbo-1106 model?," To ensure reproducibility in the GPT-3.5-turbo-1106 model, the temperature parameter is set to '0' and a seed number (1106) is used.",doc_9_20,What is the temperature parameter in the GPT-3.5-turbo-1106 model?,Why is reproducibility important in this context?,How does setting a specific value for the temperature parameter ensure reproducibility?
Which hyperparameter values were tested and selected for SFT of RoBERTa and SecureBERT?," The hyperparameters tested and selected for SFT of RoBERTa and SecureBERT include optimizer AdamW, loss function BCE, activation function Sigmoid, batch size [8, 16], epochs [25, 30, 35], and learning rate [1e-5, 2e-5, 5e-5, 7e-7].",doc_9_20,Which hyperparameter values were tested for SFT of RoBERTa?,Which hyperparameter values were selected for SFT of RoBERTa?,Which hyperparameter values were tested and selected for SecureBERT?
What is the purpose of using FAISS Meta in the described process?, FAISS Meta is used to find top-3 similar procedures in a dataset for each tested procedure.,doc_9_21,What is FAISS Meta?,How does FAISS Meta fit into the described process?,What specific purpose does it serve in that process?
How many similar procedures are used to find relevant ATT&CK procedures for each tested procedure?, 3 similar procedures,doc_9_21,How many similar procedures are used?,What relevant ATT&CK procedures are found for each tested procedure?,Are the same or different procedures used to find relevant ATT&CK procedures?
What is the maximum number of URLs that RAG can use to retrieve chunks for context?, The maximum number of URLs that RAG can use to retrieve chunks for context is 3.,doc_9_22,What is the maximum number of URLs that RAG can use?,How many chunks can RAG retrieve for context?,What is the relationship between the number of URLs and the retrieved chunks for context in RAG?
"How many characters are in each chunk, and what is the overlap between consecutive chunks?"," Each chunk contains 8,000 characters with an overlap of 500 characters between consecutive chunks.",doc_9_22,How many characters are in each chunk?,What is the overlap between consecutive chunks?,Are there any constraints on the size of the chunks or the amount of overlap?
What tactics can a cyber adversary achieve with this technique according to the MITRE ATT&CK framework?, Persistence,doc_9_23,What are the tactics a cyber adversary can achieve with this technique?,"According to the MITRE ATT&CK framework, what are the possible techniques for achieving these tactics?",How does the MITRE ATT&CK framework categorize these tactics and techniques?
How does the variation in text length among URLs influence the performance of RAG?, The variation in text length among URLs may influence RAG's performance due to differences in the amount of relevant information available.,doc_9_23,How does the length of text in URLs affect RAG's retrieval accuracy?,What impact does varying text length have on RAG's generation performance?,Does the variation in text length among URLs introduce any biases in RAG's output?
What metric is used to evaluate the performance of the LLMs?, This work considers the ‘Samples Average F1’ score.,doc_9_24,What metrics are commonly used?,How is the performance of LLMs measured?,Which metric is most effective for evaluating LLM performance?
How does the variation in URL text content influence the performance of RAG?, The variation in URL text content may influence RAG's performance.,doc_9_24,How does the content of URL text impact RAG's retrieval accuracy?,What effect does variation in URL length have on RAG performance?,"Does the format of URL text (e.g., descriptive vs. non-descriptive) affect RAG's efficiency?"
"What is the reason for using the Samples Average F1 Score instead of Micro, Macro, and Weighted average scores?", The Samples Average F1 Score reduces the impact of an imbalanced number of procedures across tactics or over-emphasis of procedures with multiple labels.,doc_9_25,"What are the Micro, Macro, and Weighted average scores?",How does the Samples Average F1 Score differ from these averages?,Why is the Samples Average F1 Score preferred in certain contexts?
What are the Samples Average F1 scores obtained for SecureBERT and RoBERTa?," The Samples Average F1 scores obtained for SecureBERT and RoBERTa are 0.54 and 0.41, respectively.",doc_9_25,What are the Samples Average F1 scores obtained for SecureBERT?,What are the Samples Average F1 scores obtained for RoBERTa?,How do the Samples Average F1 scores of SecureBERT compare to those of RoBERTa?
What were the Samples Average F1 scores for SecureBERT and RoBERTa?, The Samples Average F1 scores were 0.54 for SecureBERT and 0.41 for RoBERTa.,doc_9_26,What was the Average F1 score for SecureBERT?,What was the Average F1 score for RoBERTa?,What were the Samples Average F1 scores?
In how many tactics did GPT-3.5 achieve a F1 score higher than '0.50'?," In 4 out of 14 tactics, GPT-3.5 achieved a F1 score higher than '0.50'.",doc_9_26,In which tactics did GPT-3.5 achieve an F1 score higher than '0.50'?,How many of these tactics were there?,What was the highest F1 score achieved in any tactic?
What was the Samples Avg. F1 score achieved by T&CK tactics in comparison to SecureBERT-SFT?," T&CK tactics achieved a Samples Avg. F1 score of '0.60', which was higher than SecureBERT-SFT.",doc_9_27,What was the Samples Avg. F1 score achieved by T&CK tactics?,What was the Samples Avg. F1 score achieved by SecureBERT-SFT?,How do these scores compare to each other?
How many tactics out of 14 had an F1 score higher than '0.90' when using RAG with the exact URL?, 11 out of 14 tactics had an F1 score higher than '0.90' when using RAG with the exact URL.,doc_9_27,How many tactics had an F1 score higher than '0.90' when using RAG with the exact URL?,What is the total number of tactics considered?,What was the highest F1 score achieved among these tactics?
What is the estimated potential deviation in performance measure if analogous terms were thoroughly extracted from d-LLM responses?, The estimated potential deviation in performance measure if analogous terms were thoroughly extracted from d-LLM responses is about 1%.,doc_9_28,What are the analogous terms in d-LLM responses?,How thoroughly can these terms be extracted from d-LLM responses?,What is the estimated potential deviation in performance measure if these terms were removed?
"According to Table 2, what is the F1 Score for 'Defense Evasion' tactic when using the RAG w/ Relevant Procedures method with the GPT-3.5 model?", The F1 Score for 'Defense Evasion' tactic using RAG w/ Relevant Procedures with GPT-3.5 model is 0.69.,doc_9_28,What is the F1 Score for 'Defense Evasion' tactic in Table 2?,Which method is used to achieve this score: RAG w/ Relevant Procedures or another method?,Is the GPT-3.5 model used in conjunction with this method?
What is the average F1 score for the RAG with Relevant Procedures model across all categories?, The average F1 score for RAG with Relevant Procedures across all categories is 0.68.,doc_9_29,What are the categories for the RAG with Relevant Procedures model?,How is the F1 score calculated for the RAG with Relevant Procedures model?,What is the average calculation method used for the F1 scores across all categories?
How many procedures are there in the sub-group with no top-3 URL matches to the exact URL for d-LLM with RAG?, There are 2669 procedures in the sub-group with no top-3 URL matches to the exact URL for d-LLM with RAG.,doc_9_29,How many procedures are there in the sub-group?,What is the number of top-3 URL matches to the exact URL for d-LLM with RAG?,Are there any procedures in the sub-group with no top-3 URL matches to the exact URL for d-LLM with RAG?
How do e-LLMs and d-LLMs differ in their performance regarding 'Precision' and 'Recall'?," E-LLMs perform better in 'Precision' than 'Recall', while d-LLMs perform better in 'Recall' than 'Precision'.",doc_9_30,How does the precision of e-LLMs compare to that of d-LLMs?,What is the recall difference between e-LLMs and d-LLMs?,"Are there any specific scenarios where e-LLMs outperform d-LLMs in terms of precision and recall, or vice versa?"
What does the separation of procedures into two sub-groups based on URL matches aim to achieve?," The separation aims to analyze how RAG performs with and without exact URLs, comparing e-LLMs and d-LLMs.",doc_9_30,What are the two sub-groups based on URL matches?,Why is it important to separate procedures into these sub-groups?,What specific goals does this separation aim to achieve?
What is the effect of providing additional ‘distracting’ context (RAG) on the F1 score compared to relying solely on the model’s pre-trained knowledge?, The F1 score is lower when the LLM is provided with additional ‘distracting’ context (RAG) compared to relying solely on its pre-trained knowledge.,doc_9_33,What is the F1 score when relying solely on the model’s pre-trained knowledge?,What is the F1 score when additional ‘distracting’ context (RAG) is provided?,How does providing additional ‘distracting’ context (RAG) affect the F1 score compared to relying solely on the model’s pre-trained knowledge?
Why might fine-tuning 'large' d-LLMs be computationally demanding and not feasible for cybersecurity practitioners?, Fine-tuning 'large' d-LLMs is computationally demanding and not feasible for cybersecurity practitioners due to resource constraints.,doc_9_33,Why might fine-tuning 'large' d-LLMs be computationally demanding?,What challenges do cybersecurity practitioners face in using 'large' d-LLMs?,Why might the combination of these factors make fine-tuning 'large' d-LLMs not feasible for cybersecurity practitioners?
What is the hypothesis that the authors are exploring regarding the precision and recall of LLMs?, The hypothesis is that removing specifics like ATT&CK tactics from prompts may improve precision and recall for LLMs.,doc_9_34,What hypothesis are the authors exploring?,What is the focus of this hypothesis regarding precision?,What is the focus of this hypothesis regarding recall?
How did the authors design their prompt to assess how d-LLM with RAG may respond differently?, The authors designed a prompt without specific ATT&CK tactics to assess how d-LLM with RAG may respond differently.,doc_9_34,How did the authors design their prompt?,What aspects of d-LLM with RAG were they aiming to assess?,How did they intend to measure differences in response?
What specific tools did MuddyWater use for credential dumping?, MuddyWater used Mimikatz and procdump64.exe for credential dumping.,doc_9_35,What tools did MuddyWater use for credential dumping?,Which specific tool was most commonly used by MuddyWater for credential dumping?,Can you list all the tools MuddyWater employed for credential dumping?
Which other groups were mentioned as using similar procedures to MuddyWater?, APT39 and APT32 were mentioned as using similar procedures to MuddyWater.,doc_9_35,Which groups were mentioned as using similar procedures?,What are the similar procedures used by MuddyWater?,Are there any other groups besides MuddyWater that use these procedures?
What are the potential follow-up adversary actions mentioned in the text?, The potential follow-up adversary actions mentioned are 'Lateral Movement' and 'Privilege Escalation'.,doc_9_37,What are the potential adversary actions mentioned?,Are there any follow-up actions mentioned?,What is the text referring to?
"Which tools does the cyber adversary use for credential dumping, according to the text?", The cyber adversary uses Mimikatz and proc-dump64.exe for credential dumping.,doc_9_37,Which tools are mentioned in the text?,What is credential dumping?,How do these tools relate to credential dumping?
What does the text suggest about the use of specific instructions with d-LLMs and RAG?," The document suggests that using d-LLMs with RAG may be better off without too specific instructions, as more generic prompts can lead to better precision.",doc_9_39,What does the text suggest about the use of specific instructions with d-LLMs?,What does the text suggest about the use of specific instructions with RAG?,How do the suggestions for d-LLMs and RAG compare in terms of using specific instructions?
"Why might providing more generic prompts lead to better precision, according to the text?"," Providing more generic prompts could lead to better precision due to the generative power of d-LLMs, which helps derive more precise final answers.",doc_9_39,Why might providing more generic prompts lead to better precision?,"According to the text, what is the relationship between prompt specificity and precision?",How does the text explain the impact of prompt generality on precision?
What did the study show about the performance of d-LLM with RAG when using a more generic prompt?, The study showed that d-LLM with RAG using a more generic prompt offered higher precision and better elaboration.,doc_9_41,What did the study show about the performance of d-LLM with RAG?,How did using a more generic prompt affect the performance of d-LLM with RAG?,What specific aspects of performance were highlighted in the study regarding d-LLM with RAG and the use of a more generic prompt?
"How might practical cyber-ops benefit from the envisioned computationally efficient, fine-tuned d-LLM with RAG?"," Practical cyber-ops might benefit from a computationally efficient, fine-tuned d-LLM with RAG by receiving elaborated responses with meaningful contextual reasoning.",doc_9_41,How might practical cyber-ops benefit from the computationally efficient aspect of d-LLM with RAG?,How might practical cyber-ops benefit from the fine-tuned aspect of d-LLM with RAG?,How might practical cyber-ops benefit from the integration of RAG in d-LLM?
What is the title of the paper presented at the 61st Annual Meeting of the Association for Computational Linguistics?," The title of the paper presented at the 61st Annual Meeting of the Association for Computational Linguistics is ""non-parametric memories.""",doc_9_45,What is the title of the paper?,Where was the paper presented?,When was the meeting held?
Who are the authors of the survey on recent advances in natural language processing via large pre-trained language models?," Bonan Min, Hayley Ross, Elior Sulem, Amir Pouran Ben Veyseh, Thien Huu Nguyen, Oscar Sainz, Eneko Agirre, Ilana Heintz, and Dan Roth",doc_9_45,Who conducted the survey?,What is the topic of the survey?,Which models were covered in the survey?
What is the title of the paper by Clemens Sauerwein and Alexander Pfohl?," The title of the paper by Clemens Sauerwein and Alexander Pfohl is ""Towards automated classification of attackers’ TTPs by combining NLP with ML techniques"".",doc_9_47,What are the authors' names?,Who is Clemens Sauerwein?,Who is Alexander Pfohl?
Which conference or journal did the paper 'Attention is all you need' appear in?, The paper 'Attention is all you need' appeared in Advances in Neural Information Processing Systems.,doc_9_47,Where did the paper 'Attention is all you need' appear?,Was it a conference or journal?,What was the name of the conference or journal?
